grib_id,hrap_x,hrap_y,bin_area,center_lon,center_lat,time,day,hour,month_day,rain_mm,year,month
182138,536,163,62990,-99.6144,29.9102,2025-07-01T00:00:00Z,1,0,7_1,2.625,2025,7
182138,536,163,62990,-99.6144,29.9102,2025-07-01T01:00:00Z,1,1,7_1,0.5,2025,7
182138,536,163,62990,-99.6144,29.9102,2025-07-01T02:00:00Z,1,2,7_1,0,2025,7
182138,536,163,62990,-99.6144,29.9102,2025-07-01T03:00:00Z,1,3,7_1,0,2025,7
182138,536,163,62990,-99.6144,29.9102,2025-07-01T04:00:00Z,1,4,7_1,0,2025,7
182138,536,163,62990,-99.6144,29.9102,2025-07-01T05:00:00Z,1,5,7_1,0,2025,7
182138,536,163,62990,-99.6144,29.9102,2025-07-01T06:00:00Z,1,6,7_1,0,2025,7
182138,536,163,62990,-99.6144,29.9102,2025-07-01T07:00:00Z,1,7,7_1,0,2025,7
182138,536,163,62990,-99.6144,29.9102,2025-07-01T08:00:00Z,1,8,7_1,0,2025,7
182138,536,163,62990,-99.6144,29.9102,2025-07-01T09:00:00Z,1,9,7_1,1.25,2025,7
182138,536,163,62990,-99.6144,29.9102,2025-07-01T10:00:00Z,1,10,7_1,0.125,2025,7
182138,536,163,62990,-99.6144,29.9102,2025-07-01T11:00:00Z,1,11,7_1,0,2025,7
182138,536,163,62990,-99.6144,29.9102,2025-07-01T12:00:00Z,1,12,7_1,0,2025,7
182138,536,163,62990,-99.6144,29.9102,2025-07-01T13:00:00Z,1,13,7_1,0.125,2025,7
182138,536,163,62990,-99.6144,29.9102,2025-07-01T14:00:00Z,1,14,7_1,0,2025,7
182138,536,163,62990,-99.6144,29.9102,2025-07-01T15:00:00Z,1,15,7_1,0,2025,7
182138,536,163,62990,-99.6144,29.9102,2025-07-01T16:00:00Z,1,16,7_1,0,2025,7
182138,536,163,62990,-99.6144,29.9102,2025-07-01T17:00:00Z,1,17,7_1,0,2025,7
182138,536,163,62990,-99.6144,29.9102,2025-07-01T18:00:00Z,1,18,7_1,0.375,2025,7
182138,536,163,62990,-99.6144,29.9102,2025-07-01T19:00:00Z,1,19,7_1,0,2025,7
182138,536,163,62990,-99.6144,29.9102,2025-07-01T20:00:00Z,1,20,7_1,1.75,2025,7
182138,536,163,62990,-99.6144,29.9102,2025-07-01T21:00:00Z,1,21,7_1,1.5,2025,7
182138,536,163,62990,-99.6144,29.9102,2025-07-01T22:00:00Z,1,22,7_1,0,2025,7
182138,536,163,62990,-99.6144,29.9102,2025-07-01T23:00:00Z,1,23,7_1,0,2025,7
182138,536,163,62990,-99.6144,29.9102,2025-07-02T00:00:00Z,2,0,7_2,0,2025,7
182138,536,163,62990,-99.6144,29.9102,2025-07-02T01:00:00Z,2,1,7_2,0,2025,7
182138,536,163,62990,-99.6144,29.9102,2025-07-02T02:00:00Z,2,2,7_2,0.25,2025,7
182138,536,163,62990,-99.6144,29.9102,2025-07-02T03:00:00Z,2,3,7_2,0.375,2025,7
182138,536,163,62990,-99.6144,29.9102,2025-07-02T04:00:00Z,2,4,7_2,0,2025,7
182138,536,163,62990,-99.6144,29.9102,2025-07-02T05:00:00Z,2,5,7_2,0,2025,7
182138,536,163,62990,-99.6144,29.9102,2025-07-02T06:00:00Z,2,6,7_2,0,2025,7
182138,536,163,62990,-99.6144,29.9102,2025-07-02T07:00:00Z,2,7,7_2,0,2025,7
182138,536,163,62990,-99.6144,29.9102,2025-07-02T08:00:00Z,2,8,7_2,0,2025,7
182138,536,163,62990,-99.6144,29.9102,2025-07-02T09:00:00Z,2,9,7_2,0.5,2025,7
182138,536,163,62990,-99.6144,29.9102,2025-07-02T10:00:00Z,2,10,7_2,0.25,2025,7
182138,536,163,62990,-99.6144,29.9102,2025-07-02T11:00:00Z,2,11,7_2,0.625,2025,7
182138,536,163,62990,-99.6144,29.9102,2025-07-02T12:00:00Z,2,12,7_2,0.5,2025,7
182138,536,163,62990,-99.6144,29.9102,2025-07-02T13:00:00Z,2,13,7_2,0.125,2025,7
182138,536,163,62990,-99.6144,29.9102,2025-07-02T14:00:00Z,2,14,7_2,0.125,2025,7
182138,536,163,62990,-99.6144,29.9102,2025-07-02T15:00:00Z,2,15,7_2,0.125,2025,7
182138,536,163,62990,-99.6144,29.9102,2025-07-02T16:00:00Z,2,16,7_2,0,2025,7
182138,536,163,62990,-99.6144,29.9102,2025-07-02T17:00:00Z,2,17,7_2,8.75,2025,7
182138,536,163,62990,-99.6144,29.9102,2025-07-02T18:00:00Z,2,18,7_2,0,2025,7
182138,536,163,62990,-99.6144,29.9102,2025-07-02T19:00:00Z,2,19,7_2,7.875,2025,7
182138,536,163,62990,-99.6144,29.9102,2025-07-02T20:00:00Z,2,20,7_2,2.5,2025,7
182138,536,163,62990,-99.6144,29.9102,2025-07-02T21:00:00Z,2,21,7_2,3.625,2025,7
182138,536,163,62990,-99.6144,29.9102,2025-07-02T22:00:00Z,2,22,7_2,0,2025,7
182138,536,163,62990,-99.6144,29.9102,2025-07-02T23:00:00Z,2,23,7_2,0.5,2025,7
182138,536,163,62990,-99.6144,29.9102,2025-07-03T00:00:00Z,3,0,7_3,0,2025,7
182138,536,163,62990,-99.6144,29.9102,2025-07-03T01:00:00Z,3,1,7_3,0,2025,7
182138,536,163,62990,-99.6144,29.9102,2025-07-03T02:00:00Z,3,2,7_3,0,2025,7
182138,536,163,62990,-99.6144,29.9102,2025-07-03T03:00:00Z,3,3,7_3,0,2025,7
182138,536,163,62990,-99.6144,29.9102,2025-07-03T04:00:00Z,3,4,7_3,0,2025,7
182138,536,163,62990,-99.6144,29.9102,2025-07-03T05:00:00Z,3,5,7_3,0,2025,7
182138,536,163,62990,-99.6144,29.9102,2025-07-03T06:00:00Z,3,6,7_3,0,2025,7
182138,536,163,62990,-99.6144,29.9102,2025-07-03T07:00:00Z,3,7,7_3,0,2025,7
182138,536,163,62990,-99.6144,29.9102,2025-07-03T08:00:00Z,3,8,7_3,0,2025,7
182138,536,163,62990,-99.6144,29.9102,2025-07-03T09:00:00Z,3,9,7_3,0,2025,7
182138,536,163,62990,-99.6144,29.9102,2025-07-03T10:00:00Z,3,10,7_3,0,2025,7
182138,536,163,62990,-99.6144,29.9102,2025-07-03T11:00:00Z,3,11,7_3,0,2025,7
182138,536,163,62990,-99.6144,29.9102,2025-07-03T12:00:00Z,3,12,7_3,0,2025,7
182138,536,163,62990,-99.6144,29.9102,2025-07-03T13:00:00Z,3,13,7_3,0,2025,7
182138,536,163,62990,-99.6144,29.9102,2025-07-03T14:00:00Z,3,14,7_3,0,2025,7
182138,536,163,62990,-99.6144,29.9102,2025-07-03T15:00:00Z,3,15,7_3,0,2025,7
182138,536,163,62990,-99.6144,29.9102,2025-07-03T16:00:00Z,3,16,7_3,0,2025,7
182138,536,163,62990,-99.6144,29.9102,2025-07-03T17:00:00Z,3,17,7_3,0,2025,7
182138,536,163,62990,-99.6144,29.9102,2025-07-03T18:00:00Z,3,18,7_3,0,2025,7
182138,536,163,62990,-99.6144,29.9102,2025-07-03T19:00:00Z,3,19,7_3,0,2025,7
182138,536,163,62990,-99.6144,29.9102,2025-07-03T20:00:00Z,3,20,7_3,0,2025,7
182138,536,163,62990,-99.6144,29.9102,2025-07-03T21:00:00Z,3,21,7_3,0,2025,7
182138,536,163,62990,-99.6144,29.9102,2025-07-03T22:00:00Z,3,22,7_3,0,2025,7
182138,536,163,62990,-99.6144,29.9102,2025-07-03T23:00:00Z,3,23,7_3,0,2025,7
182138,536,163,62990,-99.6144,29.9102,2025-07-04T00:00:00Z,4,0,7_4,0,2025,7
182138,536,163,62990,-99.6144,29.9102,2025-07-04T01:00:00Z,4,1,7_4,0,2025,7
182138,536,163,62990,-99.6144,29.9102,2025-07-04T02:00:00Z,4,2,7_4,0,2025,7
182138,536,163,62990,-99.6144,29.9102,2025-07-04T03:00:00Z,4,3,7_4,0,2025,7
182138,536,163,62990,-99.6144,29.9102,2025-07-04T04:00:00Z,4,4,7_4,0,2025,7
182138,536,163,62990,-99.6144,29.9102,2025-07-04T05:00:00Z,4,5,7_4,1,2025,7
182138,536,163,62990,-99.6144,29.9102,2025-07-04T06:00:00Z,4,6,7_4,20.875,2025,7
182138,536,163,62990,-99.6144,29.9102,2025-07-04T07:00:00Z,4,7,7_4,5.875,2025,7
182138,536,163,62990,-99.6144,29.9102,2025-07-04T08:00:00Z,4,8,7_4,22.5,2025,7
182138,536,163,62990,-99.6144,29.9102,2025-07-04T09:00:00Z,4,9,7_4,1.125,2025,7
182138,536,163,62990,-99.6144,29.9102,2025-07-04T10:00:00Z,4,10,7_4,5.25,2025,7
182138,536,163,62990,-99.6144,29.9102,2025-07-04T11:00:00Z,4,11,7_4,5.5,2025,7
182138,536,163,62990,-99.6144,29.9102,2025-07-04T12:00:00Z,4,12,7_4,2.375,2025,7
182138,536,163,62990,-99.6144,29.9102,2025-07-04T13:00:00Z,4,13,7_4,1.25,2025,7
182138,536,163,62990,-99.6144,29.9102,2025-07-04T14:00:00Z,4,14,7_4,2.5,2025,7
182138,536,163,62990,-99.6144,29.9102,2025-07-04T15:00:00Z,4,15,7_4,23.625,2025,7
182138,536,163,62990,-99.6144,29.9102,2025-07-04T16:00:00Z,4,16,7_4,9.875,2025,7
182138,536,163,62990,-99.6144,29.9102,2025-07-04T17:00:00Z,4,17,7_4,10.625,2025,7
182138,536,163,62990,-99.6144,29.9102,2025-07-04T18:00:00Z,4,18,7_4,1.625,2025,7
182138,536,163,62990,-99.6144,29.9102,2025-07-04T19:00:00Z,4,19,7_4,0.75,2025,7
182138,536,163,62990,-99.6144,29.9102,2025-07-04T20:00:00Z,4,20,7_4,0.25,2025,7
182138,536,163,62990,-99.6144,29.9102,2025-07-04T21:00:00Z,4,21,7_4,0,2025,7
182138,536,163,62990,-99.6144,29.9102,2025-07-04T22:00:00Z,4,22,7_4,0,2025,7
182138,536,163,62990,-99.6144,29.9102,2025-07-04T23:00:00Z,4,23,7_4,0,2025,7
182139,537,163,4094877,-99.5749,29.907,2025-07-01T00:00:00Z,1,0,7_1,2.375,2025,7
182139,537,163,4094877,-99.5749,29.907,2025-07-01T01:00:00Z,1,1,7_1,0.375,2025,7
182139,537,163,4094877,-99.5749,29.907,2025-07-01T02:00:00Z,1,2,7_1,0,2025,7
182139,537,163,4094877,-99.5749,29.907,2025-07-01T03:00:00Z,1,3,7_1,0,2025,7
182139,537,163,4094877,-99.5749,29.907,2025-07-01T04:00:00Z,1,4,7_1,0,2025,7
182139,537,163,4094877,-99.5749,29.907,2025-07-01T05:00:00Z,1,5,7_1,0,2025,7
182139,537,163,4094877,-99.5749,29.907,2025-07-01T06:00:00Z,1,6,7_1,0,2025,7
182139,537,163,4094877,-99.5749,29.907,2025-07-01T07:00:00Z,1,7,7_1,0,2025,7
182139,537,163,4094877,-99.5749,29.907,2025-07-01T08:00:00Z,1,8,7_1,0,2025,7
182139,537,163,4094877,-99.5749,29.907,2025-07-01T09:00:00Z,1,9,7_1,1,2025,7
182139,537,163,4094877,-99.5749,29.907,2025-07-01T10:00:00Z,1,10,7_1,0,2025,7
182139,537,163,4094877,-99.5749,29.907,2025-07-01T11:00:00Z,1,11,7_1,0,2025,7
182139,537,163,4094877,-99.5749,29.907,2025-07-01T12:00:00Z,1,12,7_1,0,2025,7
182139,537,163,4094877,-99.5749,29.907,2025-07-01T13:00:00Z,1,13,7_1,0.25,2025,7
182139,537,163,4094877,-99.5749,29.907,2025-07-01T14:00:00Z,1,14,7_1,0,2025,7
182139,537,163,4094877,-99.5749,29.907,2025-07-01T15:00:00Z,1,15,7_1,0,2025,7
182139,537,163,4094877,-99.5749,29.907,2025-07-01T16:00:00Z,1,16,7_1,0,2025,7
182139,537,163,4094877,-99.5749,29.907,2025-07-01T17:00:00Z,1,17,7_1,0,2025,7
182139,537,163,4094877,-99.5749,29.907,2025-07-01T18:00:00Z,1,18,7_1,0.25,2025,7
182139,537,163,4094877,-99.5749,29.907,2025-07-01T19:00:00Z,1,19,7_1,0,2025,7
182139,537,163,4094877,-99.5749,29.907,2025-07-01T20:00:00Z,1,20,7_1,1,2025,7
182139,537,163,4094877,-99.5749,29.907,2025-07-01T21:00:00Z,1,21,7_1,0.375,2025,7
182139,537,163,4094877,-99.5749,29.907,2025-07-01T22:00:00Z,1,22,7_1,0,2025,7
182139,537,163,4094877,-99.5749,29.907,2025-07-01T23:00:00Z,1,23,7_1,0,2025,7
182139,537,163,4094877,-99.5749,29.907,2025-07-02T00:00:00Z,2,0,7_2,0,2025,7
182139,537,163,4094877,-99.5749,29.907,2025-07-02T01:00:00Z,2,1,7_2,0,2025,7
182139,537,163,4094877,-99.5749,29.907,2025-07-02T02:00:00Z,2,2,7_2,0.25,2025,7
182139,537,163,4094877,-99.5749,29.907,2025-07-02T03:00:00Z,2,3,7_2,1.5,2025,7
182139,537,163,4094877,-99.5749,29.907,2025-07-02T04:00:00Z,2,4,7_2,0,2025,7
182139,537,163,4094877,-99.5749,29.907,2025-07-02T05:00:00Z,2,5,7_2,0,2025,7
182139,537,163,4094877,-99.5749,29.907,2025-07-02T06:00:00Z,2,6,7_2,0,2025,7
182139,537,163,4094877,-99.5749,29.907,2025-07-02T07:00:00Z,2,7,7_2,0,2025,7
182139,537,163,4094877,-99.5749,29.907,2025-07-02T08:00:00Z,2,8,7_2,0,2025,7
182139,537,163,4094877,-99.5749,29.907,2025-07-02T09:00:00Z,2,9,7_2,0.625,2025,7
182139,537,163,4094877,-99.5749,29.907,2025-07-02T10:00:00Z,2,10,7_2,0,2025,7
182139,537,163,4094877,-99.5749,29.907,2025-07-02T11:00:00Z,2,11,7_2,0,2025,7
182139,537,163,4094877,-99.5749,29.907,2025-07-02T12:00:00Z,2,12,7_2,0.5,2025,7
182139,537,163,4094877,-99.5749,29.907,2025-07-02T13:00:00Z,2,13,7_2,0.125,2025,7
182139,537,163,4094877,-99.5749,29.907,2025-07-02T14:00:00Z,2,14,7_2,0.75,2025,7
182139,537,163,4094877,-99.5749,29.907,2025-07-02T15:00:00Z,2,15,7_2,0,2025,7
182139,537,163,4094877,-99.5749,29.907,2025-07-02T16:00:00Z,2,16,7_2,0,2025,7
182139,537,163,4094877,-99.5749,29.907,2025-07-02T17:00:00Z,2,17,7_2,5.125,2025,7
182139,537,163,4094877,-99.5749,29.907,2025-07-02T18:00:00Z,2,18,7_2,0.875,2025,7
182139,537,163,4094877,-99.5749,29.907,2025-07-02T19:00:00Z,2,19,7_2,9.375,2025,7
182139,537,163,4094877,-99.5749,29.907,2025-07-02T20:00:00Z,2,20,7_2,2.5,2025,7
182139,537,163,4094877,-99.5749,29.907,2025-07-02T21:00:00Z,2,21,7_2,3.5,2025,7
182139,537,163,4094877,-99.5749,29.907,2025-07-02T22:00:00Z,2,22,7_2,0,2025,7
182139,537,163,4094877,-99.5749,29.907,2025-07-02T23:00:00Z,2,23,7_2,0.25,2025,7
182139,537,163,4094877,-99.5749,29.907,2025-07-03T00:00:00Z,3,0,7_3,0,2025,7
182139,537,163,4094877,-99.5749,29.907,2025-07-03T01:00:00Z,3,1,7_3,0,2025,7
182139,537,163,4094877,-99.5749,29.907,2025-07-03T02:00:00Z,3,2,7_3,0,2025,7
182139,537,163,4094877,-99.5749,29.907,2025-07-03T03:00:00Z,3,3,7_3,0,2025,7
182139,537,163,4094877,-99.5749,29.907,2025-07-03T04:00:00Z,3,4,7_3,0,2025,7
182139,537,163,4094877,-99.5749,29.907,2025-07-03T05:00:00Z,3,5,7_3,0,2025,7
182139,537,163,4094877,-99.5749,29.907,2025-07-03T06:00:00Z,3,6,7_3,0,2025,7
182139,537,163,4094877,-99.5749,29.907,2025-07-03T07:00:00Z,3,7,7_3,0,2025,7
182139,537,163,4094877,-99.5749,29.907,2025-07-03T08:00:00Z,3,8,7_3,0,2025,7
182139,537,163,4094877,-99.5749,29.907,2025-07-03T09:00:00Z,3,9,7_3,0,2025,7
182139,537,163,4094877,-99.5749,29.907,2025-07-03T10:00:00Z,3,10,7_3,0,2025,7
182139,537,163,4094877,-99.5749,29.907,2025-07-03T11:00:00Z,3,11,7_3,0,2025,7
182139,537,163,4094877,-99.5749,29.907,2025-07-03T12:00:00Z,3,12,7_3,0,2025,7
182139,537,163,4094877,-99.5749,29.907,2025-07-03T13:00:00Z,3,13,7_3,0,2025,7
182139,537,163,4094877,-99.5749,29.907,2025-07-03T14:00:00Z,3,14,7_3,0,2025,7
182139,537,163,4094877,-99.5749,29.907,2025-07-03T15:00:00Z,3,15,7_3,0,2025,7
182139,537,163,4094877,-99.5749,29.907,2025-07-03T16:00:00Z,3,16,7_3,0.125,2025,7
182139,537,163,4094877,-99.5749,29.907,2025-07-03T17:00:00Z,3,17,7_3,0,2025,7
182139,537,163,4094877,-99.5749,29.907,2025-07-03T18:00:00Z,3,18,7_3,0,2025,7
182139,537,163,4094877,-99.5749,29.907,2025-07-03T19:00:00Z,3,19,7_3,0,2025,7
182139,537,163,4094877,-99.5749,29.907,2025-07-03T20:00:00Z,3,20,7_3,0,2025,7
182139,537,163,4094877,-99.5749,29.907,2025-07-03T21:00:00Z,3,21,7_3,0,2025,7
182139,537,163,4094877,-99.5749,29.907,2025-07-03T22:00:00Z,3,22,7_3,0,2025,7
182139,537,163,4094877,-99.5749,29.907,2025-07-03T23:00:00Z,3,23,7_3,0,2025,7
182139,537,163,4094877,-99.5749,29.907,2025-07-04T00:00:00Z,4,0,7_4,0,2025,7
182139,537,163,4094877,-99.5749,29.907,2025-07-04T01:00:00Z,4,1,7_4,0,2025,7
182139,537,163,4094877,-99.5749,29.907,2025-07-04T02:00:00Z,4,2,7_4,0,2025,7
182139,537,163,4094877,-99.5749,29.907,2025-07-04T03:00:00Z,4,3,7_4,0,2025,7
182139,537,163,4094877,-99.5749,29.907,2025-07-04T04:00:00Z,4,4,7_4,0,2025,7
182139,537,163,4094877,-99.5749,29.907,2025-07-04T05:00:00Z,4,5,7_4,1,2025,7
182139,537,163,4094877,-99.5749,29.907,2025-07-04T06:00:00Z,4,6,7_4,24,2025,7
182139,537,163,4094877,-99.5749,29.907,2025-07-04T07:00:00Z,4,7,7_4,20.25,2025,7
182139,537,163,4094877,-99.5749,29.907,2025-07-04T08:00:00Z,4,8,7_4,39.875,2025,7
182139,537,163,4094877,-99.5749,29.907,2025-07-04T09:00:00Z,4,9,7_4,6.5,2025,7
182139,537,163,4094877,-99.5749,29.907,2025-07-04T10:00:00Z,4,10,7_4,2.125,2025,7
182139,537,163,4094877,-99.5749,29.907,2025-07-04T11:00:00Z,4,11,7_4,4.625,2025,7
182139,537,163,4094877,-99.5749,29.907,2025-07-04T12:00:00Z,4,12,7_4,2.75,2025,7
182139,537,163,4094877,-99.5749,29.907,2025-07-04T13:00:00Z,4,13,7_4,1.375,2025,7
182139,537,163,4094877,-99.5749,29.907,2025-07-04T14:00:00Z,4,14,7_4,1.75,2025,7
182139,537,163,4094877,-99.5749,29.907,2025-07-04T15:00:00Z,4,15,7_4,20.25,2025,7
182139,537,163,4094877,-99.5749,29.907,2025-07-04T16:00:00Z,4,16,7_4,13.875,2025,7
182139,537,163,4094877,-99.5749,29.907,2025-07-04T17:00:00Z,4,17,7_4,11.625,2025,7
182139,537,163,4094877,-99.5749,29.907,2025-07-04T18:00:00Z,4,18,7_4,1.625,2025,7
182139,537,163,4094877,-99.5749,29.907,2025-07-04T19:00:00Z,4,19,7_4,0.375,2025,7
182139,537,163,4094877,-99.5749,29.907,2025-07-04T20:00:00Z,4,20,7_4,0.5,2025,7
182139,537,163,4094877,-99.5749,29.907,2025-07-04T21:00:00Z,4,21,7_4,0,2025,7
182139,537,163,4094877,-99.5749,29.907,2025-07-04T22:00:00Z,4,22,7_4,0,2025,7
182139,537,163,4094877,-99.5749,29.907,2025-07-04T23:00:00Z,4,23,7_4,0,2025,7
182140,538,163,5601001,-99.5354,29.9037,2025-07-01T00:00:00Z,1,0,7_1,2.25,2025,7
182140,538,163,5601001,-99.5354,29.9037,2025-07-01T01:00:00Z,1,1,7_1,0.125,2025,7
182140,538,163,5601001,-99.5354,29.9037,2025-07-01T02:00:00Z,1,2,7_1,0,2025,7
182140,538,163,5601001,-99.5354,29.9037,2025-07-01T03:00:00Z,1,3,7_1,0,2025,7
182140,538,163,5601001,-99.5354,29.9037,2025-07-01T04:00:00Z,1,4,7_1,0,2025,7
182140,538,163,5601001,-99.5354,29.9037,2025-07-01T05:00:00Z,1,5,7_1,0,2025,7
182140,538,163,5601001,-99.5354,29.9037,2025-07-01T06:00:00Z,1,6,7_1,0,2025,7
182140,538,163,5601001,-99.5354,29.9037,2025-07-01T07:00:00Z,1,7,7_1,0,2025,7
182140,538,163,5601001,-99.5354,29.9037,2025-07-01T08:00:00Z,1,8,7_1,0,2025,7
182140,538,163,5601001,-99.5354,29.9037,2025-07-01T09:00:00Z,1,9,7_1,0.75,2025,7
182140,538,163,5601001,-99.5354,29.9037,2025-07-01T10:00:00Z,1,10,7_1,0.25,2025,7
182140,538,163,5601001,-99.5354,29.9037,2025-07-01T11:00:00Z,1,11,7_1,0,2025,7
182140,538,163,5601001,-99.5354,29.9037,2025-07-01T12:00:00Z,1,12,7_1,0,2025,7
182140,538,163,5601001,-99.5354,29.9037,2025-07-01T13:00:00Z,1,13,7_1,0,2025,7
182140,538,163,5601001,-99.5354,29.9037,2025-07-01T14:00:00Z,1,14,7_1,0,2025,7
182140,538,163,5601001,-99.5354,29.9037,2025-07-01T15:00:00Z,1,15,7_1,0,2025,7
182140,538,163,5601001,-99.5354,29.9037,2025-07-01T16:00:00Z,1,16,7_1,0,2025,7
182140,538,163,5601001,-99.5354,29.9037,2025-07-01T17:00:00Z,1,17,7_1,0,2025,7
182140,538,163,5601001,-99.5354,29.9037,2025-07-01T18:00:00Z,1,18,7_1,0,2025,7
182140,538,163,5601001,-99.5354,29.9037,2025-07-01T19:00:00Z,1,19,7_1,0,2025,7
182140,538,163,5601001,-99.5354,29.9037,2025-07-01T20:00:00Z,1,20,7_1,0,2025,7
182140,538,163,5601001,-99.5354,29.9037,2025-07-01T21:00:00Z,1,21,7_1,0,2025,7
182140,538,163,5601001,-99.5354,29.9037,2025-07-01T22:00:00Z,1,22,7_1,0,2025,7
182140,538,163,5601001,-99.5354,29.9037,2025-07-01T23:00:00Z,1,23,7_1,0,2025,7
182140,538,163,5601001,-99.5354,29.9037,2025-07-02T00:00:00Z,2,0,7_2,0,2025,7
182140,538,163,5601001,-99.5354,29.9037,2025-07-02T01:00:00Z,2,1,7_2,0,2025,7
182140,538,163,5601001,-99.5354,29.9037,2025-07-02T02:00:00Z,2,2,7_2,0.25,2025,7
182140,538,163,5601001,-99.5354,29.9037,2025-07-02T03:00:00Z,2,3,7_2,1.625,2025,7
182140,538,163,5601001,-99.5354,29.9037,2025-07-02T04:00:00Z,2,4,7_2,0,2025,7
182140,538,163,5601001,-99.5354,29.9037,2025-07-02T05:00:00Z,2,5,7_2,0,2025,7
182140,538,163,5601001,-99.5354,29.9037,2025-07-02T06:00:00Z,2,6,7_2,0,2025,7
182140,538,163,5601001,-99.5354,29.9037,2025-07-02T07:00:00Z,2,7,7_2,0,2025,7
182140,538,163,5601001,-99.5354,29.9037,2025-07-02T08:00:00Z,2,8,7_2,0,2025,7
182140,538,163,5601001,-99.5354,29.9037,2025-07-02T09:00:00Z,2,9,7_2,0.5,2025,7
182140,538,163,5601001,-99.5354,29.9037,2025-07-02T10:00:00Z,2,10,7_2,0,2025,7
182140,538,163,5601001,-99.5354,29.9037,2025-07-02T11:00:00Z,2,11,7_2,0,2025,7
182140,538,163,5601001,-99.5354,29.9037,2025-07-02T12:00:00Z,2,12,7_2,0.75,2025,7
182140,538,163,5601001,-99.5354,29.9037,2025-07-02T13:00:00Z,2,13,7_2,0.5,2025,7
182140,538,163,5601001,-99.5354,29.9037,2025-07-02T14:00:00Z,2,14,7_2,0.75,2025,7
182140,538,163,5601001,-99.5354,29.9037,2025-07-02T15:00:00Z,2,15,7_2,0,2025,7
182140,538,163,5601001,-99.5354,29.9037,2025-07-02T16:00:00Z,2,16,7_2,0,2025,7
182140,538,163,5601001,-99.5354,29.9037,2025-07-02T17:00:00Z,2,17,7_2,2.625,2025,7
182140,538,163,5601001,-99.5354,29.9037,2025-07-02T18:00:00Z,2,18,7_2,1.5,2025,7
182140,538,163,5601001,-99.5354,29.9037,2025-07-02T19:00:00Z,2,19,7_2,7.5,2025,7
182140,538,163,5601001,-99.5354,29.9037,2025-07-02T20:00:00Z,2,20,7_2,6,2025,7
182140,538,163,5601001,-99.5354,29.9037,2025-07-02T21:00:00Z,2,21,7_2,4.375,2025,7
182140,538,163,5601001,-99.5354,29.9037,2025-07-02T22:00:00Z,2,22,7_2,0,2025,7
182140,538,163,5601001,-99.5354,29.9037,2025-07-02T23:00:00Z,2,23,7_2,0,2025,7
182140,538,163,5601001,-99.5354,29.9037,2025-07-03T00:00:00Z,3,0,7_3,0,2025,7
182140,538,163,5601001,-99.5354,29.9037,2025-07-03T01:00:00Z,3,1,7_3,0,2025,7
182140,538,163,5601001,-99.5354,29.9037,2025-07-03T02:00:00Z,3,2,7_3,0,2025,7
182140,538,163,5601001,-99.5354,29.9037,2025-07-03T03:00:00Z,3,3,7_3,0.125,2025,7
182140,538,163,5601001,-99.5354,29.9037,2025-07-03T04:00:00Z,3,4,7_3,0,2025,7
182140,538,163,5601001,-99.5354,29.9037,2025-07-03T05:00:00Z,3,5,7_3,0,2025,7
182140,538,163,5601001,-99.5354,29.9037,2025-07-03T06:00:00Z,3,6,7_3,0,2025,7
182140,538,163,5601001,-99.5354,29.9037,2025-07-03T07:00:00Z,3,7,7_3,0,2025,7
182140,538,163,5601001,-99.5354,29.9037,2025-07-03T08:00:00Z,3,8,7_3,0,2025,7
182140,538,163,5601001,-99.5354,29.9037,2025-07-03T09:00:00Z,3,9,7_3,0,2025,7
182140,538,163,5601001,-99.5354,29.9037,2025-07-03T10:00:00Z,3,10,7_3,0,2025,7
182140,538,163,5601001,-99.5354,29.9037,2025-07-03T11:00:00Z,3,11,7_3,0,2025,7
182140,538,163,5601001,-99.5354,29.9037,2025-07-03T12:00:00Z,3,12,7_3,0,2025,7
182140,538,163,5601001,-99.5354,29.9037,2025-07-03T13:00:00Z,3,13,7_3,0,2025,7
182140,538,163,5601001,-99.5354,29.9037,2025-07-03T14:00:00Z,3,14,7_3,0,2025,7
182140,538,163,5601001,-99.5354,29.9037,2025-07-03T15:00:00Z,3,15,7_3,0,2025,7
182140,538,163,5601001,-99.5354,29.9037,2025-07-03T16:00:00Z,3,16,7_3,0.125,2025,7
182140,538,163,5601001,-99.5354,29.9037,2025-07-03T17:00:00Z,3,17,7_3,0,2025,7
182140,538,163,5601001,-99.5354,29.9037,2025-07-03T18:00:00Z,3,18,7_3,0,2025,7
182140,538,163,5601001,-99.5354,29.9037,2025-07-03T19:00:00Z,3,19,7_3,0.125,2025,7
182140,538,163,5601001,-99.5354,29.9037,2025-07-03T20:00:00Z,3,20,7_3,0,2025,7
182140,538,163,5601001,-99.5354,29.9037,2025-07-03T21:00:00Z,3,21,7_3,0,2025,7
182140,538,163,5601001,-99.5354,29.9037,2025-07-03T22:00:00Z,3,22,7_3,0,2025,7
182140,538,163,5601001,-99.5354,29.9037,2025-07-03T23:00:00Z,3,23,7_3,0,2025,7
182140,538,163,5601001,-99.5354,29.9037,2025-07-04T00:00:00Z,4,0,7_4,0,2025,7
182140,538,163,5601001,-99.5354,29.9037,2025-07-04T01:00:00Z,4,1,7_4,0,2025,7
182140,538,163,5601001,-99.5354,29.9037,2025-07-04T02:00:00Z,4,2,7_4,0,2025,7
182140,538,163,5601001,-99.5354,29.9037,2025-07-04T03:00:00Z,4,3,7_4,0,2025,7
182140,538,163,5601001,-99.5354,29.9037,2025-07-04T04:00:00Z,4,4,7_4,0.25,2025,7
182140,538,163,5601001,-99.5354,29.9037,2025-07-04T05:00:00Z,4,5,7_4,1.375,2025,7
182140,538,163,5601001,-99.5354,29.9037,2025-07-04T06:00:00Z,4,6,7_4,17.75,2025,7
182140,538,163,5601001,-99.5354,29.9037,2025-07-04T07:00:00Z,4,7,7_4,25.25,2025,7
182140,538,163,5601001,-99.5354,29.9037,2025-07-04T08:00:00Z,4,8,7_4,55.125,2025,7
182140,538,163,5601001,-99.5354,29.9037,2025-07-04T09:00:00Z,4,9,7_4,12.375,2025,7
182140,538,163,5601001,-99.5354,29.9037,2025-07-04T10:00:00Z,4,10,7_4,1.125,2025,7
182140,538,163,5601001,-99.5354,29.9037,2025-07-04T11:00:00Z,4,11,7_4,3.5,2025,7
182140,538,163,5601001,-99.5354,29.9037,2025-07-04T12:00:00Z,4,12,7_4,3.125,2025,7
182140,538,163,5601001,-99.5354,29.9037,2025-07-04T13:00:00Z,4,13,7_4,1.375,2025,7
182140,538,163,5601001,-99.5354,29.9037,2025-07-04T14:00:00Z,4,14,7_4,1.625,2025,7
182140,538,163,5601001,-99.5354,29.9037,2025-07-04T15:00:00Z,4,15,7_4,13.25,2025,7
182140,538,163,5601001,-99.5354,29.9037,2025-07-04T16:00:00Z,4,16,7_4,17.875,2025,7
182140,538,163,5601001,-99.5354,29.9037,2025-07-04T17:00:00Z,4,17,7_4,12.25,2025,7
182140,538,163,5601001,-99.5354,29.9037,2025-07-04T18:00:00Z,4,18,7_4,1.75,2025,7
182140,538,163,5601001,-99.5354,29.9037,2025-07-04T19:00:00Z,4,19,7_4,0.125,2025,7
182140,538,163,5601001,-99.5354,29.9037,2025-07-04T20:00:00Z,4,20,7_4,0.625,2025,7
182140,538,163,5601001,-99.5354,29.9037,2025-07-04T21:00:00Z,4,21,7_4,0,2025,7
182140,538,163,5601001,-99.5354,29.9037,2025-07-04T22:00:00Z,4,22,7_4,0,2025,7
182140,538,163,5601001,-99.5354,29.9037,2025-07-04T23:00:00Z,4,23,7_4,0,2025,7
182141,539,163,4425589,-99.4959,29.9005,2025-07-01T00:00:00Z,1,0,7_1,2.375,2025,7
182141,539,163,4425589,-99.4959,29.9005,2025-07-01T01:00:00Z,1,1,7_1,0,2025,7
182141,539,163,4425589,-99.4959,29.9005,2025-07-01T02:00:00Z,1,2,7_1,0,2025,7
182141,539,163,4425589,-99.4959,29.9005,2025-07-01T03:00:00Z,1,3,7_1,0,2025,7
182141,539,163,4425589,-99.4959,29.9005,2025-07-01T04:00:00Z,1,4,7_1,0,2025,7
182141,539,163,4425589,-99.4959,29.9005,2025-07-01T05:00:00Z,1,5,7_1,0,2025,7
182141,539,163,4425589,-99.4959,29.9005,2025-07-01T06:00:00Z,1,6,7_1,0,2025,7
182141,539,163,4425589,-99.4959,29.9005,2025-07-01T07:00:00Z,1,7,7_1,0,2025,7
182141,539,163,4425589,-99.4959,29.9005,2025-07-01T08:00:00Z,1,8,7_1,0,2025,7
182141,539,163,4425589,-99.4959,29.9005,2025-07-01T09:00:00Z,1,9,7_1,0.5,2025,7
182141,539,163,4425589,-99.4959,29.9005,2025-07-01T10:00:00Z,1,10,7_1,0.75,2025,7
182141,539,163,4425589,-99.4959,29.9005,2025-07-01T11:00:00Z,1,11,7_1,0,2025,7
182141,539,163,4425589,-99.4959,29.9005,2025-07-01T12:00:00Z,1,12,7_1,0,2025,7
182141,539,163,4425589,-99.4959,29.9005,2025-07-01T13:00:00Z,1,13,7_1,0,2025,7
182141,539,163,4425589,-99.4959,29.9005,2025-07-01T14:00:00Z,1,14,7_1,0.25,2025,7
182141,539,163,4425589,-99.4959,29.9005,2025-07-01T15:00:00Z,1,15,7_1,0,2025,7
182141,539,163,4425589,-99.4959,29.9005,2025-07-01T16:00:00Z,1,16,7_1,0,2025,7
182141,539,163,4425589,-99.4959,29.9005,2025-07-01T17:00:00Z,1,17,7_1,0,2025,7
182141,539,163,4425589,-99.4959,29.9005,2025-07-01T18:00:00Z,1,18,7_1,0,2025,7
182141,539,163,4425589,-99.4959,29.9005,2025-07-01T19:00:00Z,1,19,7_1,0,2025,7
182141,539,163,4425589,-99.4959,29.9005,2025-07-01T20:00:00Z,1,20,7_1,0,2025,7
182141,539,163,4425589,-99.4959,29.9005,2025-07-01T21:00:00Z,1,21,7_1,0.25,2025,7
182141,539,163,4425589,-99.4959,29.9005,2025-07-01T22:00:00Z,1,22,7_1,0,2025,7
182141,539,163,4425589,-99.4959,29.9005,2025-07-01T23:00:00Z,1,23,7_1,0,2025,7
182141,539,163,4425589,-99.4959,29.9005,2025-07-02T00:00:00Z,2,0,7_2,0,2025,7
182141,539,163,4425589,-99.4959,29.9005,2025-07-02T01:00:00Z,2,1,7_2,0,2025,7
182141,539,163,4425589,-99.4959,29.9005,2025-07-02T02:00:00Z,2,2,7_2,0.625,2025,7
182141,539,163,4425589,-99.4959,29.9005,2025-07-02T03:00:00Z,2,3,7_2,2.25,2025,7
182141,539,163,4425589,-99.4959,29.9005,2025-07-02T04:00:00Z,2,4,7_2,0,2025,7
182141,539,163,4425589,-99.4959,29.9005,2025-07-02T05:00:00Z,2,5,7_2,0,2025,7
182141,539,163,4425589,-99.4959,29.9005,2025-07-02T06:00:00Z,2,6,7_2,0,2025,7
182141,539,163,4425589,-99.4959,29.9005,2025-07-02T07:00:00Z,2,7,7_2,0,2025,7
182141,539,163,4425589,-99.4959,29.9005,2025-07-02T08:00:00Z,2,8,7_2,0,2025,7
182141,539,163,4425589,-99.4959,29.9005,2025-07-02T09:00:00Z,2,9,7_2,0.125,2025,7
182141,539,163,4425589,-99.4959,29.9005,2025-07-02T10:00:00Z,2,10,7_2,0,2025,7
182141,539,163,4425589,-99.4959,29.9005,2025-07-02T11:00:00Z,2,11,7_2,0,2025,7
182141,539,163,4425589,-99.4959,29.9005,2025-07-02T12:00:00Z,2,12,7_2,1.375,2025,7
182141,539,163,4425589,-99.4959,29.9005,2025-07-02T13:00:00Z,2,13,7_2,0.625,2025,7
182141,539,163,4425589,-99.4959,29.9005,2025-07-02T14:00:00Z,2,14,7_2,0.5,2025,7
182141,539,163,4425589,-99.4959,29.9005,2025-07-02T15:00:00Z,2,15,7_2,0,2025,7
182141,539,163,4425589,-99.4959,29.9005,2025-07-02T16:00:00Z,2,16,7_2,0,2025,7
182141,539,163,4425589,-99.4959,29.9005,2025-07-02T17:00:00Z,2,17,7_2,2,2025,7
182141,539,163,4425589,-99.4959,29.9005,2025-07-02T18:00:00Z,2,18,7_2,3,2025,7
182141,539,163,4425589,-99.4959,29.9005,2025-07-02T19:00:00Z,2,19,7_2,4.75,2025,7
182141,539,163,4425589,-99.4959,29.9005,2025-07-02T20:00:00Z,2,20,7_2,11.875,2025,7
182141,539,163,4425589,-99.4959,29.9005,2025-07-02T21:00:00Z,2,21,7_2,6.25,2025,7
182141,539,163,4425589,-99.4959,29.9005,2025-07-02T22:00:00Z,2,22,7_2,0,2025,7
182141,539,163,4425589,-99.4959,29.9005,2025-07-02T23:00:00Z,2,23,7_2,0.625,2025,7
182141,539,163,4425589,-99.4959,29.9005,2025-07-03T00:00:00Z,3,0,7_3,0,2025,7
182141,539,163,4425589,-99.4959,29.9005,2025-07-03T01:00:00Z,3,1,7_3,0,2025,7
182141,539,163,4425589,-99.4959,29.9005,2025-07-03T02:00:00Z,3,2,7_3,0,2025,7
182141,539,163,4425589,-99.4959,29.9005,2025-07-03T03:00:00Z,3,3,7_3,0,2025,7
182141,539,163,4425589,-99.4959,29.9005,2025-07-03T04:00:00Z,3,4,7_3,0,2025,7
182141,539,163,4425589,-99.4959,29.9005,2025-07-03T05:00:00Z,3,5,7_3,0,2025,7
182141,539,163,4425589,-99.4959,29.9005,2025-07-03T06:00:00Z,3,6,7_3,0,2025,7
182141,539,163,4425589,-99.4959,29.9005,2025-07-03T07:00:00Z,3,7,7_3,0,2025,7
182141,539,163,4425589,-99.4959,29.9005,2025-07-03T08:00:00Z,3,8,7_3,0,2025,7
182141,539,163,4425589,-99.4959,29.9005,2025-07-03T09:00:00Z,3,9,7_3,0,2025,7
182141,539,163,4425589,-99.4959,29.9005,2025-07-03T10:00:00Z,3,10,7_3,0,2025,7
182141,539,163,4425589,-99.4959,29.9005,2025-07-03T11:00:00Z,3,11,7_3,0,2025,7
182141,539,163,4425589,-99.4959,29.9005,2025-07-03T12:00:00Z,3,12,7_3,0,2025,7
182141,539,163,4425589,-99.4959,29.9005,2025-07-03T13:00:00Z,3,13,7_3,0,2025,7
182141,539,163,4425589,-99.4959,29.9005,2025-07-03T14:00:00Z,3,14,7_3,0,2025,7
182141,539,163,4425589,-99.4959,29.9005,2025-07-03T15:00:00Z,3,15,7_3,0,2025,7
182141,539,163,4425589,-99.4959,29.9005,2025-07-03T16:00:00Z,3,16,7_3,0.125,2025,7
182141,539,163,4425589,-99.4959,29.9005,2025-07-03T17:00:00Z,3,17,7_3,0,2025,7
182141,539,163,4425589,-99.4959,29.9005,2025-07-03T18:00:00Z,3,18,7_3,0,2025,7
182141,539,163,4425589,-99.4959,29.9005,2025-07-03T19:00:00Z,3,19,7_3,0.125,2025,7
182141,539,163,4425589,-99.4959,29.9005,2025-07-03T20:00:00Z,3,20,7_3,0,2025,7
182141,539,163,4425589,-99.4959,29.9005,2025-07-03T21:00:00Z,3,21,7_3,0,2025,7
182141,539,163,4425589,-99.4959,29.9005,2025-07-03T22:00:00Z,3,22,7_3,0,2025,7
182141,539,163,4425589,-99.4959,29.9005,2025-07-03T23:00:00Z,3,23,7_3,0,2025,7
182141,539,163,4425589,-99.4959,29.9005,2025-07-04T00:00:00Z,4,0,7_4,0,2025,7
182141,539,163,4425589,-99.4959,29.9005,2025-07-04T01:00:00Z,4,1,7_4,0,2025,7
182141,539,163,4425589,-99.4959,29.9005,2025-07-04T02:00:00Z,4,2,7_4,0,2025,7
182141,539,163,4425589,-99.4959,29.9005,2025-07-04T03:00:00Z,4,3,7_4,0,2025,7
182141,539,163,4425589,-99.4959,29.9005,2025-07-04T04:00:00Z,4,4,7_4,0.75,2025,7
182141,539,163,4425589,-99.4959,29.9005,2025-07-04T05:00:00Z,4,5,7_4,3.5,2025,7
182141,539,163,4425589,-99.4959,29.9005,2025-07-04T06:00:00Z,4,6,7_4,16.625,2025,7
182141,539,163,4425589,-99.4959,29.9005,2025-07-04T07:00:00Z,4,7,7_4,31,2025,7
182141,539,163,4425589,-99.4959,29.9005,2025-07-04T08:00:00Z,4,8,7_4,76,2025,7
182141,539,163,4425589,-99.4959,29.9005,2025-07-04T09:00:00Z,4,9,7_4,17.75,2025,7
182141,539,163,4425589,-99.4959,29.9005,2025-07-04T10:00:00Z,4,10,7_4,0.5,2025,7
182141,539,163,4425589,-99.4959,29.9005,2025-07-04T11:00:00Z,4,11,7_4,2.25,2025,7
182141,539,163,4425589,-99.4959,29.9005,2025-07-04T12:00:00Z,4,12,7_4,3.625,2025,7
182141,539,163,4425589,-99.4959,29.9005,2025-07-04T13:00:00Z,4,13,7_4,1.5,2025,7
182141,539,163,4425589,-99.4959,29.9005,2025-07-04T14:00:00Z,4,14,7_4,1.5,2025,7
182141,539,163,4425589,-99.4959,29.9005,2025-07-04T15:00:00Z,4,15,7_4,8,2025,7
182141,539,163,4425589,-99.4959,29.9005,2025-07-04T16:00:00Z,4,16,7_4,25.375,2025,7
182141,539,163,4425589,-99.4959,29.9005,2025-07-04T17:00:00Z,4,17,7_4,12.75,2025,7
182141,539,163,4425589,-99.4959,29.9005,2025-07-04T18:00:00Z,4,18,7_4,2,2025,7
182141,539,163,4425589,-99.4959,29.9005,2025-07-04T19:00:00Z,4,19,7_4,0.25,2025,7
182141,539,163,4425589,-99.4959,29.9005,2025-07-04T20:00:00Z,4,20,7_4,0.625,2025,7
182141,539,163,4425589,-99.4959,29.9005,2025-07-04T21:00:00Z,4,21,7_4,0,2025,7
182141,539,163,4425589,-99.4959,29.9005,2025-07-04T22:00:00Z,4,22,7_4,0,2025,7
182141,539,163,4425589,-99.4959,29.9005,2025-07-04T23:00:00Z,4,23,7_4,0,2025,7
182142,540,163,46984,-99.4564,29.8971,2025-07-01T00:00:00Z,1,0,7_1,2.125,2025,7
182142,540,163,46984,-99.4564,29.8971,2025-07-01T01:00:00Z,1,1,7_1,0,2025,7
182142,540,163,46984,-99.4564,29.8971,2025-07-01T02:00:00Z,1,2,7_1,0,2025,7
182142,540,163,46984,-99.4564,29.8971,2025-07-01T03:00:00Z,1,3,7_1,0,2025,7
182142,540,163,46984,-99.4564,29.8971,2025-07-01T04:00:00Z,1,4,7_1,0,2025,7
182142,540,163,46984,-99.4564,29.8971,2025-07-01T05:00:00Z,1,5,7_1,0,2025,7
182142,540,163,46984,-99.4564,29.8971,2025-07-01T06:00:00Z,1,6,7_1,0,2025,7
182142,540,163,46984,-99.4564,29.8971,2025-07-01T07:00:00Z,1,7,7_1,0.125,2025,7
182142,540,163,46984,-99.4564,29.8971,2025-07-01T08:00:00Z,1,8,7_1,0,2025,7
182142,540,163,46984,-99.4564,29.8971,2025-07-01T09:00:00Z,1,9,7_1,0.625,2025,7
182142,540,163,46984,-99.4564,29.8971,2025-07-01T10:00:00Z,1,10,7_1,0.75,2025,7
182142,540,163,46984,-99.4564,29.8971,2025-07-01T11:00:00Z,1,11,7_1,0,2025,7
182142,540,163,46984,-99.4564,29.8971,2025-07-01T12:00:00Z,1,12,7_1,0,2025,7
182142,540,163,46984,-99.4564,29.8971,2025-07-01T13:00:00Z,1,13,7_1,0,2025,7
182142,540,163,46984,-99.4564,29.8971,2025-07-01T14:00:00Z,1,14,7_1,0,2025,7
182142,540,163,46984,-99.4564,29.8971,2025-07-01T15:00:00Z,1,15,7_1,0,2025,7
182142,540,163,46984,-99.4564,29.8971,2025-07-01T16:00:00Z,1,16,7_1,0,2025,7
182142,540,163,46984,-99.4564,29.8971,2025-07-01T17:00:00Z,1,17,7_1,0,2025,7
182142,540,163,46984,-99.4564,29.8971,2025-07-01T18:00:00Z,1,18,7_1,0,2025,7
182142,540,163,46984,-99.4564,29.8971,2025-07-01T19:00:00Z,1,19,7_1,0,2025,7
182142,540,163,46984,-99.4564,29.8971,2025-07-01T20:00:00Z,1,20,7_1,0,2025,7
182142,540,163,46984,-99.4564,29.8971,2025-07-01T21:00:00Z,1,21,7_1,0.875,2025,7
182142,540,163,46984,-99.4564,29.8971,2025-07-01T22:00:00Z,1,22,7_1,0,2025,7
182142,540,163,46984,-99.4564,29.8971,2025-07-01T23:00:00Z,1,23,7_1,0,2025,7
182142,540,163,46984,-99.4564,29.8971,2025-07-02T00:00:00Z,2,0,7_2,0,2025,7
182142,540,163,46984,-99.4564,29.8971,2025-07-02T01:00:00Z,2,1,7_2,0,2025,7
182142,540,163,46984,-99.4564,29.8971,2025-07-02T02:00:00Z,2,2,7_2,0.875,2025,7
182142,540,163,46984,-99.4564,29.8971,2025-07-02T03:00:00Z,2,3,7_2,3.375,2025,7
182142,540,163,46984,-99.4564,29.8971,2025-07-02T04:00:00Z,2,4,7_2,0,2025,7
182142,540,163,46984,-99.4564,29.8971,2025-07-02T05:00:00Z,2,5,7_2,0,2025,7
182142,540,163,46984,-99.4564,29.8971,2025-07-02T06:00:00Z,2,6,7_2,0,2025,7
182142,540,163,46984,-99.4564,29.8971,2025-07-02T07:00:00Z,2,7,7_2,0,2025,7
182142,540,163,46984,-99.4564,29.8971,2025-07-02T08:00:00Z,2,8,7_2,0,2025,7
182142,540,163,46984,-99.4564,29.8971,2025-07-02T09:00:00Z,2,9,7_2,0,2025,7
182142,540,163,46984,-99.4564,29.8971,2025-07-02T10:00:00Z,2,10,7_2,0,2025,7
182142,540,163,46984,-99.4564,29.8971,2025-07-02T11:00:00Z,2,11,7_2,0.125,2025,7
182142,540,163,46984,-99.4564,29.8971,2025-07-02T12:00:00Z,2,12,7_2,1.5,2025,7
182142,540,163,46984,-99.4564,29.8971,2025-07-02T13:00:00Z,2,13,7_2,0.375,2025,7
182142,540,163,46984,-99.4564,29.8971,2025-07-02T14:00:00Z,2,14,7_2,0.75,2025,7
182142,540,163,46984,-99.4564,29.8971,2025-07-02T15:00:00Z,2,15,7_2,0,2025,7
182142,540,163,46984,-99.4564,29.8971,2025-07-02T16:00:00Z,2,16,7_2,0,2025,7
182142,540,163,46984,-99.4564,29.8971,2025-07-02T17:00:00Z,2,17,7_2,4.125,2025,7
182142,540,163,46984,-99.4564,29.8971,2025-07-02T18:00:00Z,2,18,7_2,5.5,2025,7
182142,540,163,46984,-99.4564,29.8971,2025-07-02T19:00:00Z,2,19,7_2,0.875,2025,7
182142,540,163,46984,-99.4564,29.8971,2025-07-02T20:00:00Z,2,20,7_2,6.75,2025,7
182142,540,163,46984,-99.4564,29.8971,2025-07-02T21:00:00Z,2,21,7_2,5,2025,7
182142,540,163,46984,-99.4564,29.8971,2025-07-02T22:00:00Z,2,22,7_2,0,2025,7
182142,540,163,46984,-99.4564,29.8971,2025-07-02T23:00:00Z,2,23,7_2,2.25,2025,7
182142,540,163,46984,-99.4564,29.8971,2025-07-03T00:00:00Z,3,0,7_3,0,2025,7
182142,540,163,46984,-99.4564,29.8971,2025-07-03T01:00:00Z,3,1,7_3,0,2025,7
182142,540,163,46984,-99.4564,29.8971,2025-07-03T02:00:00Z,3,2,7_3,0,2025,7
182142,540,163,46984,-99.4564,29.8971,2025-07-03T03:00:00Z,3,3,7_3,0,2025,7
182142,540,163,46984,-99.4564,29.8971,2025-07-03T04:00:00Z,3,4,7_3,0,2025,7
182142,540,163,46984,-99.4564,29.8971,2025-07-03T05:00:00Z,3,5,7_3,0,2025,7
182142,540,163,46984,-99.4564,29.8971,2025-07-03T06:00:00Z,3,6,7_3,0,2025,7
182142,540,163,46984,-99.4564,29.8971,2025-07-03T07:00:00Z,3,7,7_3,0,2025,7
182142,540,163,46984,-99.4564,29.8971,2025-07-03T08:00:00Z,3,8,7_3,0,2025,7
182142,540,163,46984,-99.4564,29.8971,2025-07-03T09:00:00Z,3,9,7_3,0,2025,7
182142,540,163,46984,-99.4564,29.8971,2025-07-03T10:00:00Z,3,10,7_3,0,2025,7
182142,540,163,46984,-99.4564,29.8971,2025-07-03T11:00:00Z,3,11,7_3,0,2025,7
182142,540,163,46984,-99.4564,29.8971,2025-07-03T12:00:00Z,3,12,7_3,0,2025,7
182142,540,163,46984,-99.4564,29.8971,2025-07-03T13:00:00Z,3,13,7_3,0,2025,7
182142,540,163,46984,-99.4564,29.8971,2025-07-03T14:00:00Z,3,14,7_3,0,2025,7
182142,540,163,46984,-99.4564,29.8971,2025-07-03T15:00:00Z,3,15,7_3,0,2025,7
182142,540,163,46984,-99.4564,29.8971,2025-07-03T16:00:00Z,3,16,7_3,0.125,2025,7
182142,540,163,46984,-99.4564,29.8971,2025-07-03T17:00:00Z,3,17,7_3,0,2025,7
182142,540,163,46984,-99.4564,29.8971,2025-07-03T18:00:00Z,3,18,7_3,0,2025,7
182142,540,163,46984,-99.4564,29.8971,2025-07-03T19:00:00Z,3,19,7_3,0.125,2025,7
182142,540,163,46984,-99.4564,29.8971,2025-07-03T20:00:00Z,3,20,7_3,0,2025,7
182142,540,163,46984,-99.4564,29.8971,2025-07-03T21:00:00Z,3,21,7_3,0.25,2025,7
182142,540,163,46984,-99.4564,29.8971,2025-07-03T22:00:00Z,3,22,7_3,0,2025,7
182142,540,163,46984,-99.4564,29.8971,2025-07-03T23:00:00Z,3,23,7_3,0,2025,7
182142,540,163,46984,-99.4564,29.8971,2025-07-04T00:00:00Z,4,0,7_4,0,2025,7
182142,540,163,46984,-99.4564,29.8971,2025-07-04T01:00:00Z,4,1,7_4,0,2025,7
182142,540,163,46984,-99.4564,29.8971,2025-07-04T02:00:00Z,4,2,7_4,0,2025,7
182142,540,163,46984,-99.4564,29.8971,2025-07-04T03:00:00Z,4,3,7_4,0,2025,7
182142,540,163,46984,-99.4564,29.8971,2025-07-04T04:00:00Z,4,4,7_4,1,2025,7
182142,540,163,46984,-99.4564,29.8971,2025-07-04T05:00:00Z,4,5,7_4,6.625,2025,7
182142,540,163,46984,-99.4564,29.8971,2025-07-04T06:00:00Z,4,6,7_4,14.25,2025,7
182142,540,163,46984,-99.4564,29.8971,2025-07-04T07:00:00Z,4,7,7_4,46.75,2025,7
182142,540,163,46984,-99.4564,29.8971,2025-07-04T08:00:00Z,4,8,7_4,92.5,2025,7
182142,540,163,46984,-99.4564,29.8971,2025-07-04T09:00:00Z,4,9,7_4,19.875,2025,7
182142,540,163,46984,-99.4564,29.8971,2025-07-04T10:00:00Z,4,10,7_4,0.5,2025,7
182142,540,163,46984,-99.4564,29.8971,2025-07-04T11:00:00Z,4,11,7_4,1.625,2025,7
182142,540,163,46984,-99.4564,29.8971,2025-07-04T12:00:00Z,4,12,7_4,3.75,2025,7
182142,540,163,46984,-99.4564,29.8971,2025-07-04T13:00:00Z,4,13,7_4,1.5,2025,7
182142,540,163,46984,-99.4564,29.8971,2025-07-04T14:00:00Z,4,14,7_4,1.5,2025,7
182142,540,163,46984,-99.4564,29.8971,2025-07-04T15:00:00Z,4,15,7_4,3.25,2025,7
182142,540,163,46984,-99.4564,29.8971,2025-07-04T16:00:00Z,4,16,7_4,27.375,2025,7
182142,540,163,46984,-99.4564,29.8971,2025-07-04T17:00:00Z,4,17,7_4,13.625,2025,7
182142,540,163,46984,-99.4564,29.8971,2025-07-04T18:00:00Z,4,18,7_4,2.25,2025,7
182142,540,163,46984,-99.4564,29.8971,2025-07-04T19:00:00Z,4,19,7_4,0.25,2025,7
182142,540,163,46984,-99.4564,29.8971,2025-07-04T20:00:00Z,4,20,7_4,0.625,2025,7
182142,540,163,46984,-99.4564,29.8971,2025-07-04T21:00:00Z,4,21,7_4,0.125,2025,7
182142,540,163,46984,-99.4564,29.8971,2025-07-04T22:00:00Z,4,22,7_4,0,2025,7
182142,540,163,46984,-99.4564,29.8971,2025-07-04T23:00:00Z,4,23,7_4,0,2025,7
183257,534,164,1055652,-99.6898,29.9509,2025-07-01T00:00:00Z,1,0,7_1,3.25,2025,7
183257,534,164,1055652,-99.6898,29.9509,2025-07-01T01:00:00Z,1,1,7_1,0.625,2025,7
183257,534,164,1055652,-99.6898,29.9509,2025-07-01T02:00:00Z,1,2,7_1,0,2025,7
183257,534,164,1055652,-99.6898,29.9509,2025-07-01T03:00:00Z,1,3,7_1,0,2025,7
183257,534,164,1055652,-99.6898,29.9509,2025-07-01T04:00:00Z,1,4,7_1,0,2025,7
183257,534,164,1055652,-99.6898,29.9509,2025-07-01T05:00:00Z,1,5,7_1,0,2025,7
183257,534,164,1055652,-99.6898,29.9509,2025-07-01T06:00:00Z,1,6,7_1,0,2025,7
183257,534,164,1055652,-99.6898,29.9509,2025-07-01T07:00:00Z,1,7,7_1,0,2025,7
183257,534,164,1055652,-99.6898,29.9509,2025-07-01T08:00:00Z,1,8,7_1,0,2025,7
183257,534,164,1055652,-99.6898,29.9509,2025-07-01T09:00:00Z,1,9,7_1,0.375,2025,7
183257,534,164,1055652,-99.6898,29.9509,2025-07-01T10:00:00Z,1,10,7_1,0.25,2025,7
183257,534,164,1055652,-99.6898,29.9509,2025-07-01T11:00:00Z,1,11,7_1,0,2025,7
183257,534,164,1055652,-99.6898,29.9509,2025-07-01T12:00:00Z,1,12,7_1,0,2025,7
183257,534,164,1055652,-99.6898,29.9509,2025-07-01T13:00:00Z,1,13,7_1,0,2025,7
183257,534,164,1055652,-99.6898,29.9509,2025-07-01T14:00:00Z,1,14,7_1,0,2025,7
183257,534,164,1055652,-99.6898,29.9509,2025-07-01T15:00:00Z,1,15,7_1,0,2025,7
183257,534,164,1055652,-99.6898,29.9509,2025-07-01T16:00:00Z,1,16,7_1,0.375,2025,7
183257,534,164,1055652,-99.6898,29.9509,2025-07-01T17:00:00Z,1,17,7_1,0,2025,7
183257,534,164,1055652,-99.6898,29.9509,2025-07-01T18:00:00Z,1,18,7_1,0.5,2025,7
183257,534,164,1055652,-99.6898,29.9509,2025-07-01T19:00:00Z,1,19,7_1,0.25,2025,7
183257,534,164,1055652,-99.6898,29.9509,2025-07-01T20:00:00Z,1,20,7_1,2,2025,7
183257,534,164,1055652,-99.6898,29.9509,2025-07-01T21:00:00Z,1,21,7_1,3.25,2025,7
183257,534,164,1055652,-99.6898,29.9509,2025-07-01T22:00:00Z,1,22,7_1,0,2025,7
183257,534,164,1055652,-99.6898,29.9509,2025-07-01T23:00:00Z,1,23,7_1,0,2025,7
183257,534,164,1055652,-99.6898,29.9509,2025-07-02T00:00:00Z,2,0,7_2,0,2025,7
183257,534,164,1055652,-99.6898,29.9509,2025-07-02T01:00:00Z,2,1,7_2,0,2025,7
183257,534,164,1055652,-99.6898,29.9509,2025-07-02T02:00:00Z,2,2,7_2,0,2025,7
183257,534,164,1055652,-99.6898,29.9509,2025-07-02T03:00:00Z,2,3,7_2,0.125,2025,7
183257,534,164,1055652,-99.6898,29.9509,2025-07-02T04:00:00Z,2,4,7_2,0,2025,7
183257,534,164,1055652,-99.6898,29.9509,2025-07-02T05:00:00Z,2,5,7_2,0,2025,7
183257,534,164,1055652,-99.6898,29.9509,2025-07-02T06:00:00Z,2,6,7_2,0,2025,7
183257,534,164,1055652,-99.6898,29.9509,2025-07-02T07:00:00Z,2,7,7_2,0,2025,7
183257,534,164,1055652,-99.6898,29.9509,2025-07-02T08:00:00Z,2,8,7_2,0,2025,7
183257,534,164,1055652,-99.6898,29.9509,2025-07-02T09:00:00Z,2,9,7_2,0.375,2025,7
183257,534,164,1055652,-99.6898,29.9509,2025-07-02T10:00:00Z,2,10,7_2,0.5,2025,7
183257,534,164,1055652,-99.6898,29.9509,2025-07-02T11:00:00Z,2,11,7_2,0.75,2025,7
183257,534,164,1055652,-99.6898,29.9509,2025-07-02T12:00:00Z,2,12,7_2,0.125,2025,7
183257,534,164,1055652,-99.6898,29.9509,2025-07-02T13:00:00Z,2,13,7_2,0.125,2025,7
183257,534,164,1055652,-99.6898,29.9509,2025-07-02T14:00:00Z,2,14,7_2,0,2025,7
183257,534,164,1055652,-99.6898,29.9509,2025-07-02T15:00:00Z,2,15,7_2,0.25,2025,7
183257,534,164,1055652,-99.6898,29.9509,2025-07-02T16:00:00Z,2,16,7_2,0,2025,7
183257,534,164,1055652,-99.6898,29.9509,2025-07-02T17:00:00Z,2,17,7_2,10.375,2025,7
183257,534,164,1055652,-99.6898,29.9509,2025-07-02T18:00:00Z,2,18,7_2,0.375,2025,7
183257,534,164,1055652,-99.6898,29.9509,2025-07-02T19:00:00Z,2,19,7_2,3.5,2025,7
183257,534,164,1055652,-99.6898,29.9509,2025-07-02T20:00:00Z,2,20,7_2,2.875,2025,7
183257,534,164,1055652,-99.6898,29.9509,2025-07-02T21:00:00Z,2,21,7_2,3.875,2025,7
183257,534,164,1055652,-99.6898,29.9509,2025-07-02T22:00:00Z,2,22,7_2,0.25,2025,7
183257,534,164,1055652,-99.6898,29.9509,2025-07-02T23:00:00Z,2,23,7_2,0.625,2025,7
183257,534,164,1055652,-99.6898,29.9509,2025-07-03T00:00:00Z,3,0,7_3,0,2025,7
183257,534,164,1055652,-99.6898,29.9509,2025-07-03T01:00:00Z,3,1,7_3,0,2025,7
183257,534,164,1055652,-99.6898,29.9509,2025-07-03T02:00:00Z,3,2,7_3,0,2025,7
183257,534,164,1055652,-99.6898,29.9509,2025-07-03T03:00:00Z,3,3,7_3,0,2025,7
183257,534,164,1055652,-99.6898,29.9509,2025-07-03T04:00:00Z,3,4,7_3,0,2025,7
183257,534,164,1055652,-99.6898,29.9509,2025-07-03T05:00:00Z,3,5,7_3,0,2025,7
183257,534,164,1055652,-99.6898,29.9509,2025-07-03T06:00:00Z,3,6,7_3,0,2025,7
183257,534,164,1055652,-99.6898,29.9509,2025-07-03T07:00:00Z,3,7,7_3,0,2025,7
183257,534,164,1055652,-99.6898,29.9509,2025-07-03T08:00:00Z,3,8,7_3,0,2025,7
183257,534,164,1055652,-99.6898,29.9509,2025-07-03T09:00:00Z,3,9,7_3,0,2025,7
183257,534,164,1055652,-99.6898,29.9509,2025-07-03T10:00:00Z,3,10,7_3,0,2025,7
183257,534,164,1055652,-99.6898,29.9509,2025-07-03T11:00:00Z,3,11,7_3,0,2025,7
183257,534,164,1055652,-99.6898,29.9509,2025-07-03T12:00:00Z,3,12,7_3,0,2025,7
183257,534,164,1055652,-99.6898,29.9509,2025-07-03T13:00:00Z,3,13,7_3,0,2025,7
183257,534,164,1055652,-99.6898,29.9509,2025-07-03T14:00:00Z,3,14,7_3,0,2025,7
183257,534,164,1055652,-99.6898,29.9509,2025-07-03T15:00:00Z,3,15,7_3,0.625,2025,7
183257,534,164,1055652,-99.6898,29.9509,2025-07-03T16:00:00Z,3,16,7_3,0,2025,7
183257,534,164,1055652,-99.6898,29.9509,2025-07-03T17:00:00Z,3,17,7_3,0,2025,7
183257,534,164,1055652,-99.6898,29.9509,2025-07-03T18:00:00Z,3,18,7_3,1.125,2025,7
183257,534,164,1055652,-99.6898,29.9509,2025-07-03T19:00:00Z,3,19,7_3,0,2025,7
183257,534,164,1055652,-99.6898,29.9509,2025-07-03T20:00:00Z,3,20,7_3,0,2025,7
183257,534,164,1055652,-99.6898,29.9509,2025-07-03T21:00:00Z,3,21,7_3,0,2025,7
183257,534,164,1055652,-99.6898,29.9509,2025-07-03T22:00:00Z,3,22,7_3,0,2025,7
183257,534,164,1055652,-99.6898,29.9509,2025-07-03T23:00:00Z,3,23,7_3,0,2025,7
183257,534,164,1055652,-99.6898,29.9509,2025-07-04T00:00:00Z,4,0,7_4,0,2025,7
183257,534,164,1055652,-99.6898,29.9509,2025-07-04T01:00:00Z,4,1,7_4,0,2025,7
183257,534,164,1055652,-99.6898,29.9509,2025-07-04T02:00:00Z,4,2,7_4,0,2025,7
183257,534,164,1055652,-99.6898,29.9509,2025-07-04T03:00:00Z,4,3,7_4,0,2025,7
183257,534,164,1055652,-99.6898,29.9509,2025-07-04T04:00:00Z,4,4,7_4,0.125,2025,7
183257,534,164,1055652,-99.6898,29.9509,2025-07-04T05:00:00Z,4,5,7_4,0.25,2025,7
183257,534,164,1055652,-99.6898,29.9509,2025-07-04T06:00:00Z,4,6,7_4,1.25,2025,7
183257,534,164,1055652,-99.6898,29.9509,2025-07-04T07:00:00Z,4,7,7_4,2.5,2025,7
183257,534,164,1055652,-99.6898,29.9509,2025-07-04T08:00:00Z,4,8,7_4,4.25,2025,7
183257,534,164,1055652,-99.6898,29.9509,2025-07-04T09:00:00Z,4,9,7_4,0.125,2025,7
183257,534,164,1055652,-99.6898,29.9509,2025-07-04T10:00:00Z,4,10,7_4,8.875,2025,7
183257,534,164,1055652,-99.6898,29.9509,2025-07-04T11:00:00Z,4,11,7_4,11.375,2025,7
183257,534,164,1055652,-99.6898,29.9509,2025-07-04T12:00:00Z,4,12,7_4,5,2025,7
183257,534,164,1055652,-99.6898,29.9509,2025-07-04T13:00:00Z,4,13,7_4,1.5,2025,7
183257,534,164,1055652,-99.6898,29.9509,2025-07-04T14:00:00Z,4,14,7_4,8.125,2025,7
183257,534,164,1055652,-99.6898,29.9509,2025-07-04T15:00:00Z,4,15,7_4,12.5,2025,7
183257,534,164,1055652,-99.6898,29.9509,2025-07-04T16:00:00Z,4,16,7_4,7.25,2025,7
183257,534,164,1055652,-99.6898,29.9509,2025-07-04T17:00:00Z,4,17,7_4,5.875,2025,7
183257,534,164,1055652,-99.6898,29.9509,2025-07-04T18:00:00Z,4,18,7_4,0.75,2025,7
183257,534,164,1055652,-99.6898,29.9509,2025-07-04T19:00:00Z,4,19,7_4,0,2025,7
183257,534,164,1055652,-99.6898,29.9509,2025-07-04T20:00:00Z,4,20,7_4,0,2025,7
183257,534,164,1055652,-99.6898,29.9509,2025-07-04T21:00:00Z,4,21,7_4,0,2025,7
183257,534,164,1055652,-99.6898,29.9509,2025-07-04T22:00:00Z,4,22,7_4,0,2025,7
183257,534,164,1055652,-99.6898,29.9509,2025-07-04T23:00:00Z,4,23,7_4,0,2025,7
183258,535,164,6872061,-99.6502,29.9477,2025-07-01T00:00:00Z,1,0,7_1,2.5,2025,7
183258,535,164,6872061,-99.6502,29.9477,2025-07-01T01:00:00Z,1,1,7_1,0.75,2025,7
183258,535,164,6872061,-99.6502,29.9477,2025-07-01T02:00:00Z,1,2,7_1,0,2025,7
183258,535,164,6872061,-99.6502,29.9477,2025-07-01T03:00:00Z,1,3,7_1,0,2025,7
183258,535,164,6872061,-99.6502,29.9477,2025-07-01T04:00:00Z,1,4,7_1,0,2025,7
183258,535,164,6872061,-99.6502,29.9477,2025-07-01T05:00:00Z,1,5,7_1,0,2025,7
183258,535,164,6872061,-99.6502,29.9477,2025-07-01T06:00:00Z,1,6,7_1,0,2025,7
183258,535,164,6872061,-99.6502,29.9477,2025-07-01T07:00:00Z,1,7,7_1,0,2025,7
183258,535,164,6872061,-99.6502,29.9477,2025-07-01T08:00:00Z,1,8,7_1,0,2025,7
183258,535,164,6872061,-99.6502,29.9477,2025-07-01T09:00:00Z,1,9,7_1,0.75,2025,7
183258,535,164,6872061,-99.6502,29.9477,2025-07-01T10:00:00Z,1,10,7_1,0.25,2025,7
183258,535,164,6872061,-99.6502,29.9477,2025-07-01T11:00:00Z,1,11,7_1,0,2025,7
183258,535,164,6872061,-99.6502,29.9477,2025-07-01T12:00:00Z,1,12,7_1,0,2025,7
183258,535,164,6872061,-99.6502,29.9477,2025-07-01T13:00:00Z,1,13,7_1,0,2025,7
183258,535,164,6872061,-99.6502,29.9477,2025-07-01T14:00:00Z,1,14,7_1,0,2025,7
183258,535,164,6872061,-99.6502,29.9477,2025-07-01T15:00:00Z,1,15,7_1,0,2025,7
183258,535,164,6872061,-99.6502,29.9477,2025-07-01T16:00:00Z,1,16,7_1,0,2025,7
183258,535,164,6872061,-99.6502,29.9477,2025-07-01T17:00:00Z,1,17,7_1,0,2025,7
183258,535,164,6872061,-99.6502,29.9477,2025-07-01T18:00:00Z,1,18,7_1,0.625,2025,7
183258,535,164,6872061,-99.6502,29.9477,2025-07-01T19:00:00Z,1,19,7_1,0,2025,7
183258,535,164,6872061,-99.6502,29.9477,2025-07-01T20:00:00Z,1,20,7_1,1.375,2025,7
183258,535,164,6872061,-99.6502,29.9477,2025-07-01T21:00:00Z,1,21,7_1,2.625,2025,7
183258,535,164,6872061,-99.6502,29.9477,2025-07-01T22:00:00Z,1,22,7_1,0,2025,7
183258,535,164,6872061,-99.6502,29.9477,2025-07-01T23:00:00Z,1,23,7_1,0,2025,7
183258,535,164,6872061,-99.6502,29.9477,2025-07-02T00:00:00Z,2,0,7_2,0,2025,7
183258,535,164,6872061,-99.6502,29.9477,2025-07-02T01:00:00Z,2,1,7_2,0,2025,7
183258,535,164,6872061,-99.6502,29.9477,2025-07-02T02:00:00Z,2,2,7_2,0,2025,7
183258,535,164,6872061,-99.6502,29.9477,2025-07-02T03:00:00Z,2,3,7_2,0.75,2025,7
183258,535,164,6872061,-99.6502,29.9477,2025-07-02T04:00:00Z,2,4,7_2,0,2025,7
183258,535,164,6872061,-99.6502,29.9477,2025-07-02T05:00:00Z,2,5,7_2,0,2025,7
183258,535,164,6872061,-99.6502,29.9477,2025-07-02T06:00:00Z,2,6,7_2,0,2025,7
183258,535,164,6872061,-99.6502,29.9477,2025-07-02T07:00:00Z,2,7,7_2,0,2025,7
183258,535,164,6872061,-99.6502,29.9477,2025-07-02T08:00:00Z,2,8,7_2,0,2025,7
183258,535,164,6872061,-99.6502,29.9477,2025-07-02T09:00:00Z,2,9,7_2,0.125,2025,7
183258,535,164,6872061,-99.6502,29.9477,2025-07-02T10:00:00Z,2,10,7_2,0.375,2025,7
183258,535,164,6872061,-99.6502,29.9477,2025-07-02T11:00:00Z,2,11,7_2,1.25,2025,7
183258,535,164,6872061,-99.6502,29.9477,2025-07-02T12:00:00Z,2,12,7_2,0.125,2025,7
183258,535,164,6872061,-99.6502,29.9477,2025-07-02T13:00:00Z,2,13,7_2,0.125,2025,7
183258,535,164,6872061,-99.6502,29.9477,2025-07-02T14:00:00Z,2,14,7_2,0,2025,7
183258,535,164,6872061,-99.6502,29.9477,2025-07-02T15:00:00Z,2,15,7_2,0.25,2025,7
183258,535,164,6872061,-99.6502,29.9477,2025-07-02T16:00:00Z,2,16,7_2,0,2025,7
183258,535,164,6872061,-99.6502,29.9477,2025-07-02T17:00:00Z,2,17,7_2,11.875,2025,7
183258,535,164,6872061,-99.6502,29.9477,2025-07-02T18:00:00Z,2,18,7_2,0.125,2025,7
183258,535,164,6872061,-99.6502,29.9477,2025-07-02T19:00:00Z,2,19,7_2,4.75,2025,7
183258,535,164,6872061,-99.6502,29.9477,2025-07-02T20:00:00Z,2,20,7_2,4,2025,7
183258,535,164,6872061,-99.6502,29.9477,2025-07-02T21:00:00Z,2,21,7_2,4.625,2025,7
183258,535,164,6872061,-99.6502,29.9477,2025-07-02T22:00:00Z,2,22,7_2,0.125,2025,7
183258,535,164,6872061,-99.6502,29.9477,2025-07-02T23:00:00Z,2,23,7_2,0.625,2025,7
183258,535,164,6872061,-99.6502,29.9477,2025-07-03T00:00:00Z,3,0,7_3,0,2025,7
183258,535,164,6872061,-99.6502,29.9477,2025-07-03T01:00:00Z,3,1,7_3,0,2025,7
183258,535,164,6872061,-99.6502,29.9477,2025-07-03T02:00:00Z,3,2,7_3,0,2025,7
183258,535,164,6872061,-99.6502,29.9477,2025-07-03T03:00:00Z,3,3,7_3,0,2025,7
183258,535,164,6872061,-99.6502,29.9477,2025-07-03T04:00:00Z,3,4,7_3,0,2025,7
183258,535,164,6872061,-99.6502,29.9477,2025-07-03T05:00:00Z,3,5,7_3,0,2025,7
183258,535,164,6872061,-99.6502,29.9477,2025-07-03T06:00:00Z,3,6,7_3,0,2025,7
183258,535,164,6872061,-99.6502,29.9477,2025-07-03T07:00:00Z,3,7,7_3,0,2025,7
183258,535,164,6872061,-99.6502,29.9477,2025-07-03T08:00:00Z,3,8,7_3,0,2025,7
183258,535,164,6872061,-99.6502,29.9477,2025-07-03T09:00:00Z,3,9,7_3,0,2025,7
183258,535,164,6872061,-99.6502,29.9477,2025-07-03T10:00:00Z,3,10,7_3,0,2025,7
183258,535,164,6872061,-99.6502,29.9477,2025-07-03T11:00:00Z,3,11,7_3,0,2025,7
183258,535,164,6872061,-99.6502,29.9477,2025-07-03T12:00:00Z,3,12,7_3,0,2025,7
183258,535,164,6872061,-99.6502,29.9477,2025-07-03T13:00:00Z,3,13,7_3,0,2025,7
183258,535,164,6872061,-99.6502,29.9477,2025-07-03T14:00:00Z,3,14,7_3,0,2025,7
183258,535,164,6872061,-99.6502,29.9477,2025-07-03T15:00:00Z,3,15,7_3,0.125,2025,7
183258,535,164,6872061,-99.6502,29.9477,2025-07-03T16:00:00Z,3,16,7_3,0,2025,7
183258,535,164,6872061,-99.6502,29.9477,2025-07-03T17:00:00Z,3,17,7_3,0,2025,7
183258,535,164,6872061,-99.6502,29.9477,2025-07-03T18:00:00Z,3,18,7_3,0.625,2025,7
183258,535,164,6872061,-99.6502,29.9477,2025-07-03T19:00:00Z,3,19,7_3,0,2025,7
183258,535,164,6872061,-99.6502,29.9477,2025-07-03T20:00:00Z,3,20,7_3,0,2025,7
183258,535,164,6872061,-99.6502,29.9477,2025-07-03T21:00:00Z,3,21,7_3,0,2025,7
183258,535,164,6872061,-99.6502,29.9477,2025-07-03T22:00:00Z,3,22,7_3,0,2025,7
183258,535,164,6872061,-99.6502,29.9477,2025-07-03T23:00:00Z,3,23,7_3,0,2025,7
183258,535,164,6872061,-99.6502,29.9477,2025-07-04T00:00:00Z,4,0,7_4,0,2025,7
183258,535,164,6872061,-99.6502,29.9477,2025-07-04T01:00:00Z,4,1,7_4,0,2025,7
183258,535,164,6872061,-99.6502,29.9477,2025-07-04T02:00:00Z,4,2,7_4,0,2025,7
183258,535,164,6872061,-99.6502,29.9477,2025-07-04T03:00:00Z,4,3,7_4,0,2025,7
183258,535,164,6872061,-99.6502,29.9477,2025-07-04T04:00:00Z,4,4,7_4,0.125,2025,7
183258,535,164,6872061,-99.6502,29.9477,2025-07-04T05:00:00Z,4,5,7_4,0.75,2025,7
183258,535,164,6872061,-99.6502,29.9477,2025-07-04T06:00:00Z,4,6,7_4,4.875,2025,7
183258,535,164,6872061,-99.6502,29.9477,2025-07-04T07:00:00Z,4,7,7_4,5.5,2025,7
183258,535,164,6872061,-99.6502,29.9477,2025-07-04T08:00:00Z,4,8,7_4,12.75,2025,7
183258,535,164,6872061,-99.6502,29.9477,2025-07-04T09:00:00Z,4,9,7_4,0.75,2025,7
183258,535,164,6872061,-99.6502,29.9477,2025-07-04T10:00:00Z,4,10,7_4,6.875,2025,7
183258,535,164,6872061,-99.6502,29.9477,2025-07-04T11:00:00Z,4,11,7_4,7.375,2025,7
183258,535,164,6872061,-99.6502,29.9477,2025-07-04T12:00:00Z,4,12,7_4,4.125,2025,7
183258,535,164,6872061,-99.6502,29.9477,2025-07-04T13:00:00Z,4,13,7_4,1.5,2025,7
183258,535,164,6872061,-99.6502,29.9477,2025-07-04T14:00:00Z,4,14,7_4,6.375,2025,7
183258,535,164,6872061,-99.6502,29.9477,2025-07-04T15:00:00Z,4,15,7_4,12.875,2025,7
183258,535,164,6872061,-99.6502,29.9477,2025-07-04T16:00:00Z,4,16,7_4,7.875,2025,7
183258,535,164,6872061,-99.6502,29.9477,2025-07-04T17:00:00Z,4,17,7_4,7.5,2025,7
183258,535,164,6872061,-99.6502,29.9477,2025-07-04T18:00:00Z,4,18,7_4,1.125,2025,7
183258,535,164,6872061,-99.6502,29.9477,2025-07-04T19:00:00Z,4,19,7_4,0.25,2025,7
183258,535,164,6872061,-99.6502,29.9477,2025-07-04T20:00:00Z,4,20,7_4,0,2025,7
183258,535,164,6872061,-99.6502,29.9477,2025-07-04T21:00:00Z,4,21,7_4,0,2025,7
183258,535,164,6872061,-99.6502,29.9477,2025-07-04T22:00:00Z,4,22,7_4,0,2025,7
183258,535,164,6872061,-99.6502,29.9477,2025-07-04T23:00:00Z,4,23,7_4,0,2025,7
183259,536,164,9590334,-99.6107,29.9445,2025-07-01T00:00:00Z,1,0,7_1,2.125,2025,7
183259,536,164,9590334,-99.6107,29.9445,2025-07-01T01:00:00Z,1,1,7_1,0.5,2025,7
183259,536,164,9590334,-99.6107,29.9445,2025-07-01T02:00:00Z,1,2,7_1,0,2025,7
183259,536,164,9590334,-99.6107,29.9445,2025-07-01T03:00:00Z,1,3,7_1,0,2025,7
183259,536,164,9590334,-99.6107,29.9445,2025-07-01T04:00:00Z,1,4,7_1,0,2025,7
183259,536,164,9590334,-99.6107,29.9445,2025-07-01T05:00:00Z,1,5,7_1,0,2025,7
183259,536,164,9590334,-99.6107,29.9445,2025-07-01T06:00:00Z,1,6,7_1,0,2025,7
183259,536,164,9590334,-99.6107,29.9445,2025-07-01T07:00:00Z,1,7,7_1,0,2025,7
183259,536,164,9590334,-99.6107,29.9445,2025-07-01T08:00:00Z,1,8,7_1,0,2025,7
183259,536,164,9590334,-99.6107,29.9445,2025-07-01T09:00:00Z,1,9,7_1,1.25,2025,7
183259,536,164,9590334,-99.6107,29.9445,2025-07-01T10:00:00Z,1,10,7_1,0.375,2025,7
183259,536,164,9590334,-99.6107,29.9445,2025-07-01T11:00:00Z,1,11,7_1,0,2025,7
183259,536,164,9590334,-99.6107,29.9445,2025-07-01T12:00:00Z,1,12,7_1,0,2025,7
183259,536,164,9590334,-99.6107,29.9445,2025-07-01T13:00:00Z,1,13,7_1,0,2025,7
183259,536,164,9590334,-99.6107,29.9445,2025-07-01T14:00:00Z,1,14,7_1,0,2025,7
183259,536,164,9590334,-99.6107,29.9445,2025-07-01T15:00:00Z,1,15,7_1,0,2025,7
183259,536,164,9590334,-99.6107,29.9445,2025-07-01T16:00:00Z,1,16,7_1,0,2025,7
183259,536,164,9590334,-99.6107,29.9445,2025-07-01T17:00:00Z,1,17,7_1,0,2025,7
183259,536,164,9590334,-99.6107,29.9445,2025-07-01T18:00:00Z,1,18,7_1,0.5,2025,7
183259,536,164,9590334,-99.6107,29.9445,2025-07-01T19:00:00Z,1,19,7_1,0,2025,7
183259,536,164,9590334,-99.6107,29.9445,2025-07-01T20:00:00Z,1,20,7_1,0.125,2025,7
183259,536,164,9590334,-99.6107,29.9445,2025-07-01T21:00:00Z,1,21,7_1,1.5,2025,7
183259,536,164,9590334,-99.6107,29.9445,2025-07-01T22:00:00Z,1,22,7_1,0,2025,7
183259,536,164,9590334,-99.6107,29.9445,2025-07-01T23:00:00Z,1,23,7_1,0,2025,7
183259,536,164,9590334,-99.6107,29.9445,2025-07-02T00:00:00Z,2,0,7_2,0,2025,7
183259,536,164,9590334,-99.6107,29.9445,2025-07-02T01:00:00Z,2,1,7_2,0,2025,7
183259,536,164,9590334,-99.6107,29.9445,2025-07-02T02:00:00Z,2,2,7_2,0.25,2025,7
183259,536,164,9590334,-99.6107,29.9445,2025-07-02T03:00:00Z,2,3,7_2,1.75,2025,7
183259,536,164,9590334,-99.6107,29.9445,2025-07-02T04:00:00Z,2,4,7_2,0,2025,7
183259,536,164,9590334,-99.6107,29.9445,2025-07-02T05:00:00Z,2,5,7_2,0,2025,7
183259,536,164,9590334,-99.6107,29.9445,2025-07-02T06:00:00Z,2,6,7_2,0,2025,7
183259,536,164,9590334,-99.6107,29.9445,2025-07-02T07:00:00Z,2,7,7_2,0,2025,7
183259,536,164,9590334,-99.6107,29.9445,2025-07-02T08:00:00Z,2,8,7_2,0,2025,7
183259,536,164,9590334,-99.6107,29.9445,2025-07-02T09:00:00Z,2,9,7_2,0.5,2025,7
183259,536,164,9590334,-99.6107,29.9445,2025-07-02T10:00:00Z,2,10,7_2,0.375,2025,7
183259,536,164,9590334,-99.6107,29.9445,2025-07-02T11:00:00Z,2,11,7_2,0.25,2025,7
183259,536,164,9590334,-99.6107,29.9445,2025-07-02T12:00:00Z,2,12,7_2,0.25,2025,7
183259,536,164,9590334,-99.6107,29.9445,2025-07-02T13:00:00Z,2,13,7_2,0.125,2025,7
183259,536,164,9590334,-99.6107,29.9445,2025-07-02T14:00:00Z,2,14,7_2,0.375,2025,7
183259,536,164,9590334,-99.6107,29.9445,2025-07-02T15:00:00Z,2,15,7_2,0,2025,7
183259,536,164,9590334,-99.6107,29.9445,2025-07-02T16:00:00Z,2,16,7_2,0,2025,7
183259,536,164,9590334,-99.6107,29.9445,2025-07-02T17:00:00Z,2,17,7_2,7.125,2025,7
183259,536,164,9590334,-99.6107,29.9445,2025-07-02T18:00:00Z,2,18,7_2,0.125,2025,7
183259,536,164,9590334,-99.6107,29.9445,2025-07-02T19:00:00Z,2,19,7_2,7.375,2025,7
183259,536,164,9590334,-99.6107,29.9445,2025-07-02T20:00:00Z,2,20,7_2,4,2025,7
183259,536,164,9590334,-99.6107,29.9445,2025-07-02T21:00:00Z,2,21,7_2,4.25,2025,7
183259,536,164,9590334,-99.6107,29.9445,2025-07-02T22:00:00Z,2,22,7_2,0,2025,7
183259,536,164,9590334,-99.6107,29.9445,2025-07-02T23:00:00Z,2,23,7_2,0.5,2025,7
183259,536,164,9590334,-99.6107,29.9445,2025-07-03T00:00:00Z,3,0,7_3,0,2025,7
183259,536,164,9590334,-99.6107,29.9445,2025-07-03T01:00:00Z,3,1,7_3,0,2025,7
183259,536,164,9590334,-99.6107,29.9445,2025-07-03T02:00:00Z,3,2,7_3,0,2025,7
183259,536,164,9590334,-99.6107,29.9445,2025-07-03T03:00:00Z,3,3,7_3,0,2025,7
183259,536,164,9590334,-99.6107,29.9445,2025-07-03T04:00:00Z,3,4,7_3,0,2025,7
183259,536,164,9590334,-99.6107,29.9445,2025-07-03T05:00:00Z,3,5,7_3,0,2025,7
183259,536,164,9590334,-99.6107,29.9445,2025-07-03T06:00:00Z,3,6,7_3,0,2025,7
183259,536,164,9590334,-99.6107,29.9445,2025-07-03T07:00:00Z,3,7,7_3,0,2025,7
183259,536,164,9590334,-99.6107,29.9445,2025-07-03T08:00:00Z,3,8,7_3,0,2025,7
183259,536,164,9590334,-99.6107,29.9445,2025-07-03T09:00:00Z,3,9,7_3,0,2025,7
183259,536,164,9590334,-99.6107,29.9445,2025-07-03T10:00:00Z,3,10,7_3,0,2025,7
183259,536,164,9590334,-99.6107,29.9445,2025-07-03T11:00:00Z,3,11,7_3,0,2025,7
183259,536,164,9590334,-99.6107,29.9445,2025-07-03T12:00:00Z,3,12,7_3,0,2025,7
183259,536,164,9590334,-99.6107,29.9445,2025-07-03T13:00:00Z,3,13,7_3,0,2025,7
183259,536,164,9590334,-99.6107,29.9445,2025-07-03T14:00:00Z,3,14,7_3,0,2025,7
183259,536,164,9590334,-99.6107,29.9445,2025-07-03T15:00:00Z,3,15,7_3,0,2025,7
183259,536,164,9590334,-99.6107,29.9445,2025-07-03T16:00:00Z,3,16,7_3,0,2025,7
183259,536,164,9590334,-99.6107,29.9445,2025-07-03T17:00:00Z,3,17,7_3,0,2025,7
183259,536,164,9590334,-99.6107,29.9445,2025-07-03T18:00:00Z,3,18,7_3,0,2025,7
183259,536,164,9590334,-99.6107,29.9445,2025-07-03T19:00:00Z,3,19,7_3,0,2025,7
183259,536,164,9590334,-99.6107,29.9445,2025-07-03T20:00:00Z,3,20,7_3,0,2025,7
183259,536,164,9590334,-99.6107,29.9445,2025-07-03T21:00:00Z,3,21,7_3,0,2025,7
183259,536,164,9590334,-99.6107,29.9445,2025-07-03T22:00:00Z,3,22,7_3,0,2025,7
183259,536,164,9590334,-99.6107,29.9445,2025-07-03T23:00:00Z,3,23,7_3,0,2025,7
183259,536,164,9590334,-99.6107,29.9445,2025-07-04T00:00:00Z,4,0,7_4,0,2025,7
183259,536,164,9590334,-99.6107,29.9445,2025-07-04T01:00:00Z,4,1,7_4,0,2025,7
183259,536,164,9590334,-99.6107,29.9445,2025-07-04T02:00:00Z,4,2,7_4,0,2025,7
183259,536,164,9590334,-99.6107,29.9445,2025-07-04T03:00:00Z,4,3,7_4,0,2025,7
183259,536,164,9590334,-99.6107,29.9445,2025-07-04T04:00:00Z,4,4,7_4,0,2025,7
183259,536,164,9590334,-99.6107,29.9445,2025-07-04T05:00:00Z,4,5,7_4,0.75,2025,7
183259,536,164,9590334,-99.6107,29.9445,2025-07-04T06:00:00Z,4,6,7_4,11.875,2025,7
183259,536,164,9590334,-99.6107,29.9445,2025-07-04T07:00:00Z,4,7,7_4,5.375,2025,7
183259,536,164,9590334,-99.6107,29.9445,2025-07-04T08:00:00Z,4,8,7_4,26.5,2025,7
183259,536,164,9590334,-99.6107,29.9445,2025-07-04T09:00:00Z,4,9,7_4,3.75,2025,7
183259,536,164,9590334,-99.6107,29.9445,2025-07-04T10:00:00Z,4,10,7_4,5.25,2025,7
183259,536,164,9590334,-99.6107,29.9445,2025-07-04T11:00:00Z,4,11,7_4,5.25,2025,7
183259,536,164,9590334,-99.6107,29.9445,2025-07-04T12:00:00Z,4,12,7_4,3.875,2025,7
183259,536,164,9590334,-99.6107,29.9445,2025-07-04T13:00:00Z,4,13,7_4,1.5,2025,7
183259,536,164,9590334,-99.6107,29.9445,2025-07-04T14:00:00Z,4,14,7_4,4.5,2025,7
183259,536,164,9590334,-99.6107,29.9445,2025-07-04T15:00:00Z,4,15,7_4,14.25,2025,7
183259,536,164,9590334,-99.6107,29.9445,2025-07-04T16:00:00Z,4,16,7_4,7.875,2025,7
183259,536,164,9590334,-99.6107,29.9445,2025-07-04T17:00:00Z,4,17,7_4,8.75,2025,7
183259,536,164,9590334,-99.6107,29.9445,2025-07-04T18:00:00Z,4,18,7_4,1.375,2025,7
183259,536,164,9590334,-99.6107,29.9445,2025-07-04T19:00:00Z,4,19,7_4,0.5,2025,7
183259,536,164,9590334,-99.6107,29.9445,2025-07-04T20:00:00Z,4,20,7_4,0.25,2025,7
183259,536,164,9590334,-99.6107,29.9445,2025-07-04T21:00:00Z,4,21,7_4,0,2025,7
183259,536,164,9590334,-99.6107,29.9445,2025-07-04T22:00:00Z,4,22,7_4,0,2025,7
183259,536,164,9590334,-99.6107,29.9445,2025-07-04T23:00:00Z,4,23,7_4,0,2025,7
183260,537,164,14621112,-99.5712,29.9413,2025-07-01T00:00:00Z,1,0,7_1,2.125,2025,7
183260,537,164,14621112,-99.5712,29.9413,2025-07-01T01:00:00Z,1,1,7_1,0.375,2025,7
183260,537,164,14621112,-99.5712,29.9413,2025-07-01T02:00:00Z,1,2,7_1,0,2025,7
183260,537,164,14621112,-99.5712,29.9413,2025-07-01T03:00:00Z,1,3,7_1,0,2025,7
183260,537,164,14621112,-99.5712,29.9413,2025-07-01T04:00:00Z,1,4,7_1,0,2025,7
183260,537,164,14621112,-99.5712,29.9413,2025-07-01T05:00:00Z,1,5,7_1,0,2025,7
183260,537,164,14621112,-99.5712,29.9413,2025-07-01T06:00:00Z,1,6,7_1,0,2025,7
183260,537,164,14621112,-99.5712,29.9413,2025-07-01T07:00:00Z,1,7,7_1,0,2025,7
183260,537,164,14621112,-99.5712,29.9413,2025-07-01T08:00:00Z,1,8,7_1,0,2025,7
183260,537,164,14621112,-99.5712,29.9413,2025-07-01T09:00:00Z,1,9,7_1,1,2025,7
183260,537,164,14621112,-99.5712,29.9413,2025-07-01T10:00:00Z,1,10,7_1,0.375,2025,7
183260,537,164,14621112,-99.5712,29.9413,2025-07-01T11:00:00Z,1,11,7_1,0,2025,7
183260,537,164,14621112,-99.5712,29.9413,2025-07-01T12:00:00Z,1,12,7_1,0,2025,7
183260,537,164,14621112,-99.5712,29.9413,2025-07-01T13:00:00Z,1,13,7_1,0,2025,7
183260,537,164,14621112,-99.5712,29.9413,2025-07-01T14:00:00Z,1,14,7_1,0,2025,7
183260,537,164,14621112,-99.5712,29.9413,2025-07-01T15:00:00Z,1,15,7_1,0,2025,7
183260,537,164,14621112,-99.5712,29.9413,2025-07-01T16:00:00Z,1,16,7_1,0,2025,7
183260,537,164,14621112,-99.5712,29.9413,2025-07-01T17:00:00Z,1,17,7_1,0,2025,7
183260,537,164,14621112,-99.5712,29.9413,2025-07-01T18:00:00Z,1,18,7_1,0.25,2025,7
183260,537,164,14621112,-99.5712,29.9413,2025-07-01T19:00:00Z,1,19,7_1,0,2025,7
183260,537,164,14621112,-99.5712,29.9413,2025-07-01T20:00:00Z,1,20,7_1,0,2025,7
183260,537,164,14621112,-99.5712,29.9413,2025-07-01T21:00:00Z,1,21,7_1,0.375,2025,7
183260,537,164,14621112,-99.5712,29.9413,2025-07-01T22:00:00Z,1,22,7_1,0,2025,7
183260,537,164,14621112,-99.5712,29.9413,2025-07-01T23:00:00Z,1,23,7_1,0,2025,7
183260,537,164,14621112,-99.5712,29.9413,2025-07-02T00:00:00Z,2,0,7_2,0,2025,7
183260,537,164,14621112,-99.5712,29.9413,2025-07-02T01:00:00Z,2,1,7_2,0,2025,7
183260,537,164,14621112,-99.5712,29.9413,2025-07-02T02:00:00Z,2,2,7_2,0.25,2025,7
183260,537,164,14621112,-99.5712,29.9413,2025-07-02T03:00:00Z,2,3,7_2,2.875,2025,7
183260,537,164,14621112,-99.5712,29.9413,2025-07-02T04:00:00Z,2,4,7_2,0,2025,7
183260,537,164,14621112,-99.5712,29.9413,2025-07-02T05:00:00Z,2,5,7_2,0,2025,7
183260,537,164,14621112,-99.5712,29.9413,2025-07-02T06:00:00Z,2,6,7_2,0,2025,7
183260,537,164,14621112,-99.5712,29.9413,2025-07-02T07:00:00Z,2,7,7_2,0,2025,7
183260,537,164,14621112,-99.5712,29.9413,2025-07-02T08:00:00Z,2,8,7_2,0,2025,7
183260,537,164,14621112,-99.5712,29.9413,2025-07-02T09:00:00Z,2,9,7_2,0.5,2025,7
183260,537,164,14621112,-99.5712,29.9413,2025-07-02T10:00:00Z,2,10,7_2,0.125,2025,7
183260,537,164,14621112,-99.5712,29.9413,2025-07-02T11:00:00Z,2,11,7_2,0,2025,7
183260,537,164,14621112,-99.5712,29.9413,2025-07-02T12:00:00Z,2,12,7_2,0.375,2025,7
183260,537,164,14621112,-99.5712,29.9413,2025-07-02T13:00:00Z,2,13,7_2,0.375,2025,7
183260,537,164,14621112,-99.5712,29.9413,2025-07-02T14:00:00Z,2,14,7_2,1.125,2025,7
183260,537,164,14621112,-99.5712,29.9413,2025-07-02T15:00:00Z,2,15,7_2,0,2025,7
183260,537,164,14621112,-99.5712,29.9413,2025-07-02T16:00:00Z,2,16,7_2,0,2025,7
183260,537,164,14621112,-99.5712,29.9413,2025-07-02T17:00:00Z,2,17,7_2,4.25,2025,7
183260,537,164,14621112,-99.5712,29.9413,2025-07-02T18:00:00Z,2,18,7_2,1.375,2025,7
183260,537,164,14621112,-99.5712,29.9413,2025-07-02T19:00:00Z,2,19,7_2,7.5,2025,7
183260,537,164,14621112,-99.5712,29.9413,2025-07-02T20:00:00Z,2,20,7_2,5.625,2025,7
183260,537,164,14621112,-99.5712,29.9413,2025-07-02T21:00:00Z,2,21,7_2,4.125,2025,7
183260,537,164,14621112,-99.5712,29.9413,2025-07-02T22:00:00Z,2,22,7_2,0,2025,7
183260,537,164,14621112,-99.5712,29.9413,2025-07-02T23:00:00Z,2,23,7_2,0.375,2025,7
183260,537,164,14621112,-99.5712,29.9413,2025-07-03T00:00:00Z,3,0,7_3,0,2025,7
183260,537,164,14621112,-99.5712,29.9413,2025-07-03T01:00:00Z,3,1,7_3,0,2025,7
183260,537,164,14621112,-99.5712,29.9413,2025-07-03T02:00:00Z,3,2,7_3,0,2025,7
183260,537,164,14621112,-99.5712,29.9413,2025-07-03T03:00:00Z,3,3,7_3,0,2025,7
183260,537,164,14621112,-99.5712,29.9413,2025-07-03T04:00:00Z,3,4,7_3,0,2025,7
183260,537,164,14621112,-99.5712,29.9413,2025-07-03T05:00:00Z,3,5,7_3,0,2025,7
183260,537,164,14621112,-99.5712,29.9413,2025-07-03T06:00:00Z,3,6,7_3,0,2025,7
183260,537,164,14621112,-99.5712,29.9413,2025-07-03T07:00:00Z,3,7,7_3,0,2025,7
183260,537,164,14621112,-99.5712,29.9413,2025-07-03T08:00:00Z,3,8,7_3,0,2025,7
183260,537,164,14621112,-99.5712,29.9413,2025-07-03T09:00:00Z,3,9,7_3,0,2025,7
183260,537,164,14621112,-99.5712,29.9413,2025-07-03T10:00:00Z,3,10,7_3,0,2025,7
183260,537,164,14621112,-99.5712,29.9413,2025-07-03T11:00:00Z,3,11,7_3,0,2025,7
183260,537,164,14621112,-99.5712,29.9413,2025-07-03T12:00:00Z,3,12,7_3,0,2025,7
183260,537,164,14621112,-99.5712,29.9413,2025-07-03T13:00:00Z,3,13,7_3,0,2025,7
183260,537,164,14621112,-99.5712,29.9413,2025-07-03T14:00:00Z,3,14,7_3,0,2025,7
183260,537,164,14621112,-99.5712,29.9413,2025-07-03T15:00:00Z,3,15,7_3,0,2025,7
183260,537,164,14621112,-99.5712,29.9413,2025-07-03T16:00:00Z,3,16,7_3,0,2025,7
183260,537,164,14621112,-99.5712,29.9413,2025-07-03T17:00:00Z,3,17,7_3,0,2025,7
183260,537,164,14621112,-99.5712,29.9413,2025-07-03T18:00:00Z,3,18,7_3,0,2025,7
183260,537,164,14621112,-99.5712,29.9413,2025-07-03T19:00:00Z,3,19,7_3,0,2025,7
183260,537,164,14621112,-99.5712,29.9413,2025-07-03T20:00:00Z,3,20,7_3,0,2025,7
183260,537,164,14621112,-99.5712,29.9413,2025-07-03T21:00:00Z,3,21,7_3,0,2025,7
183260,537,164,14621112,-99.5712,29.9413,2025-07-03T22:00:00Z,3,22,7_3,0,2025,7
183260,537,164,14621112,-99.5712,29.9413,2025-07-03T23:00:00Z,3,23,7_3,0,2025,7
183260,537,164,14621112,-99.5712,29.9413,2025-07-04T00:00:00Z,4,0,7_4,0,2025,7
183260,537,164,14621112,-99.5712,29.9413,2025-07-04T01:00:00Z,4,1,7_4,0,2025,7
183260,537,164,14621112,-99.5712,29.9413,2025-07-04T02:00:00Z,4,2,7_4,0,2025,7
183260,537,164,14621112,-99.5712,29.9413,2025-07-04T03:00:00Z,4,3,7_4,0,2025,7
183260,537,164,14621112,-99.5712,29.9413,2025-07-04T04:00:00Z,4,4,7_4,0,2025,7
183260,537,164,14621112,-99.5712,29.9413,2025-07-04T05:00:00Z,4,5,7_4,0.875,2025,7
183260,537,164,14621112,-99.5712,29.9413,2025-07-04T06:00:00Z,4,6,7_4,28.875,2025,7
183260,537,164,14621112,-99.5712,29.9413,2025-07-04T07:00:00Z,4,7,7_4,12.625,2025,7
183260,537,164,14621112,-99.5712,29.9413,2025-07-04T08:00:00Z,4,8,7_4,42.25,2025,7
183260,537,164,14621112,-99.5712,29.9413,2025-07-04T09:00:00Z,4,9,7_4,14,2025,7
183260,537,164,14621112,-99.5712,29.9413,2025-07-04T10:00:00Z,4,10,7_4,4.125,2025,7
183260,537,164,14621112,-99.5712,29.9413,2025-07-04T11:00:00Z,4,11,7_4,4.125,2025,7
183260,537,164,14621112,-99.5712,29.9413,2025-07-04T12:00:00Z,4,12,7_4,4.125,2025,7
183260,537,164,14621112,-99.5712,29.9413,2025-07-04T13:00:00Z,4,13,7_4,1.625,2025,7
183260,537,164,14621112,-99.5712,29.9413,2025-07-04T14:00:00Z,4,14,7_4,3.5,2025,7
183260,537,164,14621112,-99.5712,29.9413,2025-07-04T15:00:00Z,4,15,7_4,14.875,2025,7
183260,537,164,14621112,-99.5712,29.9413,2025-07-04T16:00:00Z,4,16,7_4,8.5,2025,7
183260,537,164,14621112,-99.5712,29.9413,2025-07-04T17:00:00Z,4,17,7_4,9.875,2025,7
183260,537,164,14621112,-99.5712,29.9413,2025-07-04T18:00:00Z,4,18,7_4,1.5,2025,7
183260,537,164,14621112,-99.5712,29.9413,2025-07-04T19:00:00Z,4,19,7_4,0.25,2025,7
183260,537,164,14621112,-99.5712,29.9413,2025-07-04T20:00:00Z,4,20,7_4,0.375,2025,7
183260,537,164,14621112,-99.5712,29.9413,2025-07-04T21:00:00Z,4,21,7_4,0,2025,7
183260,537,164,14621112,-99.5712,29.9413,2025-07-04T22:00:00Z,4,22,7_4,0,2025,7
183260,537,164,14621112,-99.5712,29.9413,2025-07-04T23:00:00Z,4,23,7_4,0,2025,7
183261,538,164,14620139,-99.5316,29.938,2025-07-01T00:00:00Z,1,0,7_1,2.375,2025,7
183261,538,164,14620139,-99.5316,29.938,2025-07-01T01:00:00Z,1,1,7_1,0.375,2025,7
183261,538,164,14620139,-99.5316,29.938,2025-07-01T02:00:00Z,1,2,7_1,0,2025,7
183261,538,164,14620139,-99.5316,29.938,2025-07-01T03:00:00Z,1,3,7_1,0,2025,7
183261,538,164,14620139,-99.5316,29.938,2025-07-01T04:00:00Z,1,4,7_1,0,2025,7
183261,538,164,14620139,-99.5316,29.938,2025-07-01T05:00:00Z,1,5,7_1,0,2025,7
183261,538,164,14620139,-99.5316,29.938,2025-07-01T06:00:00Z,1,6,7_1,0,2025,7
183261,538,164,14620139,-99.5316,29.938,2025-07-01T07:00:00Z,1,7,7_1,0,2025,7
183261,538,164,14620139,-99.5316,29.938,2025-07-01T08:00:00Z,1,8,7_1,0,2025,7
183261,538,164,14620139,-99.5316,29.938,2025-07-01T09:00:00Z,1,9,7_1,0.75,2025,7
183261,538,164,14620139,-99.5316,29.938,2025-07-01T10:00:00Z,1,10,7_1,0.625,2025,7
183261,538,164,14620139,-99.5316,29.938,2025-07-01T11:00:00Z,1,11,7_1,0,2025,7
183261,538,164,14620139,-99.5316,29.938,2025-07-01T12:00:00Z,1,12,7_1,0,2025,7
183261,538,164,14620139,-99.5316,29.938,2025-07-01T13:00:00Z,1,13,7_1,0,2025,7
183261,538,164,14620139,-99.5316,29.938,2025-07-01T14:00:00Z,1,14,7_1,0.25,2025,7
183261,538,164,14620139,-99.5316,29.938,2025-07-01T15:00:00Z,1,15,7_1,0,2025,7
183261,538,164,14620139,-99.5316,29.938,2025-07-01T16:00:00Z,1,16,7_1,0,2025,7
183261,538,164,14620139,-99.5316,29.938,2025-07-01T17:00:00Z,1,17,7_1,0,2025,7
183261,538,164,14620139,-99.5316,29.938,2025-07-01T18:00:00Z,1,18,7_1,0.25,2025,7
183261,538,164,14620139,-99.5316,29.938,2025-07-01T19:00:00Z,1,19,7_1,0,2025,7
183261,538,164,14620139,-99.5316,29.938,2025-07-01T20:00:00Z,1,20,7_1,0,2025,7
183261,538,164,14620139,-99.5316,29.938,2025-07-01T21:00:00Z,1,21,7_1,0.125,2025,7
183261,538,164,14620139,-99.5316,29.938,2025-07-01T22:00:00Z,1,22,7_1,0,2025,7
183261,538,164,14620139,-99.5316,29.938,2025-07-01T23:00:00Z,1,23,7_1,0,2025,7
183261,538,164,14620139,-99.5316,29.938,2025-07-02T00:00:00Z,2,0,7_2,0,2025,7
183261,538,164,14620139,-99.5316,29.938,2025-07-02T01:00:00Z,2,1,7_2,0,2025,7
183261,538,164,14620139,-99.5316,29.938,2025-07-02T02:00:00Z,2,2,7_2,0.25,2025,7
183261,538,164,14620139,-99.5316,29.938,2025-07-02T03:00:00Z,2,3,7_2,2.5,2025,7
183261,538,164,14620139,-99.5316,29.938,2025-07-02T04:00:00Z,2,4,7_2,0,2025,7
183261,538,164,14620139,-99.5316,29.938,2025-07-02T05:00:00Z,2,5,7_2,0,2025,7
183261,538,164,14620139,-99.5316,29.938,2025-07-02T06:00:00Z,2,6,7_2,0,2025,7
183261,538,164,14620139,-99.5316,29.938,2025-07-02T07:00:00Z,2,7,7_2,0,2025,7
183261,538,164,14620139,-99.5316,29.938,2025-07-02T08:00:00Z,2,8,7_2,0,2025,7
183261,538,164,14620139,-99.5316,29.938,2025-07-02T09:00:00Z,2,9,7_2,0.375,2025,7
183261,538,164,14620139,-99.5316,29.938,2025-07-02T10:00:00Z,2,10,7_2,0,2025,7
183261,538,164,14620139,-99.5316,29.938,2025-07-02T11:00:00Z,2,11,7_2,0,2025,7
183261,538,164,14620139,-99.5316,29.938,2025-07-02T12:00:00Z,2,12,7_2,0.75,2025,7
183261,538,164,14620139,-99.5316,29.938,2025-07-02T13:00:00Z,2,13,7_2,0.625,2025,7
183261,538,164,14620139,-99.5316,29.938,2025-07-02T14:00:00Z,2,14,7_2,0.5,2025,7
183261,538,164,14620139,-99.5316,29.938,2025-07-02T15:00:00Z,2,15,7_2,0,2025,7
183261,538,164,14620139,-99.5316,29.938,2025-07-02T16:00:00Z,2,16,7_2,0,2025,7
183261,538,164,14620139,-99.5316,29.938,2025-07-02T17:00:00Z,2,17,7_2,2.25,2025,7
183261,538,164,14620139,-99.5316,29.938,2025-07-02T18:00:00Z,2,18,7_2,1.25,2025,7
183261,538,164,14620139,-99.5316,29.938,2025-07-02T19:00:00Z,2,19,7_2,5.875,2025,7
183261,538,164,14620139,-99.5316,29.938,2025-07-02T20:00:00Z,2,20,7_2,11.25,2025,7
183261,538,164,14620139,-99.5316,29.938,2025-07-02T21:00:00Z,2,21,7_2,5.5,2025,7
183261,538,164,14620139,-99.5316,29.938,2025-07-02T22:00:00Z,2,22,7_2,0,2025,7
183261,538,164,14620139,-99.5316,29.938,2025-07-02T23:00:00Z,2,23,7_2,0.25,2025,7
183261,538,164,14620139,-99.5316,29.938,2025-07-03T00:00:00Z,3,0,7_3,0,2025,7
183261,538,164,14620139,-99.5316,29.938,2025-07-03T01:00:00Z,3,1,7_3,0,2025,7
183261,538,164,14620139,-99.5316,29.938,2025-07-03T02:00:00Z,3,2,7_3,0,2025,7
183261,538,164,14620139,-99.5316,29.938,2025-07-03T03:00:00Z,3,3,7_3,0,2025,7
183261,538,164,14620139,-99.5316,29.938,2025-07-03T04:00:00Z,3,4,7_3,0,2025,7
183261,538,164,14620139,-99.5316,29.938,2025-07-03T05:00:00Z,3,5,7_3,0,2025,7
183261,538,164,14620139,-99.5316,29.938,2025-07-03T06:00:00Z,3,6,7_3,0,2025,7
183261,538,164,14620139,-99.5316,29.938,2025-07-03T07:00:00Z,3,7,7_3,0,2025,7
183261,538,164,14620139,-99.5316,29.938,2025-07-03T08:00:00Z,3,8,7_3,0,2025,7
183261,538,164,14620139,-99.5316,29.938,2025-07-03T09:00:00Z,3,9,7_3,0,2025,7
183261,538,164,14620139,-99.5316,29.938,2025-07-03T10:00:00Z,3,10,7_3,0,2025,7
183261,538,164,14620139,-99.5316,29.938,2025-07-03T11:00:00Z,3,11,7_3,0,2025,7
183261,538,164,14620139,-99.5316,29.938,2025-07-03T12:00:00Z,3,12,7_3,0,2025,7
183261,538,164,14620139,-99.5316,29.938,2025-07-03T13:00:00Z,3,13,7_3,0,2025,7
183261,538,164,14620139,-99.5316,29.938,2025-07-03T14:00:00Z,3,14,7_3,0,2025,7
183261,538,164,14620139,-99.5316,29.938,2025-07-03T15:00:00Z,3,15,7_3,0,2025,7
183261,538,164,14620139,-99.5316,29.938,2025-07-03T16:00:00Z,3,16,7_3,0.125,2025,7
183261,538,164,14620139,-99.5316,29.938,2025-07-03T17:00:00Z,3,17,7_3,0,2025,7
183261,538,164,14620139,-99.5316,29.938,2025-07-03T18:00:00Z,3,18,7_3,0,2025,7
183261,538,164,14620139,-99.5316,29.938,2025-07-03T19:00:00Z,3,19,7_3,0.125,2025,7
183261,538,164,14620139,-99.5316,29.938,2025-07-03T20:00:00Z,3,20,7_3,0,2025,7
183261,538,164,14620139,-99.5316,29.938,2025-07-03T21:00:00Z,3,21,7_3,0,2025,7
183261,538,164,14620139,-99.5316,29.938,2025-07-03T22:00:00Z,3,22,7_3,0,2025,7
183261,538,164,14620139,-99.5316,29.938,2025-07-03T23:00:00Z,3,23,7_3,0,2025,7
183261,538,164,14620139,-99.5316,29.938,2025-07-04T00:00:00Z,4,0,7_4,0,2025,7
183261,538,164,14620139,-99.5316,29.938,2025-07-04T01:00:00Z,4,1,7_4,0,2025,7
183261,538,164,14620139,-99.5316,29.938,2025-07-04T02:00:00Z,4,2,7_4,0,2025,7
183261,538,164,14620139,-99.5316,29.938,2025-07-04T03:00:00Z,4,3,7_4,0,2025,7
183261,538,164,14620139,-99.5316,29.938,2025-07-04T04:00:00Z,4,4,7_4,0.125,2025,7
183261,538,164,14620139,-99.5316,29.938,2025-07-04T05:00:00Z,4,5,7_4,1.125,2025,7
183261,538,164,14620139,-99.5316,29.938,2025-07-04T06:00:00Z,4,6,7_4,27.125,2025,7
183261,538,164,14620139,-99.5316,29.938,2025-07-04T07:00:00Z,4,7,7_4,21.5,2025,7
183261,538,164,14620139,-99.5316,29.938,2025-07-04T08:00:00Z,4,8,7_4,53.5,2025,7
183261,538,164,14620139,-99.5316,29.938,2025-07-04T09:00:00Z,4,9,7_4,28.875,2025,7
183261,538,164,14620139,-99.5316,29.938,2025-07-04T10:00:00Z,4,10,7_4,4.875,2025,7
183261,538,164,14620139,-99.5316,29.938,2025-07-04T11:00:00Z,4,11,7_4,2.875,2025,7
183261,538,164,14620139,-99.5316,29.938,2025-07-04T12:00:00Z,4,12,7_4,3.875,2025,7
183261,538,164,14620139,-99.5316,29.938,2025-07-04T13:00:00Z,4,13,7_4,1.625,2025,7
183261,538,164,14620139,-99.5316,29.938,2025-07-04T14:00:00Z,4,14,7_4,2.25,2025,7
183261,538,164,14620139,-99.5316,29.938,2025-07-04T15:00:00Z,4,15,7_4,12.625,2025,7
183261,538,164,14620139,-99.5316,29.938,2025-07-04T16:00:00Z,4,16,7_4,11.875,2025,7
183261,538,164,14620139,-99.5316,29.938,2025-07-04T17:00:00Z,4,17,7_4,10.375,2025,7
183261,538,164,14620139,-99.5316,29.938,2025-07-04T18:00:00Z,4,18,7_4,1.5,2025,7
183261,538,164,14620139,-99.5316,29.938,2025-07-04T19:00:00Z,4,19,7_4,0.25,2025,7
183261,538,164,14620139,-99.5316,29.938,2025-07-04T20:00:00Z,4,20,7_4,0.375,2025,7
183261,538,164,14620139,-99.5316,29.938,2025-07-04T21:00:00Z,4,21,7_4,0,2025,7
183261,538,164,14620139,-99.5316,29.938,2025-07-04T22:00:00Z,4,22,7_4,0,2025,7
183261,538,164,14620139,-99.5316,29.938,2025-07-04T23:00:00Z,4,23,7_4,0,2025,7
183262,539,164,14619158,-99.4921,29.9347,2025-07-01T00:00:00Z,1,0,7_1,2.375,2025,7
183262,539,164,14619158,-99.4921,29.9347,2025-07-01T01:00:00Z,1,1,7_1,0.25,2025,7
183262,539,164,14619158,-99.4921,29.9347,2025-07-01T02:00:00Z,1,2,7_1,0,2025,7
183262,539,164,14619158,-99.4921,29.9347,2025-07-01T03:00:00Z,1,3,7_1,0,2025,7
183262,539,164,14619158,-99.4921,29.9347,2025-07-01T04:00:00Z,1,4,7_1,0,2025,7
183262,539,164,14619158,-99.4921,29.9347,2025-07-01T05:00:00Z,1,5,7_1,0,2025,7
183262,539,164,14619158,-99.4921,29.9347,2025-07-01T06:00:00Z,1,6,7_1,0,2025,7
183262,539,164,14619158,-99.4921,29.9347,2025-07-01T07:00:00Z,1,7,7_1,0.125,2025,7
183262,539,164,14619158,-99.4921,29.9347,2025-07-01T08:00:00Z,1,8,7_1,0,2025,7
183262,539,164,14619158,-99.4921,29.9347,2025-07-01T09:00:00Z,1,9,7_1,0.625,2025,7
183262,539,164,14619158,-99.4921,29.9347,2025-07-01T10:00:00Z,1,10,7_1,1.375,2025,7
183262,539,164,14619158,-99.4921,29.9347,2025-07-01T11:00:00Z,1,11,7_1,0,2025,7
183262,539,164,14619158,-99.4921,29.9347,2025-07-01T12:00:00Z,1,12,7_1,0,2025,7
183262,539,164,14619158,-99.4921,29.9347,2025-07-01T13:00:00Z,1,13,7_1,0,2025,7
183262,539,164,14619158,-99.4921,29.9347,2025-07-01T14:00:00Z,1,14,7_1,0.125,2025,7
183262,539,164,14619158,-99.4921,29.9347,2025-07-01T15:00:00Z,1,15,7_1,0,2025,7
183262,539,164,14619158,-99.4921,29.9347,2025-07-01T16:00:00Z,1,16,7_1,0,2025,7
183262,539,164,14619158,-99.4921,29.9347,2025-07-01T17:00:00Z,1,17,7_1,0,2025,7
183262,539,164,14619158,-99.4921,29.9347,2025-07-01T18:00:00Z,1,18,7_1,0.125,2025,7
183262,539,164,14619158,-99.4921,29.9347,2025-07-01T19:00:00Z,1,19,7_1,0,2025,7
183262,539,164,14619158,-99.4921,29.9347,2025-07-01T20:00:00Z,1,20,7_1,0,2025,7
183262,539,164,14619158,-99.4921,29.9347,2025-07-01T21:00:00Z,1,21,7_1,0.5,2025,7
183262,539,164,14619158,-99.4921,29.9347,2025-07-01T22:00:00Z,1,22,7_1,0,2025,7
183262,539,164,14619158,-99.4921,29.9347,2025-07-01T23:00:00Z,1,23,7_1,0,2025,7
183262,539,164,14619158,-99.4921,29.9347,2025-07-02T00:00:00Z,2,0,7_2,0,2025,7
183262,539,164,14619158,-99.4921,29.9347,2025-07-02T01:00:00Z,2,1,7_2,0,2025,7
183262,539,164,14619158,-99.4921,29.9347,2025-07-02T02:00:00Z,2,2,7_2,0.375,2025,7
183262,539,164,14619158,-99.4921,29.9347,2025-07-02T03:00:00Z,2,3,7_2,2.875,2025,7
183262,539,164,14619158,-99.4921,29.9347,2025-07-02T04:00:00Z,2,4,7_2,0,2025,7
183262,539,164,14619158,-99.4921,29.9347,2025-07-02T05:00:00Z,2,5,7_2,0,2025,7
183262,539,164,14619158,-99.4921,29.9347,2025-07-02T06:00:00Z,2,6,7_2,0,2025,7
183262,539,164,14619158,-99.4921,29.9347,2025-07-02T07:00:00Z,2,7,7_2,0,2025,7
183262,539,164,14619158,-99.4921,29.9347,2025-07-02T08:00:00Z,2,8,7_2,0,2025,7
183262,539,164,14619158,-99.4921,29.9347,2025-07-02T09:00:00Z,2,9,7_2,0.125,2025,7
183262,539,164,14619158,-99.4921,29.9347,2025-07-02T10:00:00Z,2,10,7_2,0,2025,7
183262,539,164,14619158,-99.4921,29.9347,2025-07-02T11:00:00Z,2,11,7_2,0,2025,7
183262,539,164,14619158,-99.4921,29.9347,2025-07-02T12:00:00Z,2,12,7_2,1.125,2025,7
183262,539,164,14619158,-99.4921,29.9347,2025-07-02T13:00:00Z,2,13,7_2,0.5,2025,7
183262,539,164,14619158,-99.4921,29.9347,2025-07-02T14:00:00Z,2,14,7_2,0.375,2025,7
183262,539,164,14619158,-99.4921,29.9347,2025-07-02T15:00:00Z,2,15,7_2,0,2025,7
183262,539,164,14619158,-99.4921,29.9347,2025-07-02T16:00:00Z,2,16,7_2,0,2025,7
183262,539,164,14619158,-99.4921,29.9347,2025-07-02T17:00:00Z,2,17,7_2,1.75,2025,7
183262,539,164,14619158,-99.4921,29.9347,2025-07-02T18:00:00Z,2,18,7_2,4,2025,7
183262,539,164,14619158,-99.4921,29.9347,2025-07-02T19:00:00Z,2,19,7_2,2,2025,7
183262,539,164,14619158,-99.4921,29.9347,2025-07-02T20:00:00Z,2,20,7_2,10.875,2025,7
183262,539,164,14619158,-99.4921,29.9347,2025-07-02T21:00:00Z,2,21,7_2,5.5,2025,7
183262,539,164,14619158,-99.4921,29.9347,2025-07-02T22:00:00Z,2,22,7_2,0,2025,7
183262,539,164,14619158,-99.4921,29.9347,2025-07-02T23:00:00Z,2,23,7_2,1.25,2025,7
183262,539,164,14619158,-99.4921,29.9347,2025-07-03T00:00:00Z,3,0,7_3,0.25,2025,7
183262,539,164,14619158,-99.4921,29.9347,2025-07-03T01:00:00Z,3,1,7_3,0,2025,7
183262,539,164,14619158,-99.4921,29.9347,2025-07-03T02:00:00Z,3,2,7_3,0,2025,7
183262,539,164,14619158,-99.4921,29.9347,2025-07-03T03:00:00Z,3,3,7_3,0,2025,7
183262,539,164,14619158,-99.4921,29.9347,2025-07-03T04:00:00Z,3,4,7_3,0,2025,7
183262,539,164,14619158,-99.4921,29.9347,2025-07-03T05:00:00Z,3,5,7_3,0,2025,7
183262,539,164,14619158,-99.4921,29.9347,2025-07-03T06:00:00Z,3,6,7_3,0,2025,7
183262,539,164,14619158,-99.4921,29.9347,2025-07-03T07:00:00Z,3,7,7_3,0,2025,7
183262,539,164,14619158,-99.4921,29.9347,2025-07-03T08:00:00Z,3,8,7_3,0,2025,7
183262,539,164,14619158,-99.4921,29.9347,2025-07-03T09:00:00Z,3,9,7_3,0,2025,7
183262,539,164,14619158,-99.4921,29.9347,2025-07-03T10:00:00Z,3,10,7_3,0,2025,7
183262,539,164,14619158,-99.4921,29.9347,2025-07-03T11:00:00Z,3,11,7_3,0,2025,7
183262,539,164,14619158,-99.4921,29.9347,2025-07-03T12:00:00Z,3,12,7_3,0,2025,7
183262,539,164,14619158,-99.4921,29.9347,2025-07-03T13:00:00Z,3,13,7_3,0,2025,7
183262,539,164,14619158,-99.4921,29.9347,2025-07-03T14:00:00Z,3,14,7_3,0,2025,7
183262,539,164,14619158,-99.4921,29.9347,2025-07-03T15:00:00Z,3,15,7_3,0,2025,7
183262,539,164,14619158,-99.4921,29.9347,2025-07-03T16:00:00Z,3,16,7_3,0.125,2025,7
183262,539,164,14619158,-99.4921,29.9347,2025-07-03T17:00:00Z,3,17,7_3,0,2025,7
183262,539,164,14619158,-99.4921,29.9347,2025-07-03T18:00:00Z,3,18,7_3,0,2025,7
183262,539,164,14619158,-99.4921,29.9347,2025-07-03T19:00:00Z,3,19,7_3,0.125,2025,7
183262,539,164,14619158,-99.4921,29.9347,2025-07-03T20:00:00Z,3,20,7_3,0,2025,7
183262,539,164,14619158,-99.4921,29.9347,2025-07-03T21:00:00Z,3,21,7_3,0,2025,7
183262,539,164,14619158,-99.4921,29.9347,2025-07-03T22:00:00Z,3,22,7_3,0,2025,7
183262,539,164,14619158,-99.4921,29.9347,2025-07-03T23:00:00Z,3,23,7_3,0,2025,7
183262,539,164,14619158,-99.4921,29.9347,2025-07-04T00:00:00Z,4,0,7_4,0,2025,7
183262,539,164,14619158,-99.4921,29.9347,2025-07-04T01:00:00Z,4,1,7_4,0,2025,7
183262,539,164,14619158,-99.4921,29.9347,2025-07-04T02:00:00Z,4,2,7_4,0,2025,7
183262,539,164,14619158,-99.4921,29.9347,2025-07-04T03:00:00Z,4,3,7_4,0,2025,7
183262,539,164,14619158,-99.4921,29.9347,2025-07-04T04:00:00Z,4,4,7_4,0.375,2025,7
183262,539,164,14619158,-99.4921,29.9347,2025-07-04T05:00:00Z,4,5,7_4,1.75,2025,7
183262,539,164,14619158,-99.4921,29.9347,2025-07-04T06:00:00Z,4,6,7_4,22.125,2025,7
183262,539,164,14619158,-99.4921,29.9347,2025-07-04T07:00:00Z,4,7,7_4,37,2025,7
183262,539,164,14619158,-99.4921,29.9347,2025-07-04T08:00:00Z,4,8,7_4,87,2025,7
183262,539,164,14619158,-99.4921,29.9347,2025-07-04T09:00:00Z,4,9,7_4,42.875,2025,7
183262,539,164,14619158,-99.4921,29.9347,2025-07-04T10:00:00Z,4,10,7_4,4.875,2025,7
183262,539,164,14619158,-99.4921,29.9347,2025-07-04T11:00:00Z,4,11,7_4,2.375,2025,7
183262,539,164,14619158,-99.4921,29.9347,2025-07-04T12:00:00Z,4,12,7_4,4.25,2025,7
183262,539,164,14619158,-99.4921,29.9347,2025-07-04T13:00:00Z,4,13,7_4,1.625,2025,7
183262,539,164,14619158,-99.4921,29.9347,2025-07-04T14:00:00Z,4,14,7_4,1.875,2025,7
183262,539,164,14619158,-99.4921,29.9347,2025-07-04T15:00:00Z,4,15,7_4,9.125,2025,7
183262,539,164,14619158,-99.4921,29.9347,2025-07-04T16:00:00Z,4,16,7_4,16.25,2025,7
183262,539,164,14619158,-99.4921,29.9347,2025-07-04T17:00:00Z,4,17,7_4,11.25,2025,7
183262,539,164,14619158,-99.4921,29.9347,2025-07-04T18:00:00Z,4,18,7_4,1.75,2025,7
183262,539,164,14619158,-99.4921,29.9347,2025-07-04T19:00:00Z,4,19,7_4,0.25,2025,7
183262,539,164,14619158,-99.4921,29.9347,2025-07-04T20:00:00Z,4,20,7_4,0.375,2025,7
183262,539,164,14619158,-99.4921,29.9347,2025-07-04T21:00:00Z,4,21,7_4,0,2025,7
183262,539,164,14619158,-99.4921,29.9347,2025-07-04T22:00:00Z,4,22,7_4,0,2025,7
183262,539,164,14619158,-99.4921,29.9347,2025-07-04T23:00:00Z,4,23,7_4,0,2025,7
183263,540,164,12288605,-99.4526,29.9314,2025-07-01T00:00:00Z,1,0,7_1,2.125,2025,7
183263,540,164,12288605,-99.4526,29.9314,2025-07-01T01:00:00Z,1,1,7_1,0.25,2025,7
183263,540,164,12288605,-99.4526,29.9314,2025-07-01T02:00:00Z,1,2,7_1,0,2025,7
183263,540,164,12288605,-99.4526,29.9314,2025-07-01T03:00:00Z,1,3,7_1,0,2025,7
183263,540,164,12288605,-99.4526,29.9314,2025-07-01T04:00:00Z,1,4,7_1,0,2025,7
183263,540,164,12288605,-99.4526,29.9314,2025-07-01T05:00:00Z,1,5,7_1,0,2025,7
183263,540,164,12288605,-99.4526,29.9314,2025-07-01T06:00:00Z,1,6,7_1,0,2025,7
183263,540,164,12288605,-99.4526,29.9314,2025-07-01T07:00:00Z,1,7,7_1,0.375,2025,7
183263,540,164,12288605,-99.4526,29.9314,2025-07-01T08:00:00Z,1,8,7_1,0,2025,7
183263,540,164,12288605,-99.4526,29.9314,2025-07-01T09:00:00Z,1,9,7_1,0.625,2025,7
183263,540,164,12288605,-99.4526,29.9314,2025-07-01T10:00:00Z,1,10,7_1,0.875,2025,7
183263,540,164,12288605,-99.4526,29.9314,2025-07-01T11:00:00Z,1,11,7_1,0,2025,7
183263,540,164,12288605,-99.4526,29.9314,2025-07-01T12:00:00Z,1,12,7_1,0,2025,7
183263,540,164,12288605,-99.4526,29.9314,2025-07-01T13:00:00Z,1,13,7_1,0,2025,7
183263,540,164,12288605,-99.4526,29.9314,2025-07-01T14:00:00Z,1,14,7_1,0,2025,7
183263,540,164,12288605,-99.4526,29.9314,2025-07-01T15:00:00Z,1,15,7_1,0,2025,7
183263,540,164,12288605,-99.4526,29.9314,2025-07-01T16:00:00Z,1,16,7_1,0,2025,7
183263,540,164,12288605,-99.4526,29.9314,2025-07-01T17:00:00Z,1,17,7_1,0,2025,7
183263,540,164,12288605,-99.4526,29.9314,2025-07-01T18:00:00Z,1,18,7_1,0,2025,7
183263,540,164,12288605,-99.4526,29.9314,2025-07-01T19:00:00Z,1,19,7_1,0,2025,7
183263,540,164,12288605,-99.4526,29.9314,2025-07-01T20:00:00Z,1,20,7_1,0,2025,7
183263,540,164,12288605,-99.4526,29.9314,2025-07-01T21:00:00Z,1,21,7_1,0.625,2025,7
183263,540,164,12288605,-99.4526,29.9314,2025-07-01T22:00:00Z,1,22,7_1,0,2025,7
183263,540,164,12288605,-99.4526,29.9314,2025-07-01T23:00:00Z,1,23,7_1,0,2025,7
183263,540,164,12288605,-99.4526,29.9314,2025-07-02T00:00:00Z,2,0,7_2,0,2025,7
183263,540,164,12288605,-99.4526,29.9314,2025-07-02T01:00:00Z,2,1,7_2,0,2025,7
183263,540,164,12288605,-99.4526,29.9314,2025-07-02T02:00:00Z,2,2,7_2,0.75,2025,7
183263,540,164,12288605,-99.4526,29.9314,2025-07-02T03:00:00Z,2,3,7_2,2.75,2025,7
183263,540,164,12288605,-99.4526,29.9314,2025-07-02T04:00:00Z,2,4,7_2,0,2025,7
183263,540,164,12288605,-99.4526,29.9314,2025-07-02T05:00:00Z,2,5,7_2,0,2025,7
183263,540,164,12288605,-99.4526,29.9314,2025-07-02T06:00:00Z,2,6,7_2,0,2025,7
183263,540,164,12288605,-99.4526,29.9314,2025-07-02T07:00:00Z,2,7,7_2,0,2025,7
183263,540,164,12288605,-99.4526,29.9314,2025-07-02T08:00:00Z,2,8,7_2,0,2025,7
183263,540,164,12288605,-99.4526,29.9314,2025-07-02T09:00:00Z,2,9,7_2,0,2025,7
183263,540,164,12288605,-99.4526,29.9314,2025-07-02T10:00:00Z,2,10,7_2,0,2025,7
183263,540,164,12288605,-99.4526,29.9314,2025-07-02T11:00:00Z,2,11,7_2,0,2025,7
183263,540,164,12288605,-99.4526,29.9314,2025-07-02T12:00:00Z,2,12,7_2,1.25,2025,7
183263,540,164,12288605,-99.4526,29.9314,2025-07-02T13:00:00Z,2,13,7_2,0.375,2025,7
183263,540,164,12288605,-99.4526,29.9314,2025-07-02T14:00:00Z,2,14,7_2,0.75,2025,7
183263,540,164,12288605,-99.4526,29.9314,2025-07-02T15:00:00Z,2,15,7_2,0,2025,7
183263,540,164,12288605,-99.4526,29.9314,2025-07-02T16:00:00Z,2,16,7_2,0,2025,7
183263,540,164,12288605,-99.4526,29.9314,2025-07-02T17:00:00Z,2,17,7_2,2.75,2025,7
183263,540,164,12288605,-99.4526,29.9314,2025-07-02T18:00:00Z,2,18,7_2,5.625,2025,7
183263,540,164,12288605,-99.4526,29.9314,2025-07-02T19:00:00Z,2,19,7_2,0.25,2025,7
183263,540,164,12288605,-99.4526,29.9314,2025-07-02T20:00:00Z,2,20,7_2,4.875,2025,7
183263,540,164,12288605,-99.4526,29.9314,2025-07-02T21:00:00Z,2,21,7_2,4.125,2025,7
183263,540,164,12288605,-99.4526,29.9314,2025-07-02T22:00:00Z,2,22,7_2,0,2025,7
183263,540,164,12288605,-99.4526,29.9314,2025-07-02T23:00:00Z,2,23,7_2,1.375,2025,7
183263,540,164,12288605,-99.4526,29.9314,2025-07-03T00:00:00Z,3,0,7_3,0.375,2025,7
183263,540,164,12288605,-99.4526,29.9314,2025-07-03T01:00:00Z,3,1,7_3,0,2025,7
183263,540,164,12288605,-99.4526,29.9314,2025-07-03T02:00:00Z,3,2,7_3,0,2025,7
183263,540,164,12288605,-99.4526,29.9314,2025-07-03T03:00:00Z,3,3,7_3,0,2025,7
183263,540,164,12288605,-99.4526,29.9314,2025-07-03T04:00:00Z,3,4,7_3,0,2025,7
183263,540,164,12288605,-99.4526,29.9314,2025-07-03T05:00:00Z,3,5,7_3,0,2025,7
183263,540,164,12288605,-99.4526,29.9314,2025-07-03T06:00:00Z,3,6,7_3,0,2025,7
183263,540,164,12288605,-99.4526,29.9314,2025-07-03T07:00:00Z,3,7,7_3,0,2025,7
183263,540,164,12288605,-99.4526,29.9314,2025-07-03T08:00:00Z,3,8,7_3,0,2025,7
183263,540,164,12288605,-99.4526,29.9314,2025-07-03T09:00:00Z,3,9,7_3,0,2025,7
183263,540,164,12288605,-99.4526,29.9314,2025-07-03T10:00:00Z,3,10,7_3,0,2025,7
183263,540,164,12288605,-99.4526,29.9314,2025-07-03T11:00:00Z,3,11,7_3,0,2025,7
183263,540,164,12288605,-99.4526,29.9314,2025-07-03T12:00:00Z,3,12,7_3,0,2025,7
183263,540,164,12288605,-99.4526,29.9314,2025-07-03T13:00:00Z,3,13,7_3,0,2025,7
183263,540,164,12288605,-99.4526,29.9314,2025-07-03T14:00:00Z,3,14,7_3,0,2025,7
183263,540,164,12288605,-99.4526,29.9314,2025-07-03T15:00:00Z,3,15,7_3,0,2025,7
183263,540,164,12288605,-99.4526,29.9314,2025-07-03T16:00:00Z,3,16,7_3,0.125,2025,7
183263,540,164,12288605,-99.4526,29.9314,2025-07-03T17:00:00Z,3,17,7_3,0,2025,7
183263,540,164,12288605,-99.4526,29.9314,2025-07-03T18:00:00Z,3,18,7_3,0,2025,7
183263,540,164,12288605,-99.4526,29.9314,2025-07-03T19:00:00Z,3,19,7_3,0.125,2025,7
183263,540,164,12288605,-99.4526,29.9314,2025-07-03T20:00:00Z,3,20,7_3,0,2025,7
183263,540,164,12288605,-99.4526,29.9314,2025-07-03T21:00:00Z,3,21,7_3,0,2025,7
183263,540,164,12288605,-99.4526,29.9314,2025-07-03T22:00:00Z,3,22,7_3,0,2025,7
183263,540,164,12288605,-99.4526,29.9314,2025-07-03T23:00:00Z,3,23,7_3,0,2025,7
183263,540,164,12288605,-99.4526,29.9314,2025-07-04T00:00:00Z,4,0,7_4,0,2025,7
183263,540,164,12288605,-99.4526,29.9314,2025-07-04T01:00:00Z,4,1,7_4,0,2025,7
183263,540,164,12288605,-99.4526,29.9314,2025-07-04T02:00:00Z,4,2,7_4,0,2025,7
183263,540,164,12288605,-99.4526,29.9314,2025-07-04T03:00:00Z,4,3,7_4,0,2025,7
183263,540,164,12288605,-99.4526,29.9314,2025-07-04T04:00:00Z,4,4,7_4,0.625,2025,7
183263,540,164,12288605,-99.4526,29.9314,2025-07-04T05:00:00Z,4,5,7_4,5.375,2025,7
183263,540,164,12288605,-99.4526,29.9314,2025-07-04T06:00:00Z,4,6,7_4,18.375,2025,7
183263,540,164,12288605,-99.4526,29.9314,2025-07-04T07:00:00Z,4,7,7_4,57.75,2025,7
183263,540,164,12288605,-99.4526,29.9314,2025-07-04T08:00:00Z,4,8,7_4,136.75,2025,7
183263,540,164,12288605,-99.4526,29.9314,2025-07-04T09:00:00Z,4,9,7_4,64.875,2025,7
183263,540,164,12288605,-99.4526,29.9314,2025-07-04T10:00:00Z,4,10,7_4,4.875,2025,7
183263,540,164,12288605,-99.4526,29.9314,2025-07-04T11:00:00Z,4,11,7_4,2.125,2025,7
183263,540,164,12288605,-99.4526,29.9314,2025-07-04T12:00:00Z,4,12,7_4,4.75,2025,7
183263,540,164,12288605,-99.4526,29.9314,2025-07-04T13:00:00Z,4,13,7_4,1.5,2025,7
183263,540,164,12288605,-99.4526,29.9314,2025-07-04T14:00:00Z,4,14,7_4,1.625,2025,7
183263,540,164,12288605,-99.4526,29.9314,2025-07-04T15:00:00Z,4,15,7_4,6.75,2025,7
183263,540,164,12288605,-99.4526,29.9314,2025-07-04T16:00:00Z,4,16,7_4,17.375,2025,7
183263,540,164,12288605,-99.4526,29.9314,2025-07-04T17:00:00Z,4,17,7_4,12,2025,7
183263,540,164,12288605,-99.4526,29.9314,2025-07-04T18:00:00Z,4,18,7_4,2,2025,7
183263,540,164,12288605,-99.4526,29.9314,2025-07-04T19:00:00Z,4,19,7_4,0.375,2025,7
183263,540,164,12288605,-99.4526,29.9314,2025-07-04T20:00:00Z,4,20,7_4,0.375,2025,7
183263,540,164,12288605,-99.4526,29.9314,2025-07-04T21:00:00Z,4,21,7_4,0,2025,7
183263,540,164,12288605,-99.4526,29.9314,2025-07-04T22:00:00Z,4,22,7_4,0,2025,7
183263,540,164,12288605,-99.4526,29.9314,2025-07-04T23:00:00Z,4,23,7_4,0,2025,7
183264,541,164,6334310,-99.4131,29.928,2025-07-01T00:00:00Z,1,0,7_1,2,2025,7
183264,541,164,6334310,-99.4131,29.928,2025-07-01T01:00:00Z,1,1,7_1,0.25,2025,7
183264,541,164,6334310,-99.4131,29.928,2025-07-01T02:00:00Z,1,2,7_1,0,2025,7
183264,541,164,6334310,-99.4131,29.928,2025-07-01T03:00:00Z,1,3,7_1,0,2025,7
183264,541,164,6334310,-99.4131,29.928,2025-07-01T04:00:00Z,1,4,7_1,0,2025,7
183264,541,164,6334310,-99.4131,29.928,2025-07-01T05:00:00Z,1,5,7_1,0,2025,7
183264,541,164,6334310,-99.4131,29.928,2025-07-01T06:00:00Z,1,6,7_1,0,2025,7
183264,541,164,6334310,-99.4131,29.928,2025-07-01T07:00:00Z,1,7,7_1,0.5,2025,7
183264,541,164,6334310,-99.4131,29.928,2025-07-01T08:00:00Z,1,8,7_1,0.125,2025,7
183264,541,164,6334310,-99.4131,29.928,2025-07-01T09:00:00Z,1,9,7_1,0.75,2025,7
183264,541,164,6334310,-99.4131,29.928,2025-07-01T10:00:00Z,1,10,7_1,0.25,2025,7
183264,541,164,6334310,-99.4131,29.928,2025-07-01T11:00:00Z,1,11,7_1,0,2025,7
183264,541,164,6334310,-99.4131,29.928,2025-07-01T12:00:00Z,1,12,7_1,0,2025,7
183264,541,164,6334310,-99.4131,29.928,2025-07-01T13:00:00Z,1,13,7_1,0,2025,7
183264,541,164,6334310,-99.4131,29.928,2025-07-01T14:00:00Z,1,14,7_1,0,2025,7
183264,541,164,6334310,-99.4131,29.928,2025-07-01T15:00:00Z,1,15,7_1,0,2025,7
183264,541,164,6334310,-99.4131,29.928,2025-07-01T16:00:00Z,1,16,7_1,0,2025,7
183264,541,164,6334310,-99.4131,29.928,2025-07-01T17:00:00Z,1,17,7_1,0,2025,7
183264,541,164,6334310,-99.4131,29.928,2025-07-01T18:00:00Z,1,18,7_1,0,2025,7
183264,541,164,6334310,-99.4131,29.928,2025-07-01T19:00:00Z,1,19,7_1,0,2025,7
183264,541,164,6334310,-99.4131,29.928,2025-07-01T20:00:00Z,1,20,7_1,0,2025,7
183264,541,164,6334310,-99.4131,29.928,2025-07-01T21:00:00Z,1,21,7_1,0,2025,7
183264,541,164,6334310,-99.4131,29.928,2025-07-01T22:00:00Z,1,22,7_1,0,2025,7
183264,541,164,6334310,-99.4131,29.928,2025-07-01T23:00:00Z,1,23,7_1,0,2025,7
183264,541,164,6334310,-99.4131,29.928,2025-07-02T00:00:00Z,2,0,7_2,0,2025,7
183264,541,164,6334310,-99.4131,29.928,2025-07-02T01:00:00Z,2,1,7_2,0,2025,7
183264,541,164,6334310,-99.4131,29.928,2025-07-02T02:00:00Z,2,2,7_2,1,2025,7
183264,541,164,6334310,-99.4131,29.928,2025-07-02T03:00:00Z,2,3,7_2,3.75,2025,7
183264,541,164,6334310,-99.4131,29.928,2025-07-02T04:00:00Z,2,4,7_2,0,2025,7
183264,541,164,6334310,-99.4131,29.928,2025-07-02T05:00:00Z,2,5,7_2,0,2025,7
183264,541,164,6334310,-99.4131,29.928,2025-07-02T06:00:00Z,2,6,7_2,0,2025,7
183264,541,164,6334310,-99.4131,29.928,2025-07-02T07:00:00Z,2,7,7_2,0,2025,7
183264,541,164,6334310,-99.4131,29.928,2025-07-02T08:00:00Z,2,8,7_2,0,2025,7
183264,541,164,6334310,-99.4131,29.928,2025-07-02T09:00:00Z,2,9,7_2,0,2025,7
183264,541,164,6334310,-99.4131,29.928,2025-07-02T10:00:00Z,2,10,7_2,0,2025,7
183264,541,164,6334310,-99.4131,29.928,2025-07-02T11:00:00Z,2,11,7_2,0,2025,7
183264,541,164,6334310,-99.4131,29.928,2025-07-02T12:00:00Z,2,12,7_2,1.125,2025,7
183264,541,164,6334310,-99.4131,29.928,2025-07-02T13:00:00Z,2,13,7_2,0.375,2025,7
183264,541,164,6334310,-99.4131,29.928,2025-07-02T14:00:00Z,2,14,7_2,0.875,2025,7
183264,541,164,6334310,-99.4131,29.928,2025-07-02T15:00:00Z,2,15,7_2,0,2025,7
183264,541,164,6334310,-99.4131,29.928,2025-07-02T16:00:00Z,2,16,7_2,0,2025,7
183264,541,164,6334310,-99.4131,29.928,2025-07-02T17:00:00Z,2,17,7_2,3.5,2025,7
183264,541,164,6334310,-99.4131,29.928,2025-07-02T18:00:00Z,2,18,7_2,5.625,2025,7
183264,541,164,6334310,-99.4131,29.928,2025-07-02T19:00:00Z,2,19,7_2,0.375,2025,7
183264,541,164,6334310,-99.4131,29.928,2025-07-02T20:00:00Z,2,20,7_2,4.25,2025,7
183264,541,164,6334310,-99.4131,29.928,2025-07-02T21:00:00Z,2,21,7_2,2.625,2025,7
183264,541,164,6334310,-99.4131,29.928,2025-07-02T22:00:00Z,2,22,7_2,0,2025,7
183264,541,164,6334310,-99.4131,29.928,2025-07-02T23:00:00Z,2,23,7_2,0.375,2025,7
183264,541,164,6334310,-99.4131,29.928,2025-07-03T00:00:00Z,3,0,7_3,0.375,2025,7
183264,541,164,6334310,-99.4131,29.928,2025-07-03T01:00:00Z,3,1,7_3,0,2025,7
183264,541,164,6334310,-99.4131,29.928,2025-07-03T02:00:00Z,3,2,7_3,0,2025,7
183264,541,164,6334310,-99.4131,29.928,2025-07-03T03:00:00Z,3,3,7_3,0,2025,7
183264,541,164,6334310,-99.4131,29.928,2025-07-03T04:00:00Z,3,4,7_3,0,2025,7
183264,541,164,6334310,-99.4131,29.928,2025-07-03T05:00:00Z,3,5,7_3,0,2025,7
183264,541,164,6334310,-99.4131,29.928,2025-07-03T06:00:00Z,3,6,7_3,0,2025,7
183264,541,164,6334310,-99.4131,29.928,2025-07-03T07:00:00Z,3,7,7_3,0,2025,7
183264,541,164,6334310,-99.4131,29.928,2025-07-03T08:00:00Z,3,8,7_3,0,2025,7
183264,541,164,6334310,-99.4131,29.928,2025-07-03T09:00:00Z,3,9,7_3,0,2025,7
183264,541,164,6334310,-99.4131,29.928,2025-07-03T10:00:00Z,3,10,7_3,0,2025,7
183264,541,164,6334310,-99.4131,29.928,2025-07-03T11:00:00Z,3,11,7_3,0,2025,7
183264,541,164,6334310,-99.4131,29.928,2025-07-03T12:00:00Z,3,12,7_3,0,2025,7
183264,541,164,6334310,-99.4131,29.928,2025-07-03T13:00:00Z,3,13,7_3,0,2025,7
183264,541,164,6334310,-99.4131,29.928,2025-07-03T14:00:00Z,3,14,7_3,0,2025,7
183264,541,164,6334310,-99.4131,29.928,2025-07-03T15:00:00Z,3,15,7_3,0,2025,7
183264,541,164,6334310,-99.4131,29.928,2025-07-03T16:00:00Z,3,16,7_3,0.125,2025,7
183264,541,164,6334310,-99.4131,29.928,2025-07-03T17:00:00Z,3,17,7_3,0,2025,7
183264,541,164,6334310,-99.4131,29.928,2025-07-03T18:00:00Z,3,18,7_3,0,2025,7
183264,541,164,6334310,-99.4131,29.928,2025-07-03T19:00:00Z,3,19,7_3,0.5,2025,7
183264,541,164,6334310,-99.4131,29.928,2025-07-03T20:00:00Z,3,20,7_3,0,2025,7
183264,541,164,6334310,-99.4131,29.928,2025-07-03T21:00:00Z,3,21,7_3,0.125,2025,7
183264,541,164,6334310,-99.4131,29.928,2025-07-03T22:00:00Z,3,22,7_3,0,2025,7
183264,541,164,6334310,-99.4131,29.928,2025-07-03T23:00:00Z,3,23,7_3,0,2025,7
183264,541,164,6334310,-99.4131,29.928,2025-07-04T00:00:00Z,4,0,7_4,0,2025,7
183264,541,164,6334310,-99.4131,29.928,2025-07-04T01:00:00Z,4,1,7_4,0,2025,7
183264,541,164,6334310,-99.4131,29.928,2025-07-04T02:00:00Z,4,2,7_4,0,2025,7
183264,541,164,6334310,-99.4131,29.928,2025-07-04T03:00:00Z,4,3,7_4,0,2025,7
183264,541,164,6334310,-99.4131,29.928,2025-07-04T04:00:00Z,4,4,7_4,0.125,2025,7
183264,541,164,6334310,-99.4131,29.928,2025-07-04T05:00:00Z,4,5,7_4,8.375,2025,7
183264,541,164,6334310,-99.4131,29.928,2025-07-04T06:00:00Z,4,6,7_4,12.375,2025,7
183264,541,164,6334310,-99.4131,29.928,2025-07-04T07:00:00Z,4,7,7_4,76,2025,7
183264,541,164,6334310,-99.4131,29.928,2025-07-04T08:00:00Z,4,8,7_4,102.625,2025,7
183264,541,164,6334310,-99.4131,29.928,2025-07-04T09:00:00Z,4,9,7_4,44.625,2025,7
183264,541,164,6334310,-99.4131,29.928,2025-07-04T10:00:00Z,4,10,7_4,3.625,2025,7
183264,541,164,6334310,-99.4131,29.928,2025-07-04T11:00:00Z,4,11,7_4,2.125,2025,7
183264,541,164,6334310,-99.4131,29.928,2025-07-04T12:00:00Z,4,12,7_4,5,2025,7
183264,541,164,6334310,-99.4131,29.928,2025-07-04T13:00:00Z,4,13,7_4,1.625,2025,7
183264,541,164,6334310,-99.4131,29.928,2025-07-04T14:00:00Z,4,14,7_4,1.625,2025,7
183264,541,164,6334310,-99.4131,29.928,2025-07-04T15:00:00Z,4,15,7_4,4.25,2025,7
183264,541,164,6334310,-99.4131,29.928,2025-07-04T16:00:00Z,4,16,7_4,17.375,2025,7
183264,541,164,6334310,-99.4131,29.928,2025-07-04T17:00:00Z,4,17,7_4,13.625,2025,7
183264,541,164,6334310,-99.4131,29.928,2025-07-04T18:00:00Z,4,18,7_4,2.375,2025,7
183264,541,164,6334310,-99.4131,29.928,2025-07-04T19:00:00Z,4,19,7_4,0.5,2025,7
183264,541,164,6334310,-99.4131,29.928,2025-07-04T20:00:00Z,4,20,7_4,0.5,2025,7
183264,541,164,6334310,-99.4131,29.928,2025-07-04T21:00:00Z,4,21,7_4,0.125,2025,7
183264,541,164,6334310,-99.4131,29.928,2025-07-04T22:00:00Z,4,22,7_4,0.125,2025,7
183264,541,164,6334310,-99.4131,29.928,2025-07-04T23:00:00Z,4,23,7_4,0,2025,7
183265,542,164,568773,-99.3736,29.9247,2025-07-01T00:00:00Z,1,0,7_1,1.875,2025,7
183265,542,164,568773,-99.3736,29.9247,2025-07-01T01:00:00Z,1,1,7_1,0.125,2025,7
183265,542,164,568773,-99.3736,29.9247,2025-07-01T02:00:00Z,1,2,7_1,0,2025,7
183265,542,164,568773,-99.3736,29.9247,2025-07-01T03:00:00Z,1,3,7_1,0,2025,7
183265,542,164,568773,-99.3736,29.9247,2025-07-01T04:00:00Z,1,4,7_1,0,2025,7
183265,542,164,568773,-99.3736,29.9247,2025-07-01T05:00:00Z,1,5,7_1,0,2025,7
183265,542,164,568773,-99.3736,29.9247,2025-07-01T06:00:00Z,1,6,7_1,0,2025,7
183265,542,164,568773,-99.3736,29.9247,2025-07-01T07:00:00Z,1,7,7_1,0.375,2025,7
183265,542,164,568773,-99.3736,29.9247,2025-07-01T08:00:00Z,1,8,7_1,0.5,2025,7
183265,542,164,568773,-99.3736,29.9247,2025-07-01T09:00:00Z,1,9,7_1,0.625,2025,7
183265,542,164,568773,-99.3736,29.9247,2025-07-01T10:00:00Z,1,10,7_1,0.125,2025,7
183265,542,164,568773,-99.3736,29.9247,2025-07-01T11:00:00Z,1,11,7_1,0,2025,7
183265,542,164,568773,-99.3736,29.9247,2025-07-01T12:00:00Z,1,12,7_1,0,2025,7
183265,542,164,568773,-99.3736,29.9247,2025-07-01T13:00:00Z,1,13,7_1,0,2025,7
183265,542,164,568773,-99.3736,29.9247,2025-07-01T14:00:00Z,1,14,7_1,0,2025,7
183265,542,164,568773,-99.3736,29.9247,2025-07-01T15:00:00Z,1,15,7_1,0,2025,7
183265,542,164,568773,-99.3736,29.9247,2025-07-01T16:00:00Z,1,16,7_1,0,2025,7
183265,542,164,568773,-99.3736,29.9247,2025-07-01T17:00:00Z,1,17,7_1,0,2025,7
183265,542,164,568773,-99.3736,29.9247,2025-07-01T18:00:00Z,1,18,7_1,0,2025,7
183265,542,164,568773,-99.3736,29.9247,2025-07-01T19:00:00Z,1,19,7_1,0,2025,7
183265,542,164,568773,-99.3736,29.9247,2025-07-01T20:00:00Z,1,20,7_1,0,2025,7
183265,542,164,568773,-99.3736,29.9247,2025-07-01T21:00:00Z,1,21,7_1,0,2025,7
183265,542,164,568773,-99.3736,29.9247,2025-07-01T22:00:00Z,1,22,7_1,0,2025,7
183265,542,164,568773,-99.3736,29.9247,2025-07-01T23:00:00Z,1,23,7_1,0,2025,7
183265,542,164,568773,-99.3736,29.9247,2025-07-02T00:00:00Z,2,0,7_2,0,2025,7
183265,542,164,568773,-99.3736,29.9247,2025-07-02T01:00:00Z,2,1,7_2,0.125,2025,7
183265,542,164,568773,-99.3736,29.9247,2025-07-02T02:00:00Z,2,2,7_2,1.25,2025,7
183265,542,164,568773,-99.3736,29.9247,2025-07-02T03:00:00Z,2,3,7_2,2.75,2025,7
183265,542,164,568773,-99.3736,29.9247,2025-07-02T04:00:00Z,2,4,7_2,0.125,2025,7
183265,542,164,568773,-99.3736,29.9247,2025-07-02T05:00:00Z,2,5,7_2,0,2025,7
183265,542,164,568773,-99.3736,29.9247,2025-07-02T06:00:00Z,2,6,7_2,0,2025,7
183265,542,164,568773,-99.3736,29.9247,2025-07-02T07:00:00Z,2,7,7_2,0,2025,7
183265,542,164,568773,-99.3736,29.9247,2025-07-02T08:00:00Z,2,8,7_2,0,2025,7
183265,542,164,568773,-99.3736,29.9247,2025-07-02T09:00:00Z,2,9,7_2,0,2025,7
183265,542,164,568773,-99.3736,29.9247,2025-07-02T10:00:00Z,2,10,7_2,0,2025,7
183265,542,164,568773,-99.3736,29.9247,2025-07-02T11:00:00Z,2,11,7_2,0,2025,7
183265,542,164,568773,-99.3736,29.9247,2025-07-02T12:00:00Z,2,12,7_2,1.25,2025,7
183265,542,164,568773,-99.3736,29.9247,2025-07-02T13:00:00Z,2,13,7_2,0.125,2025,7
183265,542,164,568773,-99.3736,29.9247,2025-07-02T14:00:00Z,2,14,7_2,0.875,2025,7
183265,542,164,568773,-99.3736,29.9247,2025-07-02T15:00:00Z,2,15,7_2,0,2025,7
183265,542,164,568773,-99.3736,29.9247,2025-07-02T16:00:00Z,2,16,7_2,0,2025,7
183265,542,164,568773,-99.3736,29.9247,2025-07-02T17:00:00Z,2,17,7_2,4,2025,7
183265,542,164,568773,-99.3736,29.9247,2025-07-02T18:00:00Z,2,18,7_2,6.125,2025,7
183265,542,164,568773,-99.3736,29.9247,2025-07-02T19:00:00Z,2,19,7_2,1.75,2025,7
183265,542,164,568773,-99.3736,29.9247,2025-07-02T20:00:00Z,2,20,7_2,3.75,2025,7
183265,542,164,568773,-99.3736,29.9247,2025-07-02T21:00:00Z,2,21,7_2,1.5,2025,7
183265,542,164,568773,-99.3736,29.9247,2025-07-02T22:00:00Z,2,22,7_2,0,2025,7
183265,542,164,568773,-99.3736,29.9247,2025-07-02T23:00:00Z,2,23,7_2,0,2025,7
183265,542,164,568773,-99.3736,29.9247,2025-07-03T00:00:00Z,3,0,7_3,0.25,2025,7
183265,542,164,568773,-99.3736,29.9247,2025-07-03T01:00:00Z,3,1,7_3,0,2025,7
183265,542,164,568773,-99.3736,29.9247,2025-07-03T02:00:00Z,3,2,7_3,0,2025,7
183265,542,164,568773,-99.3736,29.9247,2025-07-03T03:00:00Z,3,3,7_3,0,2025,7
183265,542,164,568773,-99.3736,29.9247,2025-07-03T04:00:00Z,3,4,7_3,0,2025,7
183265,542,164,568773,-99.3736,29.9247,2025-07-03T05:00:00Z,3,5,7_3,0,2025,7
183265,542,164,568773,-99.3736,29.9247,2025-07-03T06:00:00Z,3,6,7_3,0,2025,7
183265,542,164,568773,-99.3736,29.9247,2025-07-03T07:00:00Z,3,7,7_3,0,2025,7
183265,542,164,568773,-99.3736,29.9247,2025-07-03T08:00:00Z,3,8,7_3,0,2025,7
183265,542,164,568773,-99.3736,29.9247,2025-07-03T09:00:00Z,3,9,7_3,0,2025,7
183265,542,164,568773,-99.3736,29.9247,2025-07-03T10:00:00Z,3,10,7_3,0,2025,7
183265,542,164,568773,-99.3736,29.9247,2025-07-03T11:00:00Z,3,11,7_3,0,2025,7
183265,542,164,568773,-99.3736,29.9247,2025-07-03T12:00:00Z,3,12,7_3,0,2025,7
183265,542,164,568773,-99.3736,29.9247,2025-07-03T13:00:00Z,3,13,7_3,0,2025,7
183265,542,164,568773,-99.3736,29.9247,2025-07-03T14:00:00Z,3,14,7_3,0,2025,7
183265,542,164,568773,-99.3736,29.9247,2025-07-03T15:00:00Z,3,15,7_3,0.25,2025,7
183265,542,164,568773,-99.3736,29.9247,2025-07-03T16:00:00Z,3,16,7_3,0.25,2025,7
183265,542,164,568773,-99.3736,29.9247,2025-07-03T17:00:00Z,3,17,7_3,0,2025,7
183265,542,164,568773,-99.3736,29.9247,2025-07-03T18:00:00Z,3,18,7_3,0,2025,7
183265,542,164,568773,-99.3736,29.9247,2025-07-03T19:00:00Z,3,19,7_3,1.375,2025,7
183265,542,164,568773,-99.3736,29.9247,2025-07-03T20:00:00Z,3,20,7_3,0,2025,7
183265,542,164,568773,-99.3736,29.9247,2025-07-03T21:00:00Z,3,21,7_3,0,2025,7
183265,542,164,568773,-99.3736,29.9247,2025-07-03T22:00:00Z,3,22,7_3,0,2025,7
183265,542,164,568773,-99.3736,29.9247,2025-07-03T23:00:00Z,3,23,7_3,0,2025,7
183265,542,164,568773,-99.3736,29.9247,2025-07-04T00:00:00Z,4,0,7_4,0,2025,7
183265,542,164,568773,-99.3736,29.9247,2025-07-04T01:00:00Z,4,1,7_4,0,2025,7
183265,542,164,568773,-99.3736,29.9247,2025-07-04T02:00:00Z,4,2,7_4,0,2025,7
183265,542,164,568773,-99.3736,29.9247,2025-07-04T03:00:00Z,4,3,7_4,0,2025,7
183265,542,164,568773,-99.3736,29.9247,2025-07-04T04:00:00Z,4,4,7_4,0,2025,7
183265,542,164,568773,-99.3736,29.9247,2025-07-04T05:00:00Z,4,5,7_4,9,2025,7
183265,542,164,568773,-99.3736,29.9247,2025-07-04T06:00:00Z,4,6,7_4,10.25,2025,7
183265,542,164,568773,-99.3736,29.9247,2025-07-04T07:00:00Z,4,7,7_4,81.875,2025,7
183265,542,164,568773,-99.3736,29.9247,2025-07-04T08:00:00Z,4,8,7_4,65,2025,7
183265,542,164,568773,-99.3736,29.9247,2025-07-04T09:00:00Z,4,9,7_4,27,2025,7
183265,542,164,568773,-99.3736,29.9247,2025-07-04T10:00:00Z,4,10,7_4,0.625,2025,7
183265,542,164,568773,-99.3736,29.9247,2025-07-04T11:00:00Z,4,11,7_4,2.5,2025,7
183265,542,164,568773,-99.3736,29.9247,2025-07-04T12:00:00Z,4,12,7_4,5.375,2025,7
183265,542,164,568773,-99.3736,29.9247,2025-07-04T13:00:00Z,4,13,7_4,2.25,2025,7
183265,542,164,568773,-99.3736,29.9247,2025-07-04T14:00:00Z,4,14,7_4,1.625,2025,7
183265,542,164,568773,-99.3736,29.9247,2025-07-04T15:00:00Z,4,15,7_4,2.375,2025,7
183265,542,164,568773,-99.3736,29.9247,2025-07-04T16:00:00Z,4,16,7_4,18.125,2025,7
183265,542,164,568773,-99.3736,29.9247,2025-07-04T17:00:00Z,4,17,7_4,15,2025,7
183265,542,164,568773,-99.3736,29.9247,2025-07-04T18:00:00Z,4,18,7_4,3.125,2025,7
183265,542,164,568773,-99.3736,29.9247,2025-07-04T19:00:00Z,4,19,7_4,0.625,2025,7
183265,542,164,568773,-99.3736,29.9247,2025-07-04T20:00:00Z,4,20,7_4,0.625,2025,7
183265,542,164,568773,-99.3736,29.9247,2025-07-04T21:00:00Z,4,21,7_4,0.125,2025,7
183265,542,164,568773,-99.3736,29.9247,2025-07-04T22:00:00Z,4,22,7_4,0.125,2025,7
183265,542,164,568773,-99.3736,29.9247,2025-07-04T23:00:00Z,4,23,7_4,0,2025,7
184378,534,165,7466492,-99.6861,29.9852,2025-07-01T00:00:00Z,1,0,7_1,2.125,2025,7
184378,534,165,7466492,-99.6861,29.9852,2025-07-01T01:00:00Z,1,1,7_1,0.625,2025,7
184378,534,165,7466492,-99.6861,29.9852,2025-07-01T02:00:00Z,1,2,7_1,0,2025,7
184378,534,165,7466492,-99.6861,29.9852,2025-07-01T03:00:00Z,1,3,7_1,0,2025,7
184378,534,165,7466492,-99.6861,29.9852,2025-07-01T04:00:00Z,1,4,7_1,0,2025,7
184378,534,165,7466492,-99.6861,29.9852,2025-07-01T05:00:00Z,1,5,7_1,0,2025,7
184378,534,165,7466492,-99.6861,29.9852,2025-07-01T06:00:00Z,1,6,7_1,0,2025,7
184378,534,165,7466492,-99.6861,29.9852,2025-07-01T07:00:00Z,1,7,7_1,0,2025,7
184378,534,165,7466492,-99.6861,29.9852,2025-07-01T08:00:00Z,1,8,7_1,0.125,2025,7
184378,534,165,7466492,-99.6861,29.9852,2025-07-01T09:00:00Z,1,9,7_1,0.5,2025,7
184378,534,165,7466492,-99.6861,29.9852,2025-07-01T10:00:00Z,1,10,7_1,0.5,2025,7
184378,534,165,7466492,-99.6861,29.9852,2025-07-01T11:00:00Z,1,11,7_1,0,2025,7
184378,534,165,7466492,-99.6861,29.9852,2025-07-01T12:00:00Z,1,12,7_1,0,2025,7
184378,534,165,7466492,-99.6861,29.9852,2025-07-01T13:00:00Z,1,13,7_1,0.125,2025,7
184378,534,165,7466492,-99.6861,29.9852,2025-07-01T14:00:00Z,1,14,7_1,0,2025,7
184378,534,165,7466492,-99.6861,29.9852,2025-07-01T15:00:00Z,1,15,7_1,0,2025,7
184378,534,165,7466492,-99.6861,29.9852,2025-07-01T16:00:00Z,1,16,7_1,0.375,2025,7
184378,534,165,7466492,-99.6861,29.9852,2025-07-01T17:00:00Z,1,17,7_1,0.375,2025,7
184378,534,165,7466492,-99.6861,29.9852,2025-07-01T18:00:00Z,1,18,7_1,0.375,2025,7
184378,534,165,7466492,-99.6861,29.9852,2025-07-01T19:00:00Z,1,19,7_1,0.125,2025,7
184378,534,165,7466492,-99.6861,29.9852,2025-07-01T20:00:00Z,1,20,7_1,1.625,2025,7
184378,534,165,7466492,-99.6861,29.9852,2025-07-01T21:00:00Z,1,21,7_1,3.25,2025,7
184378,534,165,7466492,-99.6861,29.9852,2025-07-01T22:00:00Z,1,22,7_1,0.125,2025,7
184378,534,165,7466492,-99.6861,29.9852,2025-07-01T23:00:00Z,1,23,7_1,0,2025,7
184378,534,165,7466492,-99.6861,29.9852,2025-07-02T00:00:00Z,2,0,7_2,0,2025,7
184378,534,165,7466492,-99.6861,29.9852,2025-07-02T01:00:00Z,2,1,7_2,0,2025,7
184378,534,165,7466492,-99.6861,29.9852,2025-07-02T02:00:00Z,2,2,7_2,0,2025,7
184378,534,165,7466492,-99.6861,29.9852,2025-07-02T03:00:00Z,2,3,7_2,2,2025,7
184378,534,165,7466492,-99.6861,29.9852,2025-07-02T04:00:00Z,2,4,7_2,0.25,2025,7
184378,534,165,7466492,-99.6861,29.9852,2025-07-02T05:00:00Z,2,5,7_2,0,2025,7
184378,534,165,7466492,-99.6861,29.9852,2025-07-02T06:00:00Z,2,6,7_2,0,2025,7
184378,534,165,7466492,-99.6861,29.9852,2025-07-02T07:00:00Z,2,7,7_2,0,2025,7
184378,534,165,7466492,-99.6861,29.9852,2025-07-02T08:00:00Z,2,8,7_2,0,2025,7
184378,534,165,7466492,-99.6861,29.9852,2025-07-02T09:00:00Z,2,9,7_2,0.125,2025,7
184378,534,165,7466492,-99.6861,29.9852,2025-07-02T10:00:00Z,2,10,7_2,0.25,2025,7
184378,534,165,7466492,-99.6861,29.9852,2025-07-02T11:00:00Z,2,11,7_2,1.125,2025,7
184378,534,165,7466492,-99.6861,29.9852,2025-07-02T12:00:00Z,2,12,7_2,0.125,2025,7
184378,534,165,7466492,-99.6861,29.9852,2025-07-02T13:00:00Z,2,13,7_2,0.125,2025,7
184378,534,165,7466492,-99.6861,29.9852,2025-07-02T14:00:00Z,2,14,7_2,0,2025,7
184378,534,165,7466492,-99.6861,29.9852,2025-07-02T15:00:00Z,2,15,7_2,0,2025,7
184378,534,165,7466492,-99.6861,29.9852,2025-07-02T16:00:00Z,2,16,7_2,0,2025,7
184378,534,165,7466492,-99.6861,29.9852,2025-07-02T17:00:00Z,2,17,7_2,9.125,2025,7
184378,534,165,7466492,-99.6861,29.9852,2025-07-02T18:00:00Z,2,18,7_2,0.25,2025,7
184378,534,165,7466492,-99.6861,29.9852,2025-07-02T19:00:00Z,2,19,7_2,2.25,2025,7
184378,534,165,7466492,-99.6861,29.9852,2025-07-02T20:00:00Z,2,20,7_2,3.75,2025,7
184378,534,165,7466492,-99.6861,29.9852,2025-07-02T21:00:00Z,2,21,7_2,3.625,2025,7
184378,534,165,7466492,-99.6861,29.9852,2025-07-02T22:00:00Z,2,22,7_2,0.125,2025,7
184378,534,165,7466492,-99.6861,29.9852,2025-07-02T23:00:00Z,2,23,7_2,0.75,2025,7
184378,534,165,7466492,-99.6861,29.9852,2025-07-03T00:00:00Z,3,0,7_3,0,2025,7
184378,534,165,7466492,-99.6861,29.9852,2025-07-03T01:00:00Z,3,1,7_3,0,2025,7
184378,534,165,7466492,-99.6861,29.9852,2025-07-03T02:00:00Z,3,2,7_3,0,2025,7
184378,534,165,7466492,-99.6861,29.9852,2025-07-03T03:00:00Z,3,3,7_3,0,2025,7
184378,534,165,7466492,-99.6861,29.9852,2025-07-03T04:00:00Z,3,4,7_3,0,2025,7
184378,534,165,7466492,-99.6861,29.9852,2025-07-03T05:00:00Z,3,5,7_3,0,2025,7
184378,534,165,7466492,-99.6861,29.9852,2025-07-03T06:00:00Z,3,6,7_3,0,2025,7
184378,534,165,7466492,-99.6861,29.9852,2025-07-03T07:00:00Z,3,7,7_3,0,2025,7
184378,534,165,7466492,-99.6861,29.9852,2025-07-03T08:00:00Z,3,8,7_3,0,2025,7
184378,534,165,7466492,-99.6861,29.9852,2025-07-03T09:00:00Z,3,9,7_3,0,2025,7
184378,534,165,7466492,-99.6861,29.9852,2025-07-03T10:00:00Z,3,10,7_3,0,2025,7
184378,534,165,7466492,-99.6861,29.9852,2025-07-03T11:00:00Z,3,11,7_3,0,2025,7
184378,534,165,7466492,-99.6861,29.9852,2025-07-03T12:00:00Z,3,12,7_3,0,2025,7
184378,534,165,7466492,-99.6861,29.9852,2025-07-03T13:00:00Z,3,13,7_3,0,2025,7
184378,534,165,7466492,-99.6861,29.9852,2025-07-03T14:00:00Z,3,14,7_3,0,2025,7
184378,534,165,7466492,-99.6861,29.9852,2025-07-03T15:00:00Z,3,15,7_3,0.625,2025,7
184378,534,165,7466492,-99.6861,29.9852,2025-07-03T16:00:00Z,3,16,7_3,0,2025,7
184378,534,165,7466492,-99.6861,29.9852,2025-07-03T17:00:00Z,3,17,7_3,0,2025,7
184378,534,165,7466492,-99.6861,29.9852,2025-07-03T18:00:00Z,3,18,7_3,1.125,2025,7
184378,534,165,7466492,-99.6861,29.9852,2025-07-03T19:00:00Z,3,19,7_3,0,2025,7
184378,534,165,7466492,-99.6861,29.9852,2025-07-03T20:00:00Z,3,20,7_3,0,2025,7
184378,534,165,7466492,-99.6861,29.9852,2025-07-03T21:00:00Z,3,21,7_3,0,2025,7
184378,534,165,7466492,-99.6861,29.9852,2025-07-03T22:00:00Z,3,22,7_3,0,2025,7
184378,534,165,7466492,-99.6861,29.9852,2025-07-03T23:00:00Z,3,23,7_3,0,2025,7
184378,534,165,7466492,-99.6861,29.9852,2025-07-04T00:00:00Z,4,0,7_4,0,2025,7
184378,534,165,7466492,-99.6861,29.9852,2025-07-04T01:00:00Z,4,1,7_4,0,2025,7
184378,534,165,7466492,-99.6861,29.9852,2025-07-04T02:00:00Z,4,2,7_4,0,2025,7
184378,534,165,7466492,-99.6861,29.9852,2025-07-04T03:00:00Z,4,3,7_4,0,2025,7
184378,534,165,7466492,-99.6861,29.9852,2025-07-04T04:00:00Z,4,4,7_4,0,2025,7
184378,534,165,7466492,-99.6861,29.9852,2025-07-04T05:00:00Z,4,5,7_4,0.125,2025,7
184378,534,165,7466492,-99.6861,29.9852,2025-07-04T06:00:00Z,4,6,7_4,0.75,2025,7
184378,534,165,7466492,-99.6861,29.9852,2025-07-04T07:00:00Z,4,7,7_4,0.75,2025,7
184378,534,165,7466492,-99.6861,29.9852,2025-07-04T08:00:00Z,4,8,7_4,3,2025,7
184378,534,165,7466492,-99.6861,29.9852,2025-07-04T09:00:00Z,4,9,7_4,0.125,2025,7
184378,534,165,7466492,-99.6861,29.9852,2025-07-04T10:00:00Z,4,10,7_4,3.875,2025,7
184378,534,165,7466492,-99.6861,29.9852,2025-07-04T11:00:00Z,4,11,7_4,16.625,2025,7
184378,534,165,7466492,-99.6861,29.9852,2025-07-04T12:00:00Z,4,12,7_4,6.375,2025,7
184378,534,165,7466492,-99.6861,29.9852,2025-07-04T13:00:00Z,4,13,7_4,1.75,2025,7
184378,534,165,7466492,-99.6861,29.9852,2025-07-04T14:00:00Z,4,14,7_4,8.125,2025,7
184378,534,165,7466492,-99.6861,29.9852,2025-07-04T15:00:00Z,4,15,7_4,6.25,2025,7
184378,534,165,7466492,-99.6861,29.9852,2025-07-04T16:00:00Z,4,16,7_4,8,2025,7
184378,534,165,7466492,-99.6861,29.9852,2025-07-04T17:00:00Z,4,17,7_4,5.25,2025,7
184378,534,165,7466492,-99.6861,29.9852,2025-07-04T18:00:00Z,4,18,7_4,0.75,2025,7
184378,534,165,7466492,-99.6861,29.9852,2025-07-04T19:00:00Z,4,19,7_4,0,2025,7
184378,534,165,7466492,-99.6861,29.9852,2025-07-04T20:00:00Z,4,20,7_4,0,2025,7
184378,534,165,7466492,-99.6861,29.9852,2025-07-04T21:00:00Z,4,21,7_4,0,2025,7
184378,534,165,7466492,-99.6861,29.9852,2025-07-04T22:00:00Z,4,22,7_4,0,2025,7
184378,534,165,7466492,-99.6861,29.9852,2025-07-04T23:00:00Z,4,23,7_4,0,2025,7
184379,535,165,14633248,-99.6465,29.982,2025-07-01T00:00:00Z,1,0,7_1,1.5,2025,7
184379,535,165,14633248,-99.6465,29.982,2025-07-01T01:00:00Z,1,1,7_1,0.625,2025,7
184379,535,165,14633248,-99.6465,29.982,2025-07-01T02:00:00Z,1,2,7_1,0,2025,7
184379,535,165,14633248,-99.6465,29.982,2025-07-01T03:00:00Z,1,3,7_1,0,2025,7
184379,535,165,14633248,-99.6465,29.982,2025-07-01T04:00:00Z,1,4,7_1,0,2025,7
184379,535,165,14633248,-99.6465,29.982,2025-07-01T05:00:00Z,1,5,7_1,0,2025,7
184379,535,165,14633248,-99.6465,29.982,2025-07-01T06:00:00Z,1,6,7_1,0,2025,7
184379,535,165,14633248,-99.6465,29.982,2025-07-01T07:00:00Z,1,7,7_1,0,2025,7
184379,535,165,14633248,-99.6465,29.982,2025-07-01T08:00:00Z,1,8,7_1,0,2025,7
184379,535,165,14633248,-99.6465,29.982,2025-07-01T09:00:00Z,1,9,7_1,1,2025,7
184379,535,165,14633248,-99.6465,29.982,2025-07-01T10:00:00Z,1,10,7_1,0.5,2025,7
184379,535,165,14633248,-99.6465,29.982,2025-07-01T11:00:00Z,1,11,7_1,0,2025,7
184379,535,165,14633248,-99.6465,29.982,2025-07-01T12:00:00Z,1,12,7_1,0,2025,7
184379,535,165,14633248,-99.6465,29.982,2025-07-01T13:00:00Z,1,13,7_1,0,2025,7
184379,535,165,14633248,-99.6465,29.982,2025-07-01T14:00:00Z,1,14,7_1,0,2025,7
184379,535,165,14633248,-99.6465,29.982,2025-07-01T15:00:00Z,1,15,7_1,0,2025,7
184379,535,165,14633248,-99.6465,29.982,2025-07-01T16:00:00Z,1,16,7_1,0,2025,7
184379,535,165,14633248,-99.6465,29.982,2025-07-01T17:00:00Z,1,17,7_1,0,2025,7
184379,535,165,14633248,-99.6465,29.982,2025-07-01T18:00:00Z,1,18,7_1,0.5,2025,7
184379,535,165,14633248,-99.6465,29.982,2025-07-01T19:00:00Z,1,19,7_1,0,2025,7
184379,535,165,14633248,-99.6465,29.982,2025-07-01T20:00:00Z,1,20,7_1,1,2025,7
184379,535,165,14633248,-99.6465,29.982,2025-07-01T21:00:00Z,1,21,7_1,2.125,2025,7
184379,535,165,14633248,-99.6465,29.982,2025-07-01T22:00:00Z,1,22,7_1,0,2025,7
184379,535,165,14633248,-99.6465,29.982,2025-07-01T23:00:00Z,1,23,7_1,0,2025,7
184379,535,165,14633248,-99.6465,29.982,2025-07-02T00:00:00Z,2,0,7_2,0,2025,7
184379,535,165,14633248,-99.6465,29.982,2025-07-02T01:00:00Z,2,1,7_2,0,2025,7
184379,535,165,14633248,-99.6465,29.982,2025-07-02T02:00:00Z,2,2,7_2,0,2025,7
184379,535,165,14633248,-99.6465,29.982,2025-07-02T03:00:00Z,2,3,7_2,2.625,2025,7
184379,535,165,14633248,-99.6465,29.982,2025-07-02T04:00:00Z,2,4,7_2,0.125,2025,7
184379,535,165,14633248,-99.6465,29.982,2025-07-02T05:00:00Z,2,5,7_2,0,2025,7
184379,535,165,14633248,-99.6465,29.982,2025-07-02T06:00:00Z,2,6,7_2,0,2025,7
184379,535,165,14633248,-99.6465,29.982,2025-07-02T07:00:00Z,2,7,7_2,0,2025,7
184379,535,165,14633248,-99.6465,29.982,2025-07-02T08:00:00Z,2,8,7_2,0,2025,7
184379,535,165,14633248,-99.6465,29.982,2025-07-02T09:00:00Z,2,9,7_2,0,2025,7
184379,535,165,14633248,-99.6465,29.982,2025-07-02T10:00:00Z,2,10,7_2,0.125,2025,7
184379,535,165,14633248,-99.6465,29.982,2025-07-02T11:00:00Z,2,11,7_2,0.5,2025,7
184379,535,165,14633248,-99.6465,29.982,2025-07-02T12:00:00Z,2,12,7_2,0,2025,7
184379,535,165,14633248,-99.6465,29.982,2025-07-02T13:00:00Z,2,13,7_2,0.125,2025,7
184379,535,165,14633248,-99.6465,29.982,2025-07-02T14:00:00Z,2,14,7_2,0.125,2025,7
184379,535,165,14633248,-99.6465,29.982,2025-07-02T15:00:00Z,2,15,7_2,0,2025,7
184379,535,165,14633248,-99.6465,29.982,2025-07-02T16:00:00Z,2,16,7_2,0,2025,7
184379,535,165,14633248,-99.6465,29.982,2025-07-02T17:00:00Z,2,17,7_2,6.875,2025,7
184379,535,165,14633248,-99.6465,29.982,2025-07-02T18:00:00Z,2,18,7_2,0.25,2025,7
184379,535,165,14633248,-99.6465,29.982,2025-07-02T19:00:00Z,2,19,7_2,3.375,2025,7
184379,535,165,14633248,-99.6465,29.982,2025-07-02T20:00:00Z,2,20,7_2,5.25,2025,7
184379,535,165,14633248,-99.6465,29.982,2025-07-02T21:00:00Z,2,21,7_2,4.375,2025,7
184379,535,165,14633248,-99.6465,29.982,2025-07-02T22:00:00Z,2,22,7_2,0,2025,7
184379,535,165,14633248,-99.6465,29.982,2025-07-02T23:00:00Z,2,23,7_2,0.625,2025,7
184379,535,165,14633248,-99.6465,29.982,2025-07-03T00:00:00Z,3,0,7_3,0,2025,7
184379,535,165,14633248,-99.6465,29.982,2025-07-03T01:00:00Z,3,1,7_3,0,2025,7
184379,535,165,14633248,-99.6465,29.982,2025-07-03T02:00:00Z,3,2,7_3,0,2025,7
184379,535,165,14633248,-99.6465,29.982,2025-07-03T03:00:00Z,3,3,7_3,0,2025,7
184379,535,165,14633248,-99.6465,29.982,2025-07-03T04:00:00Z,3,4,7_3,0,2025,7
184379,535,165,14633248,-99.6465,29.982,2025-07-03T05:00:00Z,3,5,7_3,0,2025,7
184379,535,165,14633248,-99.6465,29.982,2025-07-03T06:00:00Z,3,6,7_3,0,2025,7
184379,535,165,14633248,-99.6465,29.982,2025-07-03T07:00:00Z,3,7,7_3,0,2025,7
184379,535,165,14633248,-99.6465,29.982,2025-07-03T08:00:00Z,3,8,7_3,0,2025,7
184379,535,165,14633248,-99.6465,29.982,2025-07-03T09:00:00Z,3,9,7_3,0,2025,7
184379,535,165,14633248,-99.6465,29.982,2025-07-03T10:00:00Z,3,10,7_3,0,2025,7
184379,535,165,14633248,-99.6465,29.982,2025-07-03T11:00:00Z,3,11,7_3,0,2025,7
184379,535,165,14633248,-99.6465,29.982,2025-07-03T12:00:00Z,3,12,7_3,0,2025,7
184379,535,165,14633248,-99.6465,29.982,2025-07-03T13:00:00Z,3,13,7_3,0,2025,7
184379,535,165,14633248,-99.6465,29.982,2025-07-03T14:00:00Z,3,14,7_3,0,2025,7
184379,535,165,14633248,-99.6465,29.982,2025-07-03T15:00:00Z,3,15,7_3,0.125,2025,7
184379,535,165,14633248,-99.6465,29.982,2025-07-03T16:00:00Z,3,16,7_3,0,2025,7
184379,535,165,14633248,-99.6465,29.982,2025-07-03T17:00:00Z,3,17,7_3,0,2025,7
184379,535,165,14633248,-99.6465,29.982,2025-07-03T18:00:00Z,3,18,7_3,0.5,2025,7
184379,535,165,14633248,-99.6465,29.982,2025-07-03T19:00:00Z,3,19,7_3,0,2025,7
184379,535,165,14633248,-99.6465,29.982,2025-07-03T20:00:00Z,3,20,7_3,0,2025,7
184379,535,165,14633248,-99.6465,29.982,2025-07-03T21:00:00Z,3,21,7_3,0,2025,7
184379,535,165,14633248,-99.6465,29.982,2025-07-03T22:00:00Z,3,22,7_3,0,2025,7
184379,535,165,14633248,-99.6465,29.982,2025-07-03T23:00:00Z,3,23,7_3,0,2025,7
184379,535,165,14633248,-99.6465,29.982,2025-07-04T00:00:00Z,4,0,7_4,0,2025,7
184379,535,165,14633248,-99.6465,29.982,2025-07-04T01:00:00Z,4,1,7_4,0,2025,7
184379,535,165,14633248,-99.6465,29.982,2025-07-04T02:00:00Z,4,2,7_4,0,2025,7
184379,535,165,14633248,-99.6465,29.982,2025-07-04T03:00:00Z,4,3,7_4,0,2025,7
184379,535,165,14633248,-99.6465,29.982,2025-07-04T04:00:00Z,4,4,7_4,0,2025,7
184379,535,165,14633248,-99.6465,29.982,2025-07-04T05:00:00Z,4,5,7_4,0.75,2025,7
184379,535,165,14633248,-99.6465,29.982,2025-07-04T06:00:00Z,4,6,7_4,2.625,2025,7
184379,535,165,14633248,-99.6465,29.982,2025-07-04T07:00:00Z,4,7,7_4,6,2025,7
184379,535,165,14633248,-99.6465,29.982,2025-07-04T08:00:00Z,4,8,7_4,10.25,2025,7
184379,535,165,14633248,-99.6465,29.982,2025-07-04T09:00:00Z,4,9,7_4,1.5,2025,7
184379,535,165,14633248,-99.6465,29.982,2025-07-04T10:00:00Z,4,10,7_4,4.25,2025,7
184379,535,165,14633248,-99.6465,29.982,2025-07-04T11:00:00Z,4,11,7_4,9.375,2025,7
184379,535,165,14633248,-99.6465,29.982,2025-07-04T12:00:00Z,4,12,7_4,5.75,2025,7
184379,535,165,14633248,-99.6465,29.982,2025-07-04T13:00:00Z,4,13,7_4,2.125,2025,7
184379,535,165,14633248,-99.6465,29.982,2025-07-04T14:00:00Z,4,14,7_4,8,2025,7
184379,535,165,14633248,-99.6465,29.982,2025-07-04T15:00:00Z,4,15,7_4,7.25,2025,7
184379,535,165,14633248,-99.6465,29.982,2025-07-04T16:00:00Z,4,16,7_4,9,2025,7
184379,535,165,14633248,-99.6465,29.982,2025-07-04T17:00:00Z,4,17,7_4,5.5,2025,7
184379,535,165,14633248,-99.6465,29.982,2025-07-04T18:00:00Z,4,18,7_4,1,2025,7
184379,535,165,14633248,-99.6465,29.982,2025-07-04T19:00:00Z,4,19,7_4,0.25,2025,7
184379,535,165,14633248,-99.6465,29.982,2025-07-04T20:00:00Z,4,20,7_4,0,2025,7
184379,535,165,14633248,-99.6465,29.982,2025-07-04T21:00:00Z,4,21,7_4,0,2025,7
184379,535,165,14633248,-99.6465,29.982,2025-07-04T22:00:00Z,4,22,7_4,0,2025,7
184379,535,165,14633248,-99.6465,29.982,2025-07-04T23:00:00Z,4,23,7_4,0,2025,7
184380,536,165,14632288,-99.607,29.9788,2025-07-01T00:00:00Z,1,0,7_1,1.5,2025,7
184380,536,165,14632288,-99.607,29.9788,2025-07-01T01:00:00Z,1,1,7_1,0.5,2025,7
184380,536,165,14632288,-99.607,29.9788,2025-07-01T02:00:00Z,1,2,7_1,0,2025,7
184380,536,165,14632288,-99.607,29.9788,2025-07-01T03:00:00Z,1,3,7_1,0,2025,7
184380,536,165,14632288,-99.607,29.9788,2025-07-01T04:00:00Z,1,4,7_1,0,2025,7
184380,536,165,14632288,-99.607,29.9788,2025-07-01T05:00:00Z,1,5,7_1,0,2025,7
184380,536,165,14632288,-99.607,29.9788,2025-07-01T06:00:00Z,1,6,7_1,0,2025,7
184380,536,165,14632288,-99.607,29.9788,2025-07-01T07:00:00Z,1,7,7_1,0,2025,7
184380,536,165,14632288,-99.607,29.9788,2025-07-01T08:00:00Z,1,8,7_1,0,2025,7
184380,536,165,14632288,-99.607,29.9788,2025-07-01T09:00:00Z,1,9,7_1,0.875,2025,7
184380,536,165,14632288,-99.607,29.9788,2025-07-01T10:00:00Z,1,10,7_1,0.5,2025,7
184380,536,165,14632288,-99.607,29.9788,2025-07-01T11:00:00Z,1,11,7_1,0,2025,7
184380,536,165,14632288,-99.607,29.9788,2025-07-01T12:00:00Z,1,12,7_1,0,2025,7
184380,536,165,14632288,-99.607,29.9788,2025-07-01T13:00:00Z,1,13,7_1,0,2025,7
184380,536,165,14632288,-99.607,29.9788,2025-07-01T14:00:00Z,1,14,7_1,0,2025,7
184380,536,165,14632288,-99.607,29.9788,2025-07-01T15:00:00Z,1,15,7_1,0,2025,7
184380,536,165,14632288,-99.607,29.9788,2025-07-01T16:00:00Z,1,16,7_1,0,2025,7
184380,536,165,14632288,-99.607,29.9788,2025-07-01T17:00:00Z,1,17,7_1,0,2025,7
184380,536,165,14632288,-99.607,29.9788,2025-07-01T18:00:00Z,1,18,7_1,0.375,2025,7
184380,536,165,14632288,-99.607,29.9788,2025-07-01T19:00:00Z,1,19,7_1,0,2025,7
184380,536,165,14632288,-99.607,29.9788,2025-07-01T20:00:00Z,1,20,7_1,0,2025,7
184380,536,165,14632288,-99.607,29.9788,2025-07-01T21:00:00Z,1,21,7_1,0.75,2025,7
184380,536,165,14632288,-99.607,29.9788,2025-07-01T22:00:00Z,1,22,7_1,0,2025,7
184380,536,165,14632288,-99.607,29.9788,2025-07-01T23:00:00Z,1,23,7_1,0,2025,7
184380,536,165,14632288,-99.607,29.9788,2025-07-02T00:00:00Z,2,0,7_2,0,2025,7
184380,536,165,14632288,-99.607,29.9788,2025-07-02T01:00:00Z,2,1,7_2,0,2025,7
184380,536,165,14632288,-99.607,29.9788,2025-07-02T02:00:00Z,2,2,7_2,0.25,2025,7
184380,536,165,14632288,-99.607,29.9788,2025-07-02T03:00:00Z,2,3,7_2,2.625,2025,7
184380,536,165,14632288,-99.607,29.9788,2025-07-02T04:00:00Z,2,4,7_2,0,2025,7
184380,536,165,14632288,-99.607,29.9788,2025-07-02T05:00:00Z,2,5,7_2,0,2025,7
184380,536,165,14632288,-99.607,29.9788,2025-07-02T06:00:00Z,2,6,7_2,0,2025,7
184380,536,165,14632288,-99.607,29.9788,2025-07-02T07:00:00Z,2,7,7_2,0,2025,7
184380,536,165,14632288,-99.607,29.9788,2025-07-02T08:00:00Z,2,8,7_2,0,2025,7
184380,536,165,14632288,-99.607,29.9788,2025-07-02T09:00:00Z,2,9,7_2,0.125,2025,7
184380,536,165,14632288,-99.607,29.9788,2025-07-02T10:00:00Z,2,10,7_2,0.375,2025,7
184380,536,165,14632288,-99.607,29.9788,2025-07-02T11:00:00Z,2,11,7_2,0,2025,7
184380,536,165,14632288,-99.607,29.9788,2025-07-02T12:00:00Z,2,12,7_2,0.125,2025,7
184380,536,165,14632288,-99.607,29.9788,2025-07-02T13:00:00Z,2,13,7_2,0.25,2025,7
184380,536,165,14632288,-99.607,29.9788,2025-07-02T14:00:00Z,2,14,7_2,1,2025,7
184380,536,165,14632288,-99.607,29.9788,2025-07-02T15:00:00Z,2,15,7_2,0,2025,7
184380,536,165,14632288,-99.607,29.9788,2025-07-02T16:00:00Z,2,16,7_2,0,2025,7
184380,536,165,14632288,-99.607,29.9788,2025-07-02T17:00:00Z,2,17,7_2,5.375,2025,7
184380,536,165,14632288,-99.607,29.9788,2025-07-02T18:00:00Z,2,18,7_2,0.875,2025,7
184380,536,165,14632288,-99.607,29.9788,2025-07-02T19:00:00Z,2,19,7_2,4,2025,7
184380,536,165,14632288,-99.607,29.9788,2025-07-02T20:00:00Z,2,20,7_2,7.125,2025,7
184380,536,165,14632288,-99.607,29.9788,2025-07-02T21:00:00Z,2,21,7_2,5.25,2025,7
184380,536,165,14632288,-99.607,29.9788,2025-07-02T22:00:00Z,2,22,7_2,0,2025,7
184380,536,165,14632288,-99.607,29.9788,2025-07-02T23:00:00Z,2,23,7_2,0.5,2025,7
184380,536,165,14632288,-99.607,29.9788,2025-07-03T00:00:00Z,3,0,7_3,0,2025,7
184380,536,165,14632288,-99.607,29.9788,2025-07-03T01:00:00Z,3,1,7_3,0,2025,7
184380,536,165,14632288,-99.607,29.9788,2025-07-03T02:00:00Z,3,2,7_3,0,2025,7
184380,536,165,14632288,-99.607,29.9788,2025-07-03T03:00:00Z,3,3,7_3,0,2025,7
184380,536,165,14632288,-99.607,29.9788,2025-07-03T04:00:00Z,3,4,7_3,0,2025,7
184380,536,165,14632288,-99.607,29.9788,2025-07-03T05:00:00Z,3,5,7_3,0,2025,7
184380,536,165,14632288,-99.607,29.9788,2025-07-03T06:00:00Z,3,6,7_3,0,2025,7
184380,536,165,14632288,-99.607,29.9788,2025-07-03T07:00:00Z,3,7,7_3,0,2025,7
184380,536,165,14632288,-99.607,29.9788,2025-07-03T08:00:00Z,3,8,7_3,0,2025,7
184380,536,165,14632288,-99.607,29.9788,2025-07-03T09:00:00Z,3,9,7_3,0,2025,7
184380,536,165,14632288,-99.607,29.9788,2025-07-03T10:00:00Z,3,10,7_3,0,2025,7
184380,536,165,14632288,-99.607,29.9788,2025-07-03T11:00:00Z,3,11,7_3,0,2025,7
184380,536,165,14632288,-99.607,29.9788,2025-07-03T12:00:00Z,3,12,7_3,0,2025,7
184380,536,165,14632288,-99.607,29.9788,2025-07-03T13:00:00Z,3,13,7_3,0,2025,7
184380,536,165,14632288,-99.607,29.9788,2025-07-03T14:00:00Z,3,14,7_3,0,2025,7
184380,536,165,14632288,-99.607,29.9788,2025-07-03T15:00:00Z,3,15,7_3,0,2025,7
184380,536,165,14632288,-99.607,29.9788,2025-07-03T16:00:00Z,3,16,7_3,0,2025,7
184380,536,165,14632288,-99.607,29.9788,2025-07-03T17:00:00Z,3,17,7_3,0,2025,7
184380,536,165,14632288,-99.607,29.9788,2025-07-03T18:00:00Z,3,18,7_3,0.125,2025,7
184380,536,165,14632288,-99.607,29.9788,2025-07-03T19:00:00Z,3,19,7_3,0,2025,7
184380,536,165,14632288,-99.607,29.9788,2025-07-03T20:00:00Z,3,20,7_3,0,2025,7
184380,536,165,14632288,-99.607,29.9788,2025-07-03T21:00:00Z,3,21,7_3,0,2025,7
184380,536,165,14632288,-99.607,29.9788,2025-07-03T22:00:00Z,3,22,7_3,0,2025,7
184380,536,165,14632288,-99.607,29.9788,2025-07-03T23:00:00Z,3,23,7_3,0,2025,7
184380,536,165,14632288,-99.607,29.9788,2025-07-04T00:00:00Z,4,0,7_4,0,2025,7
184380,536,165,14632288,-99.607,29.9788,2025-07-04T01:00:00Z,4,1,7_4,0,2025,7
184380,536,165,14632288,-99.607,29.9788,2025-07-04T02:00:00Z,4,2,7_4,0,2025,7
184380,536,165,14632288,-99.607,29.9788,2025-07-04T03:00:00Z,4,3,7_4,0,2025,7
184380,536,165,14632288,-99.607,29.9788,2025-07-04T04:00:00Z,4,4,7_4,0,2025,7
184380,536,165,14632288,-99.607,29.9788,2025-07-04T05:00:00Z,4,5,7_4,0.75,2025,7
184380,536,165,14632288,-99.607,29.9788,2025-07-04T06:00:00Z,4,6,7_4,9.625,2025,7
184380,536,165,14632288,-99.607,29.9788,2025-07-04T07:00:00Z,4,7,7_4,9.75,2025,7
184380,536,165,14632288,-99.607,29.9788,2025-07-04T08:00:00Z,4,8,7_4,30.125,2025,7
184380,536,165,14632288,-99.607,29.9788,2025-07-04T09:00:00Z,4,9,7_4,8.5,2025,7
184380,536,165,14632288,-99.607,29.9788,2025-07-04T10:00:00Z,4,10,7_4,3.375,2025,7
184380,536,165,14632288,-99.607,29.9788,2025-07-04T11:00:00Z,4,11,7_4,5.125,2025,7
184380,536,165,14632288,-99.607,29.9788,2025-07-04T12:00:00Z,4,12,7_4,4.625,2025,7
184380,536,165,14632288,-99.607,29.9788,2025-07-04T13:00:00Z,4,13,7_4,2.125,2025,7
184380,536,165,14632288,-99.607,29.9788,2025-07-04T14:00:00Z,4,14,7_4,6,2025,7
184380,536,165,14632288,-99.607,29.9788,2025-07-04T15:00:00Z,4,15,7_4,11.125,2025,7
184380,536,165,14632288,-99.607,29.9788,2025-07-04T16:00:00Z,4,16,7_4,9.375,2025,7
184380,536,165,14632288,-99.607,29.9788,2025-07-04T17:00:00Z,4,17,7_4,6.375,2025,7
184380,536,165,14632288,-99.607,29.9788,2025-07-04T18:00:00Z,4,18,7_4,1.375,2025,7
184380,536,165,14632288,-99.607,29.9788,2025-07-04T19:00:00Z,4,19,7_4,0.25,2025,7
184380,536,165,14632288,-99.607,29.9788,2025-07-04T20:00:00Z,4,20,7_4,0.125,2025,7
184380,536,165,14632288,-99.607,29.9788,2025-07-04T21:00:00Z,4,21,7_4,0,2025,7
184380,536,165,14632288,-99.607,29.9788,2025-07-04T22:00:00Z,4,22,7_4,0,2025,7
184380,536,165,14632288,-99.607,29.9788,2025-07-04T23:00:00Z,4,23,7_4,0,2025,7
184381,537,165,14631320,-99.5674,29.9755,2025-07-01T00:00:00Z,1,0,7_1,2.125,2025,7
184381,537,165,14631320,-99.5674,29.9755,2025-07-01T01:00:00Z,1,1,7_1,0.375,2025,7
184381,537,165,14631320,-99.5674,29.9755,2025-07-01T02:00:00Z,1,2,7_1,0,2025,7
184381,537,165,14631320,-99.5674,29.9755,2025-07-01T03:00:00Z,1,3,7_1,0,2025,7
184381,537,165,14631320,-99.5674,29.9755,2025-07-01T04:00:00Z,1,4,7_1,0,2025,7
184381,537,165,14631320,-99.5674,29.9755,2025-07-01T05:00:00Z,1,5,7_1,0,2025,7
184381,537,165,14631320,-99.5674,29.9755,2025-07-01T06:00:00Z,1,6,7_1,0,2025,7
184381,537,165,14631320,-99.5674,29.9755,2025-07-01T07:00:00Z,1,7,7_1,0,2025,7
184381,537,165,14631320,-99.5674,29.9755,2025-07-01T08:00:00Z,1,8,7_1,0,2025,7
184381,537,165,14631320,-99.5674,29.9755,2025-07-01T09:00:00Z,1,9,7_1,0.875,2025,7
184381,537,165,14631320,-99.5674,29.9755,2025-07-01T10:00:00Z,1,10,7_1,0.625,2025,7
184381,537,165,14631320,-99.5674,29.9755,2025-07-01T11:00:00Z,1,11,7_1,0,2025,7
184381,537,165,14631320,-99.5674,29.9755,2025-07-01T12:00:00Z,1,12,7_1,0,2025,7
184381,537,165,14631320,-99.5674,29.9755,2025-07-01T13:00:00Z,1,13,7_1,0,2025,7
184381,537,165,14631320,-99.5674,29.9755,2025-07-01T14:00:00Z,1,14,7_1,0,2025,7
184381,537,165,14631320,-99.5674,29.9755,2025-07-01T15:00:00Z,1,15,7_1,0,2025,7
184381,537,165,14631320,-99.5674,29.9755,2025-07-01T16:00:00Z,1,16,7_1,0,2025,7
184381,537,165,14631320,-99.5674,29.9755,2025-07-01T17:00:00Z,1,17,7_1,0.125,2025,7
184381,537,165,14631320,-99.5674,29.9755,2025-07-01T18:00:00Z,1,18,7_1,0.25,2025,7
184381,537,165,14631320,-99.5674,29.9755,2025-07-01T19:00:00Z,1,19,7_1,0,2025,7
184381,537,165,14631320,-99.5674,29.9755,2025-07-01T20:00:00Z,1,20,7_1,0,2025,7
184381,537,165,14631320,-99.5674,29.9755,2025-07-01T21:00:00Z,1,21,7_1,0.25,2025,7
184381,537,165,14631320,-99.5674,29.9755,2025-07-01T22:00:00Z,1,22,7_1,0,2025,7
184381,537,165,14631320,-99.5674,29.9755,2025-07-01T23:00:00Z,1,23,7_1,0,2025,7
184381,537,165,14631320,-99.5674,29.9755,2025-07-02T00:00:00Z,2,0,7_2,0,2025,7
184381,537,165,14631320,-99.5674,29.9755,2025-07-02T01:00:00Z,2,1,7_2,0,2025,7
184381,537,165,14631320,-99.5674,29.9755,2025-07-02T02:00:00Z,2,2,7_2,0.25,2025,7
184381,537,165,14631320,-99.5674,29.9755,2025-07-02T03:00:00Z,2,3,7_2,2,2025,7
184381,537,165,14631320,-99.5674,29.9755,2025-07-02T04:00:00Z,2,4,7_2,0,2025,7
184381,537,165,14631320,-99.5674,29.9755,2025-07-02T05:00:00Z,2,5,7_2,0,2025,7
184381,537,165,14631320,-99.5674,29.9755,2025-07-02T06:00:00Z,2,6,7_2,0,2025,7
184381,537,165,14631320,-99.5674,29.9755,2025-07-02T07:00:00Z,2,7,7_2,0,2025,7
184381,537,165,14631320,-99.5674,29.9755,2025-07-02T08:00:00Z,2,8,7_2,0,2025,7
184381,537,165,14631320,-99.5674,29.9755,2025-07-02T09:00:00Z,2,9,7_2,0.125,2025,7
184381,537,165,14631320,-99.5674,29.9755,2025-07-02T10:00:00Z,2,10,7_2,0.125,2025,7
184381,537,165,14631320,-99.5674,29.9755,2025-07-02T11:00:00Z,2,11,7_2,0,2025,7
184381,537,165,14631320,-99.5674,29.9755,2025-07-02T12:00:00Z,2,12,7_2,0.375,2025,7
184381,537,165,14631320,-99.5674,29.9755,2025-07-02T13:00:00Z,2,13,7_2,0.75,2025,7
184381,537,165,14631320,-99.5674,29.9755,2025-07-02T14:00:00Z,2,14,7_2,0.5,2025,7
184381,537,165,14631320,-99.5674,29.9755,2025-07-02T15:00:00Z,2,15,7_2,0,2025,7
184381,537,165,14631320,-99.5674,29.9755,2025-07-02T16:00:00Z,2,16,7_2,0,2025,7
184381,537,165,14631320,-99.5674,29.9755,2025-07-02T17:00:00Z,2,17,7_2,1.875,2025,7
184381,537,165,14631320,-99.5674,29.9755,2025-07-02T18:00:00Z,2,18,7_2,1.25,2025,7
184381,537,165,14631320,-99.5674,29.9755,2025-07-02T19:00:00Z,2,19,7_2,2.75,2025,7
184381,537,165,14631320,-99.5674,29.9755,2025-07-02T20:00:00Z,2,20,7_2,13,2025,7
184381,537,165,14631320,-99.5674,29.9755,2025-07-02T21:00:00Z,2,21,7_2,6.625,2025,7
184381,537,165,14631320,-99.5674,29.9755,2025-07-02T22:00:00Z,2,22,7_2,0.375,2025,7
184381,537,165,14631320,-99.5674,29.9755,2025-07-02T23:00:00Z,2,23,7_2,0.5,2025,7
184381,537,165,14631320,-99.5674,29.9755,2025-07-03T00:00:00Z,3,0,7_3,0,2025,7
184381,537,165,14631320,-99.5674,29.9755,2025-07-03T01:00:00Z,3,1,7_3,0,2025,7
184381,537,165,14631320,-99.5674,29.9755,2025-07-03T02:00:00Z,3,2,7_3,0,2025,7
184381,537,165,14631320,-99.5674,29.9755,2025-07-03T03:00:00Z,3,3,7_3,0,2025,7
184381,537,165,14631320,-99.5674,29.9755,2025-07-03T04:00:00Z,3,4,7_3,0,2025,7
184381,537,165,14631320,-99.5674,29.9755,2025-07-03T05:00:00Z,3,5,7_3,0,2025,7
184381,537,165,14631320,-99.5674,29.9755,2025-07-03T06:00:00Z,3,6,7_3,0,2025,7
184381,537,165,14631320,-99.5674,29.9755,2025-07-03T07:00:00Z,3,7,7_3,0,2025,7
184381,537,165,14631320,-99.5674,29.9755,2025-07-03T08:00:00Z,3,8,7_3,0,2025,7
184381,537,165,14631320,-99.5674,29.9755,2025-07-03T09:00:00Z,3,9,7_3,0,2025,7
184381,537,165,14631320,-99.5674,29.9755,2025-07-03T10:00:00Z,3,10,7_3,0,2025,7
184381,537,165,14631320,-99.5674,29.9755,2025-07-03T11:00:00Z,3,11,7_3,0,2025,7
184381,537,165,14631320,-99.5674,29.9755,2025-07-03T12:00:00Z,3,12,7_3,0,2025,7
184381,537,165,14631320,-99.5674,29.9755,2025-07-03T13:00:00Z,3,13,7_3,0,2025,7
184381,537,165,14631320,-99.5674,29.9755,2025-07-03T14:00:00Z,3,14,7_3,0,2025,7
184381,537,165,14631320,-99.5674,29.9755,2025-07-03T15:00:00Z,3,15,7_3,0,2025,7
184381,537,165,14631320,-99.5674,29.9755,2025-07-03T16:00:00Z,3,16,7_3,0,2025,7
184381,537,165,14631320,-99.5674,29.9755,2025-07-03T17:00:00Z,3,17,7_3,0,2025,7
184381,537,165,14631320,-99.5674,29.9755,2025-07-03T18:00:00Z,3,18,7_3,0,2025,7
184381,537,165,14631320,-99.5674,29.9755,2025-07-03T19:00:00Z,3,19,7_3,0,2025,7
184381,537,165,14631320,-99.5674,29.9755,2025-07-03T20:00:00Z,3,20,7_3,0,2025,7
184381,537,165,14631320,-99.5674,29.9755,2025-07-03T21:00:00Z,3,21,7_3,0,2025,7
184381,537,165,14631320,-99.5674,29.9755,2025-07-03T22:00:00Z,3,22,7_3,0,2025,7
184381,537,165,14631320,-99.5674,29.9755,2025-07-03T23:00:00Z,3,23,7_3,0,2025,7
184381,537,165,14631320,-99.5674,29.9755,2025-07-04T00:00:00Z,4,0,7_4,0,2025,7
184381,537,165,14631320,-99.5674,29.9755,2025-07-04T01:00:00Z,4,1,7_4,0,2025,7
184381,537,165,14631320,-99.5674,29.9755,2025-07-04T02:00:00Z,4,2,7_4,0,2025,7
184381,537,165,14631320,-99.5674,29.9755,2025-07-04T03:00:00Z,4,3,7_4,0,2025,7
184381,537,165,14631320,-99.5674,29.9755,2025-07-04T04:00:00Z,4,4,7_4,0,2025,7
184381,537,165,14631320,-99.5674,29.9755,2025-07-04T05:00:00Z,4,5,7_4,0.875,2025,7
184381,537,165,14631320,-99.5674,29.9755,2025-07-04T06:00:00Z,4,6,7_4,17.25,2025,7
184381,537,165,14631320,-99.5674,29.9755,2025-07-04T07:00:00Z,4,7,7_4,14.5,2025,7
184381,537,165,14631320,-99.5674,29.9755,2025-07-04T08:00:00Z,4,8,7_4,39.5,2025,7
184381,537,165,14631320,-99.5674,29.9755,2025-07-04T09:00:00Z,4,9,7_4,20.5,2025,7
184381,537,165,14631320,-99.5674,29.9755,2025-07-04T10:00:00Z,4,10,7_4,2.875,2025,7
184381,537,165,14631320,-99.5674,29.9755,2025-07-04T11:00:00Z,4,11,7_4,4.125,2025,7
184381,537,165,14631320,-99.5674,29.9755,2025-07-04T12:00:00Z,4,12,7_4,4,2025,7
184381,537,165,14631320,-99.5674,29.9755,2025-07-04T13:00:00Z,4,13,7_4,2,2025,7
184381,537,165,14631320,-99.5674,29.9755,2025-07-04T14:00:00Z,4,14,7_4,4,2025,7
184381,537,165,14631320,-99.5674,29.9755,2025-07-04T15:00:00Z,4,15,7_4,12.75,2025,7
184381,537,165,14631320,-99.5674,29.9755,2025-07-04T16:00:00Z,4,16,7_4,9.125,2025,7
184381,537,165,14631320,-99.5674,29.9755,2025-07-04T17:00:00Z,4,17,7_4,8.125,2025,7
184381,537,165,14631320,-99.5674,29.9755,2025-07-04T18:00:00Z,4,18,7_4,1.25,2025,7
184381,537,165,14631320,-99.5674,29.9755,2025-07-04T19:00:00Z,4,19,7_4,0.25,2025,7
184381,537,165,14631320,-99.5674,29.9755,2025-07-04T20:00:00Z,4,20,7_4,0.25,2025,7
184381,537,165,14631320,-99.5674,29.9755,2025-07-04T21:00:00Z,4,21,7_4,0,2025,7
184381,537,165,14631320,-99.5674,29.9755,2025-07-04T22:00:00Z,4,22,7_4,0,2025,7
184381,537,165,14631320,-99.5674,29.9755,2025-07-04T23:00:00Z,4,23,7_4,0,2025,7
184382,538,165,14630346,-99.5279,29.9722,2025-07-01T00:00:00Z,1,0,7_1,2.5,2025,7
184382,538,165,14630346,-99.5279,29.9722,2025-07-01T01:00:00Z,1,1,7_1,0.375,2025,7
184382,538,165,14630346,-99.5279,29.9722,2025-07-01T02:00:00Z,1,2,7_1,0,2025,7
184382,538,165,14630346,-99.5279,29.9722,2025-07-01T03:00:00Z,1,3,7_1,0,2025,7
184382,538,165,14630346,-99.5279,29.9722,2025-07-01T04:00:00Z,1,4,7_1,0,2025,7
184382,538,165,14630346,-99.5279,29.9722,2025-07-01T05:00:00Z,1,5,7_1,0,2025,7
184382,538,165,14630346,-99.5279,29.9722,2025-07-01T06:00:00Z,1,6,7_1,0,2025,7
184382,538,165,14630346,-99.5279,29.9722,2025-07-01T07:00:00Z,1,7,7_1,0,2025,7
184382,538,165,14630346,-99.5279,29.9722,2025-07-01T08:00:00Z,1,8,7_1,0,2025,7
184382,538,165,14630346,-99.5279,29.9722,2025-07-01T09:00:00Z,1,9,7_1,0.625,2025,7
184382,538,165,14630346,-99.5279,29.9722,2025-07-01T10:00:00Z,1,10,7_1,1.25,2025,7
184382,538,165,14630346,-99.5279,29.9722,2025-07-01T11:00:00Z,1,11,7_1,0,2025,7
184382,538,165,14630346,-99.5279,29.9722,2025-07-01T12:00:00Z,1,12,7_1,0,2025,7
184382,538,165,14630346,-99.5279,29.9722,2025-07-01T13:00:00Z,1,13,7_1,0,2025,7
184382,538,165,14630346,-99.5279,29.9722,2025-07-01T14:00:00Z,1,14,7_1,0,2025,7
184382,538,165,14630346,-99.5279,29.9722,2025-07-01T15:00:00Z,1,15,7_1,0,2025,7
184382,538,165,14630346,-99.5279,29.9722,2025-07-01T16:00:00Z,1,16,7_1,0,2025,7
184382,538,165,14630346,-99.5279,29.9722,2025-07-01T17:00:00Z,1,17,7_1,0.25,2025,7
184382,538,165,14630346,-99.5279,29.9722,2025-07-01T18:00:00Z,1,18,7_1,0.125,2025,7
184382,538,165,14630346,-99.5279,29.9722,2025-07-01T19:00:00Z,1,19,7_1,0,2025,7
184382,538,165,14630346,-99.5279,29.9722,2025-07-01T20:00:00Z,1,20,7_1,0,2025,7
184382,538,165,14630346,-99.5279,29.9722,2025-07-01T21:00:00Z,1,21,7_1,0.375,2025,7
184382,538,165,14630346,-99.5279,29.9722,2025-07-01T22:00:00Z,1,22,7_1,0,2025,7
184382,538,165,14630346,-99.5279,29.9722,2025-07-01T23:00:00Z,1,23,7_1,0,2025,7
184382,538,165,14630346,-99.5279,29.9722,2025-07-02T00:00:00Z,2,0,7_2,0,2025,7
184382,538,165,14630346,-99.5279,29.9722,2025-07-02T01:00:00Z,2,1,7_2,0,2025,7
184382,538,165,14630346,-99.5279,29.9722,2025-07-02T02:00:00Z,2,2,7_2,0.25,2025,7
184382,538,165,14630346,-99.5279,29.9722,2025-07-02T03:00:00Z,2,3,7_2,2.125,2025,7
184382,538,165,14630346,-99.5279,29.9722,2025-07-02T04:00:00Z,2,4,7_2,0,2025,7
184382,538,165,14630346,-99.5279,29.9722,2025-07-02T05:00:00Z,2,5,7_2,0,2025,7
184382,538,165,14630346,-99.5279,29.9722,2025-07-02T06:00:00Z,2,6,7_2,0,2025,7
184382,538,165,14630346,-99.5279,29.9722,2025-07-02T07:00:00Z,2,7,7_2,0,2025,7
184382,538,165,14630346,-99.5279,29.9722,2025-07-02T08:00:00Z,2,8,7_2,0,2025,7
184382,538,165,14630346,-99.5279,29.9722,2025-07-02T09:00:00Z,2,9,7_2,0.125,2025,7
184382,538,165,14630346,-99.5279,29.9722,2025-07-02T10:00:00Z,2,10,7_2,0,2025,7
184382,538,165,14630346,-99.5279,29.9722,2025-07-02T11:00:00Z,2,11,7_2,0,2025,7
184382,538,165,14630346,-99.5279,29.9722,2025-07-02T12:00:00Z,2,12,7_2,0.875,2025,7
184382,538,165,14630346,-99.5279,29.9722,2025-07-02T13:00:00Z,2,13,7_2,0.625,2025,7
184382,538,165,14630346,-99.5279,29.9722,2025-07-02T14:00:00Z,2,14,7_2,0.25,2025,7
184382,538,165,14630346,-99.5279,29.9722,2025-07-02T15:00:00Z,2,15,7_2,0,2025,7
184382,538,165,14630346,-99.5279,29.9722,2025-07-02T16:00:00Z,2,16,7_2,0,2025,7
184382,538,165,14630346,-99.5279,29.9722,2025-07-02T17:00:00Z,2,17,7_2,1.375,2025,7
184382,538,165,14630346,-99.5279,29.9722,2025-07-02T18:00:00Z,2,18,7_2,2,2025,7
184382,538,165,14630346,-99.5279,29.9722,2025-07-02T19:00:00Z,2,19,7_2,1.25,2025,7
184382,538,165,14630346,-99.5279,29.9722,2025-07-02T20:00:00Z,2,20,7_2,14.875,2025,7
184382,538,165,14630346,-99.5279,29.9722,2025-07-02T21:00:00Z,2,21,7_2,5.125,2025,7
184382,538,165,14630346,-99.5279,29.9722,2025-07-02T22:00:00Z,2,22,7_2,0,2025,7
184382,538,165,14630346,-99.5279,29.9722,2025-07-02T23:00:00Z,2,23,7_2,0.625,2025,7
184382,538,165,14630346,-99.5279,29.9722,2025-07-03T00:00:00Z,3,0,7_3,0,2025,7
184382,538,165,14630346,-99.5279,29.9722,2025-07-03T01:00:00Z,3,1,7_3,0,2025,7
184382,538,165,14630346,-99.5279,29.9722,2025-07-03T02:00:00Z,3,2,7_3,0,2025,7
184382,538,165,14630346,-99.5279,29.9722,2025-07-03T03:00:00Z,3,3,7_3,0,2025,7
184382,538,165,14630346,-99.5279,29.9722,2025-07-03T04:00:00Z,3,4,7_3,0,2025,7
184382,538,165,14630346,-99.5279,29.9722,2025-07-03T05:00:00Z,3,5,7_3,0,2025,7
184382,538,165,14630346,-99.5279,29.9722,2025-07-03T06:00:00Z,3,6,7_3,0,2025,7
184382,538,165,14630346,-99.5279,29.9722,2025-07-03T07:00:00Z,3,7,7_3,0,2025,7
184382,538,165,14630346,-99.5279,29.9722,2025-07-03T08:00:00Z,3,8,7_3,0,2025,7
184382,538,165,14630346,-99.5279,29.9722,2025-07-03T09:00:00Z,3,9,7_3,0,2025,7
184382,538,165,14630346,-99.5279,29.9722,2025-07-03T10:00:00Z,3,10,7_3,0,2025,7
184382,538,165,14630346,-99.5279,29.9722,2025-07-03T11:00:00Z,3,11,7_3,0,2025,7
184382,538,165,14630346,-99.5279,29.9722,2025-07-03T12:00:00Z,3,12,7_3,0,2025,7
184382,538,165,14630346,-99.5279,29.9722,2025-07-03T13:00:00Z,3,13,7_3,0,2025,7
184382,538,165,14630346,-99.5279,29.9722,2025-07-03T14:00:00Z,3,14,7_3,0,2025,7
184382,538,165,14630346,-99.5279,29.9722,2025-07-03T15:00:00Z,3,15,7_3,0,2025,7
184382,538,165,14630346,-99.5279,29.9722,2025-07-03T16:00:00Z,3,16,7_3,0.125,2025,7
184382,538,165,14630346,-99.5279,29.9722,2025-07-03T17:00:00Z,3,17,7_3,0,2025,7
184382,538,165,14630346,-99.5279,29.9722,2025-07-03T18:00:00Z,3,18,7_3,0,2025,7
184382,538,165,14630346,-99.5279,29.9722,2025-07-03T19:00:00Z,3,19,7_3,0.125,2025,7
184382,538,165,14630346,-99.5279,29.9722,2025-07-03T20:00:00Z,3,20,7_3,0,2025,7
184382,538,165,14630346,-99.5279,29.9722,2025-07-03T21:00:00Z,3,21,7_3,0,2025,7
184382,538,165,14630346,-99.5279,29.9722,2025-07-03T22:00:00Z,3,22,7_3,0,2025,7
184382,538,165,14630346,-99.5279,29.9722,2025-07-03T23:00:00Z,3,23,7_3,0,2025,7
184382,538,165,14630346,-99.5279,29.9722,2025-07-04T00:00:00Z,4,0,7_4,0,2025,7
184382,538,165,14630346,-99.5279,29.9722,2025-07-04T01:00:00Z,4,1,7_4,0,2025,7
184382,538,165,14630346,-99.5279,29.9722,2025-07-04T02:00:00Z,4,2,7_4,0,2025,7
184382,538,165,14630346,-99.5279,29.9722,2025-07-04T03:00:00Z,4,3,7_4,0,2025,7
184382,538,165,14630346,-99.5279,29.9722,2025-07-04T04:00:00Z,4,4,7_4,0.25,2025,7
184382,538,165,14630346,-99.5279,29.9722,2025-07-04T05:00:00Z,4,5,7_4,1,2025,7
184382,538,165,14630346,-99.5279,29.9722,2025-07-04T06:00:00Z,4,6,7_4,24,2025,7
184382,538,165,14630346,-99.5279,29.9722,2025-07-04T07:00:00Z,4,7,7_4,22,2025,7
184382,538,165,14630346,-99.5279,29.9722,2025-07-04T08:00:00Z,4,8,7_4,46.75,2025,7
184382,538,165,14630346,-99.5279,29.9722,2025-07-04T09:00:00Z,4,9,7_4,35.75,2025,7
184382,538,165,14630346,-99.5279,29.9722,2025-07-04T10:00:00Z,4,10,7_4,2.75,2025,7
184382,538,165,14630346,-99.5279,29.9722,2025-07-04T11:00:00Z,4,11,7_4,3.125,2025,7
184382,538,165,14630346,-99.5279,29.9722,2025-07-04T12:00:00Z,4,12,7_4,4,2025,7
184382,538,165,14630346,-99.5279,29.9722,2025-07-04T13:00:00Z,4,13,7_4,2,2025,7
184382,538,165,14630346,-99.5279,29.9722,2025-07-04T14:00:00Z,4,14,7_4,2.5,2025,7
184382,538,165,14630346,-99.5279,29.9722,2025-07-04T15:00:00Z,4,15,7_4,10.875,2025,7
184382,538,165,14630346,-99.5279,29.9722,2025-07-04T16:00:00Z,4,16,7_4,9.5,2025,7
184382,538,165,14630346,-99.5279,29.9722,2025-07-04T17:00:00Z,4,17,7_4,9.375,2025,7
184382,538,165,14630346,-99.5279,29.9722,2025-07-04T18:00:00Z,4,18,7_4,1.25,2025,7
184382,538,165,14630346,-99.5279,29.9722,2025-07-04T19:00:00Z,4,19,7_4,0.25,2025,7
184382,538,165,14630346,-99.5279,29.9722,2025-07-04T20:00:00Z,4,20,7_4,0.25,2025,7
184382,538,165,14630346,-99.5279,29.9722,2025-07-04T21:00:00Z,4,21,7_4,0,2025,7
184382,538,165,14630346,-99.5279,29.9722,2025-07-04T22:00:00Z,4,22,7_4,0,2025,7
184382,538,165,14630346,-99.5279,29.9722,2025-07-04T23:00:00Z,4,23,7_4,0,2025,7
184383,539,165,14629365,-99.4883,29.969,2025-07-01T00:00:00Z,1,0,7_1,2.375,2025,7
184383,539,165,14629365,-99.4883,29.969,2025-07-01T01:00:00Z,1,1,7_1,0.375,2025,7
184383,539,165,14629365,-99.4883,29.969,2025-07-01T02:00:00Z,1,2,7_1,0,2025,7
184383,539,165,14629365,-99.4883,29.969,2025-07-01T03:00:00Z,1,3,7_1,0,2025,7
184383,539,165,14629365,-99.4883,29.969,2025-07-01T04:00:00Z,1,4,7_1,0,2025,7
184383,539,165,14629365,-99.4883,29.969,2025-07-01T05:00:00Z,1,5,7_1,0,2025,7
184383,539,165,14629365,-99.4883,29.969,2025-07-01T06:00:00Z,1,6,7_1,0,2025,7
184383,539,165,14629365,-99.4883,29.969,2025-07-01T07:00:00Z,1,7,7_1,0.375,2025,7
184383,539,165,14629365,-99.4883,29.969,2025-07-01T08:00:00Z,1,8,7_1,0,2025,7
184383,539,165,14629365,-99.4883,29.969,2025-07-01T09:00:00Z,1,9,7_1,0.5,2025,7
184383,539,165,14629365,-99.4883,29.969,2025-07-01T10:00:00Z,1,10,7_1,1.625,2025,7
184383,539,165,14629365,-99.4883,29.969,2025-07-01T11:00:00Z,1,11,7_1,0,2025,7
184383,539,165,14629365,-99.4883,29.969,2025-07-01T12:00:00Z,1,12,7_1,0,2025,7
184383,539,165,14629365,-99.4883,29.969,2025-07-01T13:00:00Z,1,13,7_1,0,2025,7
184383,539,165,14629365,-99.4883,29.969,2025-07-01T14:00:00Z,1,14,7_1,0,2025,7
184383,539,165,14629365,-99.4883,29.969,2025-07-01T15:00:00Z,1,15,7_1,0,2025,7
184383,539,165,14629365,-99.4883,29.969,2025-07-01T16:00:00Z,1,16,7_1,0,2025,7
184383,539,165,14629365,-99.4883,29.969,2025-07-01T17:00:00Z,1,17,7_1,0,2025,7
184383,539,165,14629365,-99.4883,29.969,2025-07-01T18:00:00Z,1,18,7_1,0,2025,7
184383,539,165,14629365,-99.4883,29.969,2025-07-01T19:00:00Z,1,19,7_1,0,2025,7
184383,539,165,14629365,-99.4883,29.969,2025-07-01T20:00:00Z,1,20,7_1,0,2025,7
184383,539,165,14629365,-99.4883,29.969,2025-07-01T21:00:00Z,1,21,7_1,0.125,2025,7
184383,539,165,14629365,-99.4883,29.969,2025-07-01T22:00:00Z,1,22,7_1,0,2025,7
184383,539,165,14629365,-99.4883,29.969,2025-07-01T23:00:00Z,1,23,7_1,0,2025,7
184383,539,165,14629365,-99.4883,29.969,2025-07-02T00:00:00Z,2,0,7_2,0,2025,7
184383,539,165,14629365,-99.4883,29.969,2025-07-02T01:00:00Z,2,1,7_2,0,2025,7
184383,539,165,14629365,-99.4883,29.969,2025-07-02T02:00:00Z,2,2,7_2,0.375,2025,7
184383,539,165,14629365,-99.4883,29.969,2025-07-02T03:00:00Z,2,3,7_2,1.75,2025,7
184383,539,165,14629365,-99.4883,29.969,2025-07-02T04:00:00Z,2,4,7_2,0,2025,7
184383,539,165,14629365,-99.4883,29.969,2025-07-02T05:00:00Z,2,5,7_2,0,2025,7
184383,539,165,14629365,-99.4883,29.969,2025-07-02T06:00:00Z,2,6,7_2,0,2025,7
184383,539,165,14629365,-99.4883,29.969,2025-07-02T07:00:00Z,2,7,7_2,0,2025,7
184383,539,165,14629365,-99.4883,29.969,2025-07-02T08:00:00Z,2,8,7_2,0,2025,7
184383,539,165,14629365,-99.4883,29.969,2025-07-02T09:00:00Z,2,9,7_2,0,2025,7
184383,539,165,14629365,-99.4883,29.969,2025-07-02T10:00:00Z,2,10,7_2,0,2025,7
184383,539,165,14629365,-99.4883,29.969,2025-07-02T11:00:00Z,2,11,7_2,0,2025,7
184383,539,165,14629365,-99.4883,29.969,2025-07-02T12:00:00Z,2,12,7_2,0.875,2025,7
184383,539,165,14629365,-99.4883,29.969,2025-07-02T13:00:00Z,2,13,7_2,0.5,2025,7
184383,539,165,14629365,-99.4883,29.969,2025-07-02T14:00:00Z,2,14,7_2,0.5,2025,7
184383,539,165,14629365,-99.4883,29.969,2025-07-02T15:00:00Z,2,15,7_2,0,2025,7
184383,539,165,14629365,-99.4883,29.969,2025-07-02T16:00:00Z,2,16,7_2,0,2025,7
184383,539,165,14629365,-99.4883,29.969,2025-07-02T17:00:00Z,2,17,7_2,1.625,2025,7
184383,539,165,14629365,-99.4883,29.969,2025-07-02T18:00:00Z,2,18,7_2,5.125,2025,7
184383,539,165,14629365,-99.4883,29.969,2025-07-02T19:00:00Z,2,19,7_2,0.375,2025,7
184383,539,165,14629365,-99.4883,29.969,2025-07-02T20:00:00Z,2,20,7_2,5.875,2025,7
184383,539,165,14629365,-99.4883,29.969,2025-07-02T21:00:00Z,2,21,7_2,4.5,2025,7
184383,539,165,14629365,-99.4883,29.969,2025-07-02T22:00:00Z,2,22,7_2,0,2025,7
184383,539,165,14629365,-99.4883,29.969,2025-07-02T23:00:00Z,2,23,7_2,1.5,2025,7
184383,539,165,14629365,-99.4883,29.969,2025-07-03T00:00:00Z,3,0,7_3,0.5,2025,7
184383,539,165,14629365,-99.4883,29.969,2025-07-03T01:00:00Z,3,1,7_3,0,2025,7
184383,539,165,14629365,-99.4883,29.969,2025-07-03T02:00:00Z,3,2,7_3,0,2025,7
184383,539,165,14629365,-99.4883,29.969,2025-07-03T03:00:00Z,3,3,7_3,0,2025,7
184383,539,165,14629365,-99.4883,29.969,2025-07-03T04:00:00Z,3,4,7_3,0,2025,7
184383,539,165,14629365,-99.4883,29.969,2025-07-03T05:00:00Z,3,5,7_3,0,2025,7
184383,539,165,14629365,-99.4883,29.969,2025-07-03T06:00:00Z,3,6,7_3,0,2025,7
184383,539,165,14629365,-99.4883,29.969,2025-07-03T07:00:00Z,3,7,7_3,0,2025,7
184383,539,165,14629365,-99.4883,29.969,2025-07-03T08:00:00Z,3,8,7_3,0,2025,7
184383,539,165,14629365,-99.4883,29.969,2025-07-03T09:00:00Z,3,9,7_3,0,2025,7
184383,539,165,14629365,-99.4883,29.969,2025-07-03T10:00:00Z,3,10,7_3,0,2025,7
184383,539,165,14629365,-99.4883,29.969,2025-07-03T11:00:00Z,3,11,7_3,0,2025,7
184383,539,165,14629365,-99.4883,29.969,2025-07-03T12:00:00Z,3,12,7_3,0,2025,7
184383,539,165,14629365,-99.4883,29.969,2025-07-03T13:00:00Z,3,13,7_3,0,2025,7
184383,539,165,14629365,-99.4883,29.969,2025-07-03T14:00:00Z,3,14,7_3,0,2025,7
184383,539,165,14629365,-99.4883,29.969,2025-07-03T15:00:00Z,3,15,7_3,0,2025,7
184383,539,165,14629365,-99.4883,29.969,2025-07-03T16:00:00Z,3,16,7_3,0.125,2025,7
184383,539,165,14629365,-99.4883,29.969,2025-07-03T17:00:00Z,3,17,7_3,0,2025,7
184383,539,165,14629365,-99.4883,29.969,2025-07-03T18:00:00Z,3,18,7_3,0,2025,7
184383,539,165,14629365,-99.4883,29.969,2025-07-03T19:00:00Z,3,19,7_3,0.125,2025,7
184383,539,165,14629365,-99.4883,29.969,2025-07-03T20:00:00Z,3,20,7_3,0,2025,7
184383,539,165,14629365,-99.4883,29.969,2025-07-03T21:00:00Z,3,21,7_3,0,2025,7
184383,539,165,14629365,-99.4883,29.969,2025-07-03T22:00:00Z,3,22,7_3,0,2025,7
184383,539,165,14629365,-99.4883,29.969,2025-07-03T23:00:00Z,3,23,7_3,0,2025,7
184383,539,165,14629365,-99.4883,29.969,2025-07-04T00:00:00Z,4,0,7_4,0,2025,7
184383,539,165,14629365,-99.4883,29.969,2025-07-04T01:00:00Z,4,1,7_4,0,2025,7
184383,539,165,14629365,-99.4883,29.969,2025-07-04T02:00:00Z,4,2,7_4,0,2025,7
184383,539,165,14629365,-99.4883,29.969,2025-07-04T03:00:00Z,4,3,7_4,0,2025,7
184383,539,165,14629365,-99.4883,29.969,2025-07-04T04:00:00Z,4,4,7_4,0.5,2025,7
184383,539,165,14629365,-99.4883,29.969,2025-07-04T05:00:00Z,4,5,7_4,1.125,2025,7
184383,539,165,14629365,-99.4883,29.969,2025-07-04T06:00:00Z,4,6,7_4,22.875,2025,7
184383,539,165,14629365,-99.4883,29.969,2025-07-04T07:00:00Z,4,7,7_4,35,2025,7
184383,539,165,14629365,-99.4883,29.969,2025-07-04T08:00:00Z,4,8,7_4,53.75,2025,7
184383,539,165,14629365,-99.4883,29.969,2025-07-04T09:00:00Z,4,9,7_4,51,2025,7
184383,539,165,14629365,-99.4883,29.969,2025-07-04T10:00:00Z,4,10,7_4,6,2025,7
184383,539,165,14629365,-99.4883,29.969,2025-07-04T11:00:00Z,4,11,7_4,2.5,2025,7
184383,539,165,14629365,-99.4883,29.969,2025-07-04T12:00:00Z,4,12,7_4,4.125,2025,7
184383,539,165,14629365,-99.4883,29.969,2025-07-04T13:00:00Z,4,13,7_4,1.875,2025,7
184383,539,165,14629365,-99.4883,29.969,2025-07-04T14:00:00Z,4,14,7_4,2,2025,7
184383,539,165,14629365,-99.4883,29.969,2025-07-04T15:00:00Z,4,15,7_4,9.125,2025,7
184383,539,165,14629365,-99.4883,29.969,2025-07-04T16:00:00Z,4,16,7_4,10.5,2025,7
184383,539,165,14629365,-99.4883,29.969,2025-07-04T17:00:00Z,4,17,7_4,10.375,2025,7
184383,539,165,14629365,-99.4883,29.969,2025-07-04T18:00:00Z,4,18,7_4,1.375,2025,7
184383,539,165,14629365,-99.4883,29.969,2025-07-04T19:00:00Z,4,19,7_4,0.25,2025,7
184383,539,165,14629365,-99.4883,29.969,2025-07-04T20:00:00Z,4,20,7_4,0.25,2025,7
184383,539,165,14629365,-99.4883,29.969,2025-07-04T21:00:00Z,4,21,7_4,0.125,2025,7
184383,539,165,14629365,-99.4883,29.969,2025-07-04T22:00:00Z,4,22,7_4,0.125,2025,7
184383,539,165,14629365,-99.4883,29.969,2025-07-04T23:00:00Z,4,23,7_4,0,2025,7
184384,540,165,14628376,-99.4488,29.9656,2025-07-01T00:00:00Z,1,0,7_1,2.125,2025,7
184384,540,165,14628376,-99.4488,29.9656,2025-07-01T01:00:00Z,1,1,7_1,0.375,2025,7
184384,540,165,14628376,-99.4488,29.9656,2025-07-01T02:00:00Z,1,2,7_1,0,2025,7
184384,540,165,14628376,-99.4488,29.9656,2025-07-01T03:00:00Z,1,3,7_1,0,2025,7
184384,540,165,14628376,-99.4488,29.9656,2025-07-01T04:00:00Z,1,4,7_1,0,2025,7
184384,540,165,14628376,-99.4488,29.9656,2025-07-01T05:00:00Z,1,5,7_1,0,2025,7
184384,540,165,14628376,-99.4488,29.9656,2025-07-01T06:00:00Z,1,6,7_1,0,2025,7
184384,540,165,14628376,-99.4488,29.9656,2025-07-01T07:00:00Z,1,7,7_1,0.625,2025,7
184384,540,165,14628376,-99.4488,29.9656,2025-07-01T08:00:00Z,1,8,7_1,0.375,2025,7
184384,540,165,14628376,-99.4488,29.9656,2025-07-01T09:00:00Z,1,9,7_1,0.5,2025,7
184384,540,165,14628376,-99.4488,29.9656,2025-07-01T10:00:00Z,1,10,7_1,0.875,2025,7
184384,540,165,14628376,-99.4488,29.9656,2025-07-01T11:00:00Z,1,11,7_1,0,2025,7
184384,540,165,14628376,-99.4488,29.9656,2025-07-01T12:00:00Z,1,12,7_1,0,2025,7
184384,540,165,14628376,-99.4488,29.9656,2025-07-01T13:00:00Z,1,13,7_1,0,2025,7
184384,540,165,14628376,-99.4488,29.9656,2025-07-01T14:00:00Z,1,14,7_1,0,2025,7
184384,540,165,14628376,-99.4488,29.9656,2025-07-01T15:00:00Z,1,15,7_1,0,2025,7
184384,540,165,14628376,-99.4488,29.9656,2025-07-01T16:00:00Z,1,16,7_1,0,2025,7
184384,540,165,14628376,-99.4488,29.9656,2025-07-01T17:00:00Z,1,17,7_1,0.125,2025,7
184384,540,165,14628376,-99.4488,29.9656,2025-07-01T18:00:00Z,1,18,7_1,0,2025,7
184384,540,165,14628376,-99.4488,29.9656,2025-07-01T19:00:00Z,1,19,7_1,0,2025,7
184384,540,165,14628376,-99.4488,29.9656,2025-07-01T20:00:00Z,1,20,7_1,0,2025,7
184384,540,165,14628376,-99.4488,29.9656,2025-07-01T21:00:00Z,1,21,7_1,0,2025,7
184384,540,165,14628376,-99.4488,29.9656,2025-07-01T22:00:00Z,1,22,7_1,0,2025,7
184384,540,165,14628376,-99.4488,29.9656,2025-07-01T23:00:00Z,1,23,7_1,0,2025,7
184384,540,165,14628376,-99.4488,29.9656,2025-07-02T00:00:00Z,2,0,7_2,0,2025,7
184384,540,165,14628376,-99.4488,29.9656,2025-07-02T01:00:00Z,2,1,7_2,0,2025,7
184384,540,165,14628376,-99.4488,29.9656,2025-07-02T02:00:00Z,2,2,7_2,0.5,2025,7
184384,540,165,14628376,-99.4488,29.9656,2025-07-02T03:00:00Z,2,3,7_2,1.625,2025,7
184384,540,165,14628376,-99.4488,29.9656,2025-07-02T04:00:00Z,2,4,7_2,0,2025,7
184384,540,165,14628376,-99.4488,29.9656,2025-07-02T05:00:00Z,2,5,7_2,0,2025,7
184384,540,165,14628376,-99.4488,29.9656,2025-07-02T06:00:00Z,2,6,7_2,0,2025,7
184384,540,165,14628376,-99.4488,29.9656,2025-07-02T07:00:00Z,2,7,7_2,0,2025,7
184384,540,165,14628376,-99.4488,29.9656,2025-07-02T08:00:00Z,2,8,7_2,0,2025,7
184384,540,165,14628376,-99.4488,29.9656,2025-07-02T09:00:00Z,2,9,7_2,0,2025,7
184384,540,165,14628376,-99.4488,29.9656,2025-07-02T10:00:00Z,2,10,7_2,0,2025,7
184384,540,165,14628376,-99.4488,29.9656,2025-07-02T11:00:00Z,2,11,7_2,0,2025,7
184384,540,165,14628376,-99.4488,29.9656,2025-07-02T12:00:00Z,2,12,7_2,0.875,2025,7
184384,540,165,14628376,-99.4488,29.9656,2025-07-02T13:00:00Z,2,13,7_2,0.5,2025,7
184384,540,165,14628376,-99.4488,29.9656,2025-07-02T14:00:00Z,2,14,7_2,0.875,2025,7
184384,540,165,14628376,-99.4488,29.9656,2025-07-02T15:00:00Z,2,15,7_2,0,2025,7
184384,540,165,14628376,-99.4488,29.9656,2025-07-02T16:00:00Z,2,16,7_2,0,2025,7
184384,540,165,14628376,-99.4488,29.9656,2025-07-02T17:00:00Z,2,17,7_2,2.625,2025,7
184384,540,165,14628376,-99.4488,29.9656,2025-07-02T18:00:00Z,2,18,7_2,5.25,2025,7
184384,540,165,14628376,-99.4488,29.9656,2025-07-02T19:00:00Z,2,19,7_2,0.25,2025,7
184384,540,165,14628376,-99.4488,29.9656,2025-07-02T20:00:00Z,2,20,7_2,3.5,2025,7
184384,540,165,14628376,-99.4488,29.9656,2025-07-02T21:00:00Z,2,21,7_2,3.25,2025,7
184384,540,165,14628376,-99.4488,29.9656,2025-07-02T22:00:00Z,2,22,7_2,0,2025,7
184384,540,165,14628376,-99.4488,29.9656,2025-07-02T23:00:00Z,2,23,7_2,0.75,2025,7
184384,540,165,14628376,-99.4488,29.9656,2025-07-03T00:00:00Z,3,0,7_3,0.5,2025,7
184384,540,165,14628376,-99.4488,29.9656,2025-07-03T01:00:00Z,3,1,7_3,0,2025,7
184384,540,165,14628376,-99.4488,29.9656,2025-07-03T02:00:00Z,3,2,7_3,0,2025,7
184384,540,165,14628376,-99.4488,29.9656,2025-07-03T03:00:00Z,3,3,7_3,0,2025,7
184384,540,165,14628376,-99.4488,29.9656,2025-07-03T04:00:00Z,3,4,7_3,0,2025,7
184384,540,165,14628376,-99.4488,29.9656,2025-07-03T05:00:00Z,3,5,7_3,0,2025,7
184384,540,165,14628376,-99.4488,29.9656,2025-07-03T06:00:00Z,3,6,7_3,0,2025,7
184384,540,165,14628376,-99.4488,29.9656,2025-07-03T07:00:00Z,3,7,7_3,0,2025,7
184384,540,165,14628376,-99.4488,29.9656,2025-07-03T08:00:00Z,3,8,7_3,0,2025,7
184384,540,165,14628376,-99.4488,29.9656,2025-07-03T09:00:00Z,3,9,7_3,0,2025,7
184384,540,165,14628376,-99.4488,29.9656,2025-07-03T10:00:00Z,3,10,7_3,0,2025,7
184384,540,165,14628376,-99.4488,29.9656,2025-07-03T11:00:00Z,3,11,7_3,0,2025,7
184384,540,165,14628376,-99.4488,29.9656,2025-07-03T12:00:00Z,3,12,7_3,0,2025,7
184384,540,165,14628376,-99.4488,29.9656,2025-07-03T13:00:00Z,3,13,7_3,0,2025,7
184384,540,165,14628376,-99.4488,29.9656,2025-07-03T14:00:00Z,3,14,7_3,0,2025,7
184384,540,165,14628376,-99.4488,29.9656,2025-07-03T15:00:00Z,3,15,7_3,0,2025,7
184384,540,165,14628376,-99.4488,29.9656,2025-07-03T16:00:00Z,3,16,7_3,0.125,2025,7
184384,540,165,14628376,-99.4488,29.9656,2025-07-03T17:00:00Z,3,17,7_3,0,2025,7
184384,540,165,14628376,-99.4488,29.9656,2025-07-03T18:00:00Z,3,18,7_3,0,2025,7
184384,540,165,14628376,-99.4488,29.9656,2025-07-03T19:00:00Z,3,19,7_3,0.125,2025,7
184384,540,165,14628376,-99.4488,29.9656,2025-07-03T20:00:00Z,3,20,7_3,0,2025,7
184384,540,165,14628376,-99.4488,29.9656,2025-07-03T21:00:00Z,3,21,7_3,0,2025,7
184384,540,165,14628376,-99.4488,29.9656,2025-07-03T22:00:00Z,3,22,7_3,0,2025,7
184384,540,165,14628376,-99.4488,29.9656,2025-07-03T23:00:00Z,3,23,7_3,0,2025,7
184384,540,165,14628376,-99.4488,29.9656,2025-07-04T00:00:00Z,4,0,7_4,0,2025,7
184384,540,165,14628376,-99.4488,29.9656,2025-07-04T01:00:00Z,4,1,7_4,0,2025,7
184384,540,165,14628376,-99.4488,29.9656,2025-07-04T02:00:00Z,4,2,7_4,0,2025,7
184384,540,165,14628376,-99.4488,29.9656,2025-07-04T03:00:00Z,4,3,7_4,0,2025,7
184384,540,165,14628376,-99.4488,29.9656,2025-07-04T04:00:00Z,4,4,7_4,0.375,2025,7
184384,540,165,14628376,-99.4488,29.9656,2025-07-04T05:00:00Z,4,5,7_4,4.125,2025,7
184384,540,165,14628376,-99.4488,29.9656,2025-07-04T06:00:00Z,4,6,7_4,18.125,2025,7
184384,540,165,14628376,-99.4488,29.9656,2025-07-04T07:00:00Z,4,7,7_4,55.5,2025,7
184384,540,165,14628376,-99.4488,29.9656,2025-07-04T08:00:00Z,4,8,7_4,108,2025,7
184384,540,165,14628376,-99.4488,29.9656,2025-07-04T09:00:00Z,4,9,7_4,85.5,2025,7
184384,540,165,14628376,-99.4488,29.9656,2025-07-04T10:00:00Z,4,10,7_4,6.625,2025,7
184384,540,165,14628376,-99.4488,29.9656,2025-07-04T11:00:00Z,4,11,7_4,2.375,2025,7
184384,540,165,14628376,-99.4488,29.9656,2025-07-04T12:00:00Z,4,12,7_4,4.25,2025,7
184384,540,165,14628376,-99.4488,29.9656,2025-07-04T13:00:00Z,4,13,7_4,1.875,2025,7
184384,540,165,14628376,-99.4488,29.9656,2025-07-04T14:00:00Z,4,14,7_4,1.75,2025,7
184384,540,165,14628376,-99.4488,29.9656,2025-07-04T15:00:00Z,4,15,7_4,7.25,2025,7
184384,540,165,14628376,-99.4488,29.9656,2025-07-04T16:00:00Z,4,16,7_4,11.125,2025,7
184384,540,165,14628376,-99.4488,29.9656,2025-07-04T17:00:00Z,4,17,7_4,10.75,2025,7
184384,540,165,14628376,-99.4488,29.9656,2025-07-04T18:00:00Z,4,18,7_4,1.625,2025,7
184384,540,165,14628376,-99.4488,29.9656,2025-07-04T19:00:00Z,4,19,7_4,0.375,2025,7
184384,540,165,14628376,-99.4488,29.9656,2025-07-04T20:00:00Z,4,20,7_4,0.375,2025,7
184384,540,165,14628376,-99.4488,29.9656,2025-07-04T21:00:00Z,4,21,7_4,0.125,2025,7
184384,540,165,14628376,-99.4488,29.9656,2025-07-04T22:00:00Z,4,22,7_4,0.125,2025,7
184384,540,165,14628376,-99.4488,29.9656,2025-07-04T23:00:00Z,4,23,7_4,0,2025,7
184385,541,165,14627381,-99.4092,29.9623,2025-07-01T00:00:00Z,1,0,7_1,2,2025,7
184385,541,165,14627381,-99.4092,29.9623,2025-07-01T01:00:00Z,1,1,7_1,0.375,2025,7
184385,541,165,14627381,-99.4092,29.9623,2025-07-01T02:00:00Z,1,2,7_1,0,2025,7
184385,541,165,14627381,-99.4092,29.9623,2025-07-01T03:00:00Z,1,3,7_1,0,2025,7
184385,541,165,14627381,-99.4092,29.9623,2025-07-01T04:00:00Z,1,4,7_1,0,2025,7
184385,541,165,14627381,-99.4092,29.9623,2025-07-01T05:00:00Z,1,5,7_1,0,2025,7
184385,541,165,14627381,-99.4092,29.9623,2025-07-01T06:00:00Z,1,6,7_1,0,2025,7
184385,541,165,14627381,-99.4092,29.9623,2025-07-01T07:00:00Z,1,7,7_1,0.5,2025,7
184385,541,165,14627381,-99.4092,29.9623,2025-07-01T08:00:00Z,1,8,7_1,0.5,2025,7
184385,541,165,14627381,-99.4092,29.9623,2025-07-01T09:00:00Z,1,9,7_1,0.625,2025,7
184385,541,165,14627381,-99.4092,29.9623,2025-07-01T10:00:00Z,1,10,7_1,0.5,2025,7
184385,541,165,14627381,-99.4092,29.9623,2025-07-01T11:00:00Z,1,11,7_1,0,2025,7
184385,541,165,14627381,-99.4092,29.9623,2025-07-01T12:00:00Z,1,12,7_1,0,2025,7
184385,541,165,14627381,-99.4092,29.9623,2025-07-01T13:00:00Z,1,13,7_1,0,2025,7
184385,541,165,14627381,-99.4092,29.9623,2025-07-01T14:00:00Z,1,14,7_1,0,2025,7
184385,541,165,14627381,-99.4092,29.9623,2025-07-01T15:00:00Z,1,15,7_1,0,2025,7
184385,541,165,14627381,-99.4092,29.9623,2025-07-01T16:00:00Z,1,16,7_1,0,2025,7
184385,541,165,14627381,-99.4092,29.9623,2025-07-01T17:00:00Z,1,17,7_1,0,2025,7
184385,541,165,14627381,-99.4092,29.9623,2025-07-01T18:00:00Z,1,18,7_1,0,2025,7
184385,541,165,14627381,-99.4092,29.9623,2025-07-01T19:00:00Z,1,19,7_1,0,2025,7
184385,541,165,14627381,-99.4092,29.9623,2025-07-01T20:00:00Z,1,20,7_1,0,2025,7
184385,541,165,14627381,-99.4092,29.9623,2025-07-01T21:00:00Z,1,21,7_1,0,2025,7
184385,541,165,14627381,-99.4092,29.9623,2025-07-01T22:00:00Z,1,22,7_1,0,2025,7
184385,541,165,14627381,-99.4092,29.9623,2025-07-01T23:00:00Z,1,23,7_1,0,2025,7
184385,541,165,14627381,-99.4092,29.9623,2025-07-02T00:00:00Z,2,0,7_2,0,2025,7
184385,541,165,14627381,-99.4092,29.9623,2025-07-02T01:00:00Z,2,1,7_2,0.375,2025,7
184385,541,165,14627381,-99.4092,29.9623,2025-07-02T02:00:00Z,2,2,7_2,0.625,2025,7
184385,541,165,14627381,-99.4092,29.9623,2025-07-02T03:00:00Z,2,3,7_2,1.875,2025,7
184385,541,165,14627381,-99.4092,29.9623,2025-07-02T04:00:00Z,2,4,7_2,0,2025,7
184385,541,165,14627381,-99.4092,29.9623,2025-07-02T05:00:00Z,2,5,7_2,0,2025,7
184385,541,165,14627381,-99.4092,29.9623,2025-07-02T06:00:00Z,2,6,7_2,0,2025,7
184385,541,165,14627381,-99.4092,29.9623,2025-07-02T07:00:00Z,2,7,7_2,0,2025,7
184385,541,165,14627381,-99.4092,29.9623,2025-07-02T08:00:00Z,2,8,7_2,0,2025,7
184385,541,165,14627381,-99.4092,29.9623,2025-07-02T09:00:00Z,2,9,7_2,0,2025,7
184385,541,165,14627381,-99.4092,29.9623,2025-07-02T10:00:00Z,2,10,7_2,0,2025,7
184385,541,165,14627381,-99.4092,29.9623,2025-07-02T11:00:00Z,2,11,7_2,0,2025,7
184385,541,165,14627381,-99.4092,29.9623,2025-07-02T12:00:00Z,2,12,7_2,0.75,2025,7
184385,541,165,14627381,-99.4092,29.9623,2025-07-02T13:00:00Z,2,13,7_2,0.25,2025,7
184385,541,165,14627381,-99.4092,29.9623,2025-07-02T14:00:00Z,2,14,7_2,0.75,2025,7
184385,541,165,14627381,-99.4092,29.9623,2025-07-02T15:00:00Z,2,15,7_2,0,2025,7
184385,541,165,14627381,-99.4092,29.9623,2025-07-02T16:00:00Z,2,16,7_2,0,2025,7
184385,541,165,14627381,-99.4092,29.9623,2025-07-02T17:00:00Z,2,17,7_2,2.375,2025,7
184385,541,165,14627381,-99.4092,29.9623,2025-07-02T18:00:00Z,2,18,7_2,5.5,2025,7
184385,541,165,14627381,-99.4092,29.9623,2025-07-02T19:00:00Z,2,19,7_2,0.625,2025,7
184385,541,165,14627381,-99.4092,29.9623,2025-07-02T20:00:00Z,2,20,7_2,3.5,2025,7
184385,541,165,14627381,-99.4092,29.9623,2025-07-02T21:00:00Z,2,21,7_2,2,2025,7
184385,541,165,14627381,-99.4092,29.9623,2025-07-02T22:00:00Z,2,22,7_2,0,2025,7
184385,541,165,14627381,-99.4092,29.9623,2025-07-02T23:00:00Z,2,23,7_2,0.125,2025,7
184385,541,165,14627381,-99.4092,29.9623,2025-07-03T00:00:00Z,3,0,7_3,0.25,2025,7
184385,541,165,14627381,-99.4092,29.9623,2025-07-03T01:00:00Z,3,1,7_3,0,2025,7
184385,541,165,14627381,-99.4092,29.9623,2025-07-03T02:00:00Z,3,2,7_3,0,2025,7
184385,541,165,14627381,-99.4092,29.9623,2025-07-03T03:00:00Z,3,3,7_3,0,2025,7
184385,541,165,14627381,-99.4092,29.9623,2025-07-03T04:00:00Z,3,4,7_3,0,2025,7
184385,541,165,14627381,-99.4092,29.9623,2025-07-03T05:00:00Z,3,5,7_3,0,2025,7
184385,541,165,14627381,-99.4092,29.9623,2025-07-03T06:00:00Z,3,6,7_3,0,2025,7
184385,541,165,14627381,-99.4092,29.9623,2025-07-03T07:00:00Z,3,7,7_3,0,2025,7
184385,541,165,14627381,-99.4092,29.9623,2025-07-03T08:00:00Z,3,8,7_3,0,2025,7
184385,541,165,14627381,-99.4092,29.9623,2025-07-03T09:00:00Z,3,9,7_3,0,2025,7
184385,541,165,14627381,-99.4092,29.9623,2025-07-03T10:00:00Z,3,10,7_3,0,2025,7
184385,541,165,14627381,-99.4092,29.9623,2025-07-03T11:00:00Z,3,11,7_3,0,2025,7
184385,541,165,14627381,-99.4092,29.9623,2025-07-03T12:00:00Z,3,12,7_3,0,2025,7
184385,541,165,14627381,-99.4092,29.9623,2025-07-03T13:00:00Z,3,13,7_3,0,2025,7
184385,541,165,14627381,-99.4092,29.9623,2025-07-03T14:00:00Z,3,14,7_3,0,2025,7
184385,541,165,14627381,-99.4092,29.9623,2025-07-03T15:00:00Z,3,15,7_3,0,2025,7
184385,541,165,14627381,-99.4092,29.9623,2025-07-03T16:00:00Z,3,16,7_3,0.125,2025,7
184385,541,165,14627381,-99.4092,29.9623,2025-07-03T17:00:00Z,3,17,7_3,0,2025,7
184385,541,165,14627381,-99.4092,29.9623,2025-07-03T18:00:00Z,3,18,7_3,0,2025,7
184385,541,165,14627381,-99.4092,29.9623,2025-07-03T19:00:00Z,3,19,7_3,0.375,2025,7
184385,541,165,14627381,-99.4092,29.9623,2025-07-03T20:00:00Z,3,20,7_3,0,2025,7
184385,541,165,14627381,-99.4092,29.9623,2025-07-03T21:00:00Z,3,21,7_3,0,2025,7
184385,541,165,14627381,-99.4092,29.9623,2025-07-03T22:00:00Z,3,22,7_3,0,2025,7
184385,541,165,14627381,-99.4092,29.9623,2025-07-03T23:00:00Z,3,23,7_3,0,2025,7
184385,541,165,14627381,-99.4092,29.9623,2025-07-04T00:00:00Z,4,0,7_4,0,2025,7
184385,541,165,14627381,-99.4092,29.9623,2025-07-04T01:00:00Z,4,1,7_4,0,2025,7
184385,541,165,14627381,-99.4092,29.9623,2025-07-04T02:00:00Z,4,2,7_4,0,2025,7
184385,541,165,14627381,-99.4092,29.9623,2025-07-04T03:00:00Z,4,3,7_4,0,2025,7
184385,541,165,14627381,-99.4092,29.9623,2025-07-04T04:00:00Z,4,4,7_4,0,2025,7
184385,541,165,14627381,-99.4092,29.9623,2025-07-04T05:00:00Z,4,5,7_4,6.875,2025,7
184385,541,165,14627381,-99.4092,29.9623,2025-07-04T06:00:00Z,4,6,7_4,13.25,2025,7
184385,541,165,14627381,-99.4092,29.9623,2025-07-04T07:00:00Z,4,7,7_4,73.375,2025,7
184385,541,165,14627381,-99.4092,29.9623,2025-07-04T08:00:00Z,4,8,7_4,127.5,2025,7
184385,541,165,14627381,-99.4092,29.9623,2025-07-04T09:00:00Z,4,9,7_4,80.125,2025,7
184385,541,165,14627381,-99.4092,29.9623,2025-07-04T10:00:00Z,4,10,7_4,6,2025,7
184385,541,165,14627381,-99.4092,29.9623,2025-07-04T11:00:00Z,4,11,7_4,2.5,2025,7
184385,541,165,14627381,-99.4092,29.9623,2025-07-04T12:00:00Z,4,12,7_4,4.75,2025,7
184385,541,165,14627381,-99.4092,29.9623,2025-07-04T13:00:00Z,4,13,7_4,1.875,2025,7
184385,541,165,14627381,-99.4092,29.9623,2025-07-04T14:00:00Z,4,14,7_4,1.625,2025,7
184385,541,165,14627381,-99.4092,29.9623,2025-07-04T15:00:00Z,4,15,7_4,7.125,2025,7
184385,541,165,14627381,-99.4092,29.9623,2025-07-04T16:00:00Z,4,16,7_4,12.125,2025,7
184385,541,165,14627381,-99.4092,29.9623,2025-07-04T17:00:00Z,4,17,7_4,11.625,2025,7
184385,541,165,14627381,-99.4092,29.9623,2025-07-04T18:00:00Z,4,18,7_4,1.875,2025,7
184385,541,165,14627381,-99.4092,29.9623,2025-07-04T19:00:00Z,4,19,7_4,0.375,2025,7
184385,541,165,14627381,-99.4092,29.9623,2025-07-04T20:00:00Z,4,20,7_4,0.375,2025,7
184385,541,165,14627381,-99.4092,29.9623,2025-07-04T21:00:00Z,4,21,7_4,0.125,2025,7
184385,541,165,14627381,-99.4092,29.9623,2025-07-04T22:00:00Z,4,22,7_4,0.125,2025,7
184385,541,165,14627381,-99.4092,29.9623,2025-07-04T23:00:00Z,4,23,7_4,0,2025,7
184386,542,165,13652288,-99.3697,29.9589,2025-07-01T00:00:00Z,1,0,7_1,1.875,2025,7
184386,542,165,13652288,-99.3697,29.9589,2025-07-01T01:00:00Z,1,1,7_1,0.25,2025,7
184386,542,165,13652288,-99.3697,29.9589,2025-07-01T02:00:00Z,1,2,7_1,0,2025,7
184386,542,165,13652288,-99.3697,29.9589,2025-07-01T03:00:00Z,1,3,7_1,0,2025,7
184386,542,165,13652288,-99.3697,29.9589,2025-07-01T04:00:00Z,1,4,7_1,0,2025,7
184386,542,165,13652288,-99.3697,29.9589,2025-07-01T05:00:00Z,1,5,7_1,0,2025,7
184386,542,165,13652288,-99.3697,29.9589,2025-07-01T06:00:00Z,1,6,7_1,0,2025,7
184386,542,165,13652288,-99.3697,29.9589,2025-07-01T07:00:00Z,1,7,7_1,0.25,2025,7
184386,542,165,13652288,-99.3697,29.9589,2025-07-01T08:00:00Z,1,8,7_1,0.5,2025,7
184386,542,165,13652288,-99.3697,29.9589,2025-07-01T09:00:00Z,1,9,7_1,0.5,2025,7
184386,542,165,13652288,-99.3697,29.9589,2025-07-01T10:00:00Z,1,10,7_1,0.125,2025,7
184386,542,165,13652288,-99.3697,29.9589,2025-07-01T11:00:00Z,1,11,7_1,0,2025,7
184386,542,165,13652288,-99.3697,29.9589,2025-07-01T12:00:00Z,1,12,7_1,0,2025,7
184386,542,165,13652288,-99.3697,29.9589,2025-07-01T13:00:00Z,1,13,7_1,0,2025,7
184386,542,165,13652288,-99.3697,29.9589,2025-07-01T14:00:00Z,1,14,7_1,0,2025,7
184386,542,165,13652288,-99.3697,29.9589,2025-07-01T15:00:00Z,1,15,7_1,0,2025,7
184386,542,165,13652288,-99.3697,29.9589,2025-07-01T16:00:00Z,1,16,7_1,0,2025,7
184386,542,165,13652288,-99.3697,29.9589,2025-07-01T17:00:00Z,1,17,7_1,0,2025,7
184386,542,165,13652288,-99.3697,29.9589,2025-07-01T18:00:00Z,1,18,7_1,0,2025,7
184386,542,165,13652288,-99.3697,29.9589,2025-07-01T19:00:00Z,1,19,7_1,0,2025,7
184386,542,165,13652288,-99.3697,29.9589,2025-07-01T20:00:00Z,1,20,7_1,0,2025,7
184386,542,165,13652288,-99.3697,29.9589,2025-07-01T21:00:00Z,1,21,7_1,0,2025,7
184386,542,165,13652288,-99.3697,29.9589,2025-07-01T22:00:00Z,1,22,7_1,0,2025,7
184386,542,165,13652288,-99.3697,29.9589,2025-07-01T23:00:00Z,1,23,7_1,0,2025,7
184386,542,165,13652288,-99.3697,29.9589,2025-07-02T00:00:00Z,2,0,7_2,0,2025,7
184386,542,165,13652288,-99.3697,29.9589,2025-07-02T01:00:00Z,2,1,7_2,1,2025,7
184386,542,165,13652288,-99.3697,29.9589,2025-07-02T02:00:00Z,2,2,7_2,0.75,2025,7
184386,542,165,13652288,-99.3697,29.9589,2025-07-02T03:00:00Z,2,3,7_2,2.25,2025,7
184386,542,165,13652288,-99.3697,29.9589,2025-07-02T04:00:00Z,2,4,7_2,0,2025,7
184386,542,165,13652288,-99.3697,29.9589,2025-07-02T05:00:00Z,2,5,7_2,0,2025,7
184386,542,165,13652288,-99.3697,29.9589,2025-07-02T06:00:00Z,2,6,7_2,0,2025,7
184386,542,165,13652288,-99.3697,29.9589,2025-07-02T07:00:00Z,2,7,7_2,0,2025,7
184386,542,165,13652288,-99.3697,29.9589,2025-07-02T08:00:00Z,2,8,7_2,0,2025,7
184386,542,165,13652288,-99.3697,29.9589,2025-07-02T09:00:00Z,2,9,7_2,0,2025,7
184386,542,165,13652288,-99.3697,29.9589,2025-07-02T10:00:00Z,2,10,7_2,0,2025,7
184386,542,165,13652288,-99.3697,29.9589,2025-07-02T11:00:00Z,2,11,7_2,0,2025,7
184386,542,165,13652288,-99.3697,29.9589,2025-07-02T12:00:00Z,2,12,7_2,1,2025,7
184386,542,165,13652288,-99.3697,29.9589,2025-07-02T13:00:00Z,2,13,7_2,0.125,2025,7
184386,542,165,13652288,-99.3697,29.9589,2025-07-02T14:00:00Z,2,14,7_2,1,2025,7
184386,542,165,13652288,-99.3697,29.9589,2025-07-02T15:00:00Z,2,15,7_2,0.25,2025,7
184386,542,165,13652288,-99.3697,29.9589,2025-07-02T16:00:00Z,2,16,7_2,0,2025,7
184386,542,165,13652288,-99.3697,29.9589,2025-07-02T17:00:00Z,2,17,7_2,2.375,2025,7
184386,542,165,13652288,-99.3697,29.9589,2025-07-02T18:00:00Z,2,18,7_2,5,2025,7
184386,542,165,13652288,-99.3697,29.9589,2025-07-02T19:00:00Z,2,19,7_2,1.5,2025,7
184386,542,165,13652288,-99.3697,29.9589,2025-07-02T20:00:00Z,2,20,7_2,2.75,2025,7
184386,542,165,13652288,-99.3697,29.9589,2025-07-02T21:00:00Z,2,21,7_2,1.375,2025,7
184386,542,165,13652288,-99.3697,29.9589,2025-07-02T22:00:00Z,2,22,7_2,0,2025,7
184386,542,165,13652288,-99.3697,29.9589,2025-07-02T23:00:00Z,2,23,7_2,0,2025,7
184386,542,165,13652288,-99.3697,29.9589,2025-07-03T00:00:00Z,3,0,7_3,0.125,2025,7
184386,542,165,13652288,-99.3697,29.9589,2025-07-03T01:00:00Z,3,1,7_3,0,2025,7
184386,542,165,13652288,-99.3697,29.9589,2025-07-03T02:00:00Z,3,2,7_3,0,2025,7
184386,542,165,13652288,-99.3697,29.9589,2025-07-03T03:00:00Z,3,3,7_3,0,2025,7
184386,542,165,13652288,-99.3697,29.9589,2025-07-03T04:00:00Z,3,4,7_3,0,2025,7
184386,542,165,13652288,-99.3697,29.9589,2025-07-03T05:00:00Z,3,5,7_3,0,2025,7
184386,542,165,13652288,-99.3697,29.9589,2025-07-03T06:00:00Z,3,6,7_3,0,2025,7
184386,542,165,13652288,-99.3697,29.9589,2025-07-03T07:00:00Z,3,7,7_3,0,2025,7
184386,542,165,13652288,-99.3697,29.9589,2025-07-03T08:00:00Z,3,8,7_3,0,2025,7
184386,542,165,13652288,-99.3697,29.9589,2025-07-03T09:00:00Z,3,9,7_3,0,2025,7
184386,542,165,13652288,-99.3697,29.9589,2025-07-03T10:00:00Z,3,10,7_3,0,2025,7
184386,542,165,13652288,-99.3697,29.9589,2025-07-03T11:00:00Z,3,11,7_3,0,2025,7
184386,542,165,13652288,-99.3697,29.9589,2025-07-03T12:00:00Z,3,12,7_3,0,2025,7
184386,542,165,13652288,-99.3697,29.9589,2025-07-03T13:00:00Z,3,13,7_3,0,2025,7
184386,542,165,13652288,-99.3697,29.9589,2025-07-03T14:00:00Z,3,14,7_3,0,2025,7
184386,542,165,13652288,-99.3697,29.9589,2025-07-03T15:00:00Z,3,15,7_3,0.125,2025,7
184386,542,165,13652288,-99.3697,29.9589,2025-07-03T16:00:00Z,3,16,7_3,0.125,2025,7
184386,542,165,13652288,-99.3697,29.9589,2025-07-03T17:00:00Z,3,17,7_3,0,2025,7
184386,542,165,13652288,-99.3697,29.9589,2025-07-03T18:00:00Z,3,18,7_3,0,2025,7
184386,542,165,13652288,-99.3697,29.9589,2025-07-03T19:00:00Z,3,19,7_3,1.125,2025,7
184386,542,165,13652288,-99.3697,29.9589,2025-07-03T20:00:00Z,3,20,7_3,0,2025,7
184386,542,165,13652288,-99.3697,29.9589,2025-07-03T21:00:00Z,3,21,7_3,0,2025,7
184386,542,165,13652288,-99.3697,29.9589,2025-07-03T22:00:00Z,3,22,7_3,0,2025,7
184386,542,165,13652288,-99.3697,29.9589,2025-07-03T23:00:00Z,3,23,7_3,0,2025,7
184386,542,165,13652288,-99.3697,29.9589,2025-07-04T00:00:00Z,4,0,7_4,0,2025,7
184386,542,165,13652288,-99.3697,29.9589,2025-07-04T01:00:00Z,4,1,7_4,0,2025,7
184386,542,165,13652288,-99.3697,29.9589,2025-07-04T02:00:00Z,4,2,7_4,0,2025,7
184386,542,165,13652288,-99.3697,29.9589,2025-07-04T03:00:00Z,4,3,7_4,0,2025,7
184386,542,165,13652288,-99.3697,29.9589,2025-07-04T04:00:00Z,4,4,7_4,0,2025,7
184386,542,165,13652288,-99.3697,29.9589,2025-07-04T05:00:00Z,4,5,7_4,7.625,2025,7
184386,542,165,13652288,-99.3697,29.9589,2025-07-04T06:00:00Z,4,6,7_4,10.25,2025,7
184386,542,165,13652288,-99.3697,29.9589,2025-07-04T07:00:00Z,4,7,7_4,77.25,2025,7
184386,542,165,13652288,-99.3697,29.9589,2025-07-04T08:00:00Z,4,8,7_4,101,2025,7
184386,542,165,13652288,-99.3697,29.9589,2025-07-04T09:00:00Z,4,9,7_4,52.625,2025,7
184386,542,165,13652288,-99.3697,29.9589,2025-07-04T10:00:00Z,4,10,7_4,6.125,2025,7
184386,542,165,13652288,-99.3697,29.9589,2025-07-04T11:00:00Z,4,11,7_4,2.625,2025,7
184386,542,165,13652288,-99.3697,29.9589,2025-07-04T12:00:00Z,4,12,7_4,4.75,2025,7
184386,542,165,13652288,-99.3697,29.9589,2025-07-04T13:00:00Z,4,13,7_4,2.25,2025,7
184386,542,165,13652288,-99.3697,29.9589,2025-07-04T14:00:00Z,4,14,7_4,1.625,2025,7
184386,542,165,13652288,-99.3697,29.9589,2025-07-04T15:00:00Z,4,15,7_4,7.5,2025,7
184386,542,165,13652288,-99.3697,29.9589,2025-07-04T16:00:00Z,4,16,7_4,14,2025,7
184386,542,165,13652288,-99.3697,29.9589,2025-07-04T17:00:00Z,4,17,7_4,12.25,2025,7
184386,542,165,13652288,-99.3697,29.9589,2025-07-04T18:00:00Z,4,18,7_4,2.125,2025,7
184386,542,165,13652288,-99.3697,29.9589,2025-07-04T19:00:00Z,4,19,7_4,0.5,2025,7
184386,542,165,13652288,-99.3697,29.9589,2025-07-04T20:00:00Z,4,20,7_4,0.375,2025,7
184386,542,165,13652288,-99.3697,29.9589,2025-07-04T21:00:00Z,4,21,7_4,0.125,2025,7
184386,542,165,13652288,-99.3697,29.9589,2025-07-04T22:00:00Z,4,22,7_4,0.125,2025,7
184386,542,165,13652288,-99.3697,29.9589,2025-07-04T23:00:00Z,4,23,7_4,0,2025,7
184387,543,165,6758153,-99.3302,29.9555,2025-07-01T00:00:00Z,1,0,7_1,1.5,2025,7
184387,543,165,6758153,-99.3302,29.9555,2025-07-01T01:00:00Z,1,1,7_1,0.25,2025,7
184387,543,165,6758153,-99.3302,29.9555,2025-07-01T02:00:00Z,1,2,7_1,0,2025,7
184387,543,165,6758153,-99.3302,29.9555,2025-07-01T03:00:00Z,1,3,7_1,0,2025,7
184387,543,165,6758153,-99.3302,29.9555,2025-07-01T04:00:00Z,1,4,7_1,0,2025,7
184387,543,165,6758153,-99.3302,29.9555,2025-07-01T05:00:00Z,1,5,7_1,0,2025,7
184387,543,165,6758153,-99.3302,29.9555,2025-07-01T06:00:00Z,1,6,7_1,0,2025,7
184387,543,165,6758153,-99.3302,29.9555,2025-07-01T07:00:00Z,1,7,7_1,0,2025,7
184387,543,165,6758153,-99.3302,29.9555,2025-07-01T08:00:00Z,1,8,7_1,0.625,2025,7
184387,543,165,6758153,-99.3302,29.9555,2025-07-01T09:00:00Z,1,9,7_1,0.25,2025,7
184387,543,165,6758153,-99.3302,29.9555,2025-07-01T10:00:00Z,1,10,7_1,0.125,2025,7
184387,543,165,6758153,-99.3302,29.9555,2025-07-01T11:00:00Z,1,11,7_1,0,2025,7
184387,543,165,6758153,-99.3302,29.9555,2025-07-01T12:00:00Z,1,12,7_1,0,2025,7
184387,543,165,6758153,-99.3302,29.9555,2025-07-01T13:00:00Z,1,13,7_1,0,2025,7
184387,543,165,6758153,-99.3302,29.9555,2025-07-01T14:00:00Z,1,14,7_1,0,2025,7
184387,543,165,6758153,-99.3302,29.9555,2025-07-01T15:00:00Z,1,15,7_1,0,2025,7
184387,543,165,6758153,-99.3302,29.9555,2025-07-01T16:00:00Z,1,16,7_1,0,2025,7
184387,543,165,6758153,-99.3302,29.9555,2025-07-01T17:00:00Z,1,17,7_1,0,2025,7
184387,543,165,6758153,-99.3302,29.9555,2025-07-01T18:00:00Z,1,18,7_1,0,2025,7
184387,543,165,6758153,-99.3302,29.9555,2025-07-01T19:00:00Z,1,19,7_1,0,2025,7
184387,543,165,6758153,-99.3302,29.9555,2025-07-01T20:00:00Z,1,20,7_1,0,2025,7
184387,543,165,6758153,-99.3302,29.9555,2025-07-01T21:00:00Z,1,21,7_1,0,2025,7
184387,543,165,6758153,-99.3302,29.9555,2025-07-01T22:00:00Z,1,22,7_1,0,2025,7
184387,543,165,6758153,-99.3302,29.9555,2025-07-01T23:00:00Z,1,23,7_1,0,2025,7
184387,543,165,6758153,-99.3302,29.9555,2025-07-02T00:00:00Z,2,0,7_2,0,2025,7
184387,543,165,6758153,-99.3302,29.9555,2025-07-02T01:00:00Z,2,1,7_2,0.125,2025,7
184387,543,165,6758153,-99.3302,29.9555,2025-07-02T02:00:00Z,2,2,7_2,0.875,2025,7
184387,543,165,6758153,-99.3302,29.9555,2025-07-02T03:00:00Z,2,3,7_2,2,2025,7
184387,543,165,6758153,-99.3302,29.9555,2025-07-02T04:00:00Z,2,4,7_2,0.125,2025,7
184387,543,165,6758153,-99.3302,29.9555,2025-07-02T05:00:00Z,2,5,7_2,0,2025,7
184387,543,165,6758153,-99.3302,29.9555,2025-07-02T06:00:00Z,2,6,7_2,0,2025,7
184387,543,165,6758153,-99.3302,29.9555,2025-07-02T07:00:00Z,2,7,7_2,0,2025,7
184387,543,165,6758153,-99.3302,29.9555,2025-07-02T08:00:00Z,2,8,7_2,0,2025,7
184387,543,165,6758153,-99.3302,29.9555,2025-07-02T09:00:00Z,2,9,7_2,0,2025,7
184387,543,165,6758153,-99.3302,29.9555,2025-07-02T10:00:00Z,2,10,7_2,0,2025,7
184387,543,165,6758153,-99.3302,29.9555,2025-07-02T11:00:00Z,2,11,7_2,0,2025,7
184387,543,165,6758153,-99.3302,29.9555,2025-07-02T12:00:00Z,2,12,7_2,1.125,2025,7
184387,543,165,6758153,-99.3302,29.9555,2025-07-02T13:00:00Z,2,13,7_2,0.125,2025,7
184387,543,165,6758153,-99.3302,29.9555,2025-07-02T14:00:00Z,2,14,7_2,1,2025,7
184387,543,165,6758153,-99.3302,29.9555,2025-07-02T15:00:00Z,2,15,7_2,0.25,2025,7
184387,543,165,6758153,-99.3302,29.9555,2025-07-02T16:00:00Z,2,16,7_2,0,2025,7
184387,543,165,6758153,-99.3302,29.9555,2025-07-02T17:00:00Z,2,17,7_2,2.125,2025,7
184387,543,165,6758153,-99.3302,29.9555,2025-07-02T18:00:00Z,2,18,7_2,4.625,2025,7
184387,543,165,6758153,-99.3302,29.9555,2025-07-02T19:00:00Z,2,19,7_2,0.875,2025,7
184387,543,165,6758153,-99.3302,29.9555,2025-07-02T20:00:00Z,2,20,7_2,3,2025,7
184387,543,165,6758153,-99.3302,29.9555,2025-07-02T21:00:00Z,2,21,7_2,1,2025,7
184387,543,165,6758153,-99.3302,29.9555,2025-07-02T22:00:00Z,2,22,7_2,0,2025,7
184387,543,165,6758153,-99.3302,29.9555,2025-07-02T23:00:00Z,2,23,7_2,0,2025,7
184387,543,165,6758153,-99.3302,29.9555,2025-07-03T00:00:00Z,3,0,7_3,0.75,2025,7
184387,543,165,6758153,-99.3302,29.9555,2025-07-03T01:00:00Z,3,1,7_3,0,2025,7
184387,543,165,6758153,-99.3302,29.9555,2025-07-03T02:00:00Z,3,2,7_3,0,2025,7
184387,543,165,6758153,-99.3302,29.9555,2025-07-03T03:00:00Z,3,3,7_3,0,2025,7
184387,543,165,6758153,-99.3302,29.9555,2025-07-03T04:00:00Z,3,4,7_3,0,2025,7
184387,543,165,6758153,-99.3302,29.9555,2025-07-03T05:00:00Z,3,5,7_3,0,2025,7
184387,543,165,6758153,-99.3302,29.9555,2025-07-03T06:00:00Z,3,6,7_3,0,2025,7
184387,543,165,6758153,-99.3302,29.9555,2025-07-03T07:00:00Z,3,7,7_3,0,2025,7
184387,543,165,6758153,-99.3302,29.9555,2025-07-03T08:00:00Z,3,8,7_3,0,2025,7
184387,543,165,6758153,-99.3302,29.9555,2025-07-03T09:00:00Z,3,9,7_3,0,2025,7
184387,543,165,6758153,-99.3302,29.9555,2025-07-03T10:00:00Z,3,10,7_3,0,2025,7
184387,543,165,6758153,-99.3302,29.9555,2025-07-03T11:00:00Z,3,11,7_3,0,2025,7
184387,543,165,6758153,-99.3302,29.9555,2025-07-03T12:00:00Z,3,12,7_3,0,2025,7
184387,543,165,6758153,-99.3302,29.9555,2025-07-03T13:00:00Z,3,13,7_3,0,2025,7
184387,543,165,6758153,-99.3302,29.9555,2025-07-03T14:00:00Z,3,14,7_3,0,2025,7
184387,543,165,6758153,-99.3302,29.9555,2025-07-03T15:00:00Z,3,15,7_3,0.5,2025,7
184387,543,165,6758153,-99.3302,29.9555,2025-07-03T16:00:00Z,3,16,7_3,0.25,2025,7
184387,543,165,6758153,-99.3302,29.9555,2025-07-03T17:00:00Z,3,17,7_3,0,2025,7
184387,543,165,6758153,-99.3302,29.9555,2025-07-03T18:00:00Z,3,18,7_3,0,2025,7
184387,543,165,6758153,-99.3302,29.9555,2025-07-03T19:00:00Z,3,19,7_3,1.25,2025,7
184387,543,165,6758153,-99.3302,29.9555,2025-07-03T20:00:00Z,3,20,7_3,0.125,2025,7
184387,543,165,6758153,-99.3302,29.9555,2025-07-03T21:00:00Z,3,21,7_3,0,2025,7
184387,543,165,6758153,-99.3302,29.9555,2025-07-03T22:00:00Z,3,22,7_3,0,2025,7
184387,543,165,6758153,-99.3302,29.9555,2025-07-03T23:00:00Z,3,23,7_3,0,2025,7
184387,543,165,6758153,-99.3302,29.9555,2025-07-04T00:00:00Z,4,0,7_4,0,2025,7
184387,543,165,6758153,-99.3302,29.9555,2025-07-04T01:00:00Z,4,1,7_4,0,2025,7
184387,543,165,6758153,-99.3302,29.9555,2025-07-04T02:00:00Z,4,2,7_4,0,2025,7
184387,543,165,6758153,-99.3302,29.9555,2025-07-04T03:00:00Z,4,3,7_4,0,2025,7
184387,543,165,6758153,-99.3302,29.9555,2025-07-04T04:00:00Z,4,4,7_4,0,2025,7
184387,543,165,6758153,-99.3302,29.9555,2025-07-04T05:00:00Z,4,5,7_4,8.375,2025,7
184387,543,165,6758153,-99.3302,29.9555,2025-07-04T06:00:00Z,4,6,7_4,10.25,2025,7
184387,543,165,6758153,-99.3302,29.9555,2025-07-04T07:00:00Z,4,7,7_4,90.5,2025,7
184387,543,165,6758153,-99.3302,29.9555,2025-07-04T08:00:00Z,4,8,7_4,58.125,2025,7
184387,543,165,6758153,-99.3302,29.9555,2025-07-04T09:00:00Z,4,9,7_4,33.875,2025,7
184387,543,165,6758153,-99.3302,29.9555,2025-07-04T10:00:00Z,4,10,7_4,6.25,2025,7
184387,543,165,6758153,-99.3302,29.9555,2025-07-04T11:00:00Z,4,11,7_4,2.625,2025,7
184387,543,165,6758153,-99.3302,29.9555,2025-07-04T12:00:00Z,4,12,7_4,6.375,2025,7
184387,543,165,6758153,-99.3302,29.9555,2025-07-04T13:00:00Z,4,13,7_4,2.5,2025,7
184387,543,165,6758153,-99.3302,29.9555,2025-07-04T14:00:00Z,4,14,7_4,1.625,2025,7
184387,543,165,6758153,-99.3302,29.9555,2025-07-04T15:00:00Z,4,15,7_4,5.125,2025,7
184387,543,165,6758153,-99.3302,29.9555,2025-07-04T16:00:00Z,4,16,7_4,15.375,2025,7
184387,543,165,6758153,-99.3302,29.9555,2025-07-04T17:00:00Z,4,17,7_4,12.875,2025,7
184387,543,165,6758153,-99.3302,29.9555,2025-07-04T18:00:00Z,4,18,7_4,2.75,2025,7
184387,543,165,6758153,-99.3302,29.9555,2025-07-04T19:00:00Z,4,19,7_4,0.625,2025,7
184387,543,165,6758153,-99.3302,29.9555,2025-07-04T20:00:00Z,4,20,7_4,0.375,2025,7
184387,543,165,6758153,-99.3302,29.9555,2025-07-04T21:00:00Z,4,21,7_4,0.125,2025,7
184387,543,165,6758153,-99.3302,29.9555,2025-07-04T22:00:00Z,4,22,7_4,0.125,2025,7
184387,543,165,6758153,-99.3302,29.9555,2025-07-04T23:00:00Z,4,23,7_4,0,2025,7
185499,534,166,7732490,-99.6824,30.0195,2025-07-01T00:00:00Z,1,0,7_1,1.5,2025,7
185499,534,166,7732490,-99.6824,30.0195,2025-07-01T01:00:00Z,1,1,7_1,0.625,2025,7
185499,534,166,7732490,-99.6824,30.0195,2025-07-01T02:00:00Z,1,2,7_1,0,2025,7
185499,534,166,7732490,-99.6824,30.0195,2025-07-01T03:00:00Z,1,3,7_1,0,2025,7
185499,534,166,7732490,-99.6824,30.0195,2025-07-01T04:00:00Z,1,4,7_1,0,2025,7
185499,534,166,7732490,-99.6824,30.0195,2025-07-01T05:00:00Z,1,5,7_1,0,2025,7
185499,534,166,7732490,-99.6824,30.0195,2025-07-01T06:00:00Z,1,6,7_1,0,2025,7
185499,534,166,7732490,-99.6824,30.0195,2025-07-01T07:00:00Z,1,7,7_1,0,2025,7
185499,534,166,7732490,-99.6824,30.0195,2025-07-01T08:00:00Z,1,8,7_1,0.25,2025,7
185499,534,166,7732490,-99.6824,30.0195,2025-07-01T09:00:00Z,1,9,7_1,0.5,2025,7
185499,534,166,7732490,-99.6824,30.0195,2025-07-01T10:00:00Z,1,10,7_1,0.625,2025,7
185499,534,166,7732490,-99.6824,30.0195,2025-07-01T11:00:00Z,1,11,7_1,0,2025,7
185499,534,166,7732490,-99.6824,30.0195,2025-07-01T12:00:00Z,1,12,7_1,0,2025,7
185499,534,166,7732490,-99.6824,30.0195,2025-07-01T13:00:00Z,1,13,7_1,0.25,2025,7
185499,534,166,7732490,-99.6824,30.0195,2025-07-01T14:00:00Z,1,14,7_1,0,2025,7
185499,534,166,7732490,-99.6824,30.0195,2025-07-01T15:00:00Z,1,15,7_1,0,2025,7
185499,534,166,7732490,-99.6824,30.0195,2025-07-01T16:00:00Z,1,16,7_1,0.25,2025,7
185499,534,166,7732490,-99.6824,30.0195,2025-07-01T17:00:00Z,1,17,7_1,0.75,2025,7
185499,534,166,7732490,-99.6824,30.0195,2025-07-01T18:00:00Z,1,18,7_1,0.375,2025,7
185499,534,166,7732490,-99.6824,30.0195,2025-07-01T19:00:00Z,1,19,7_1,0,2025,7
185499,534,166,7732490,-99.6824,30.0195,2025-07-01T20:00:00Z,1,20,7_1,0.125,2025,7
185499,534,166,7732490,-99.6824,30.0195,2025-07-01T21:00:00Z,1,21,7_1,2.875,2025,7
185499,534,166,7732490,-99.6824,30.0195,2025-07-01T22:00:00Z,1,22,7_1,0.125,2025,7
185499,534,166,7732490,-99.6824,30.0195,2025-07-01T23:00:00Z,1,23,7_1,0,2025,7
185499,534,166,7732490,-99.6824,30.0195,2025-07-02T00:00:00Z,2,0,7_2,0,2025,7
185499,534,166,7732490,-99.6824,30.0195,2025-07-02T01:00:00Z,2,1,7_2,0,2025,7
185499,534,166,7732490,-99.6824,30.0195,2025-07-02T02:00:00Z,2,2,7_2,0,2025,7
185499,534,166,7732490,-99.6824,30.0195,2025-07-02T03:00:00Z,2,3,7_2,1.75,2025,7
185499,534,166,7732490,-99.6824,30.0195,2025-07-02T04:00:00Z,2,4,7_2,0.5,2025,7
185499,534,166,7732490,-99.6824,30.0195,2025-07-02T05:00:00Z,2,5,7_2,0,2025,7
185499,534,166,7732490,-99.6824,30.0195,2025-07-02T06:00:00Z,2,6,7_2,0,2025,7
185499,534,166,7732490,-99.6824,30.0195,2025-07-02T07:00:00Z,2,7,7_2,0,2025,7
185499,534,166,7732490,-99.6824,30.0195,2025-07-02T08:00:00Z,2,8,7_2,0,2025,7
185499,534,166,7732490,-99.6824,30.0195,2025-07-02T09:00:00Z,2,9,7_2,0,2025,7
185499,534,166,7732490,-99.6824,30.0195,2025-07-02T10:00:00Z,2,10,7_2,0,2025,7
185499,534,166,7732490,-99.6824,30.0195,2025-07-02T11:00:00Z,2,11,7_2,0.875,2025,7
185499,534,166,7732490,-99.6824,30.0195,2025-07-02T12:00:00Z,2,12,7_2,0.5,2025,7
185499,534,166,7732490,-99.6824,30.0195,2025-07-02T13:00:00Z,2,13,7_2,0,2025,7
185499,534,166,7732490,-99.6824,30.0195,2025-07-02T14:00:00Z,2,14,7_2,0,2025,7
185499,534,166,7732490,-99.6824,30.0195,2025-07-02T15:00:00Z,2,15,7_2,0,2025,7
185499,534,166,7732490,-99.6824,30.0195,2025-07-02T16:00:00Z,2,16,7_2,0,2025,7
185499,534,166,7732490,-99.6824,30.0195,2025-07-02T17:00:00Z,2,17,7_2,6,2025,7
185499,534,166,7732490,-99.6824,30.0195,2025-07-02T18:00:00Z,2,18,7_2,0.625,2025,7
185499,534,166,7732490,-99.6824,30.0195,2025-07-02T19:00:00Z,2,19,7_2,1.125,2025,7
185499,534,166,7732490,-99.6824,30.0195,2025-07-02T20:00:00Z,2,20,7_2,4.5,2025,7
185499,534,166,7732490,-99.6824,30.0195,2025-07-02T21:00:00Z,2,21,7_2,3,2025,7
185499,534,166,7732490,-99.6824,30.0195,2025-07-02T22:00:00Z,2,22,7_2,0.75,2025,7
185499,534,166,7732490,-99.6824,30.0195,2025-07-02T23:00:00Z,2,23,7_2,0.75,2025,7
185499,534,166,7732490,-99.6824,30.0195,2025-07-03T00:00:00Z,3,0,7_3,0,2025,7
185499,534,166,7732490,-99.6824,30.0195,2025-07-03T01:00:00Z,3,1,7_3,0,2025,7
185499,534,166,7732490,-99.6824,30.0195,2025-07-03T02:00:00Z,3,2,7_3,0,2025,7
185499,534,166,7732490,-99.6824,30.0195,2025-07-03T03:00:00Z,3,3,7_3,0,2025,7
185499,534,166,7732490,-99.6824,30.0195,2025-07-03T04:00:00Z,3,4,7_3,0,2025,7
185499,534,166,7732490,-99.6824,30.0195,2025-07-03T05:00:00Z,3,5,7_3,0,2025,7
185499,534,166,7732490,-99.6824,30.0195,2025-07-03T06:00:00Z,3,6,7_3,0,2025,7
185499,534,166,7732490,-99.6824,30.0195,2025-07-03T07:00:00Z,3,7,7_3,0,2025,7
185499,534,166,7732490,-99.6824,30.0195,2025-07-03T08:00:00Z,3,8,7_3,0,2025,7
185499,534,166,7732490,-99.6824,30.0195,2025-07-03T09:00:00Z,3,9,7_3,0,2025,7
185499,534,166,7732490,-99.6824,30.0195,2025-07-03T10:00:00Z,3,10,7_3,0,2025,7
185499,534,166,7732490,-99.6824,30.0195,2025-07-03T11:00:00Z,3,11,7_3,0,2025,7
185499,534,166,7732490,-99.6824,30.0195,2025-07-03T12:00:00Z,3,12,7_3,0,2025,7
185499,534,166,7732490,-99.6824,30.0195,2025-07-03T13:00:00Z,3,13,7_3,0,2025,7
185499,534,166,7732490,-99.6824,30.0195,2025-07-03T14:00:00Z,3,14,7_3,0,2025,7
185499,534,166,7732490,-99.6824,30.0195,2025-07-03T15:00:00Z,3,15,7_3,0.125,2025,7
185499,534,166,7732490,-99.6824,30.0195,2025-07-03T16:00:00Z,3,16,7_3,0,2025,7
185499,534,166,7732490,-99.6824,30.0195,2025-07-03T17:00:00Z,3,17,7_3,0,2025,7
185499,534,166,7732490,-99.6824,30.0195,2025-07-03T18:00:00Z,3,18,7_3,1.75,2025,7
185499,534,166,7732490,-99.6824,30.0195,2025-07-03T19:00:00Z,3,19,7_3,0,2025,7
185499,534,166,7732490,-99.6824,30.0195,2025-07-03T20:00:00Z,3,20,7_3,0,2025,7
185499,534,166,7732490,-99.6824,30.0195,2025-07-03T21:00:00Z,3,21,7_3,0,2025,7
185499,534,166,7732490,-99.6824,30.0195,2025-07-03T22:00:00Z,3,22,7_3,0,2025,7
185499,534,166,7732490,-99.6824,30.0195,2025-07-03T23:00:00Z,3,23,7_3,0,2025,7
185499,534,166,7732490,-99.6824,30.0195,2025-07-04T00:00:00Z,4,0,7_4,0,2025,7
185499,534,166,7732490,-99.6824,30.0195,2025-07-04T01:00:00Z,4,1,7_4,0,2025,7
185499,534,166,7732490,-99.6824,30.0195,2025-07-04T02:00:00Z,4,2,7_4,0,2025,7
185499,534,166,7732490,-99.6824,30.0195,2025-07-04T03:00:00Z,4,3,7_4,0,2025,7
185499,534,166,7732490,-99.6824,30.0195,2025-07-04T04:00:00Z,4,4,7_4,0,2025,7
185499,534,166,7732490,-99.6824,30.0195,2025-07-04T05:00:00Z,4,5,7_4,0.125,2025,7
185499,534,166,7732490,-99.6824,30.0195,2025-07-04T06:00:00Z,4,6,7_4,0.375,2025,7
185499,534,166,7732490,-99.6824,30.0195,2025-07-04T07:00:00Z,4,7,7_4,0.125,2025,7
185499,534,166,7732490,-99.6824,30.0195,2025-07-04T08:00:00Z,4,8,7_4,2.25,2025,7
185499,534,166,7732490,-99.6824,30.0195,2025-07-04T09:00:00Z,4,9,7_4,0.375,2025,7
185499,534,166,7732490,-99.6824,30.0195,2025-07-04T10:00:00Z,4,10,7_4,3.75,2025,7
185499,534,166,7732490,-99.6824,30.0195,2025-07-04T11:00:00Z,4,11,7_4,24.5,2025,7
185499,534,166,7732490,-99.6824,30.0195,2025-07-04T12:00:00Z,4,12,7_4,8.125,2025,7
185499,534,166,7732490,-99.6824,30.0195,2025-07-04T13:00:00Z,4,13,7_4,2,2025,7
185499,534,166,7732490,-99.6824,30.0195,2025-07-04T14:00:00Z,4,14,7_4,5.375,2025,7
185499,534,166,7732490,-99.6824,30.0195,2025-07-04T15:00:00Z,4,15,7_4,7.5,2025,7
185499,534,166,7732490,-99.6824,30.0195,2025-07-04T16:00:00Z,4,16,7_4,8,2025,7
185499,534,166,7732490,-99.6824,30.0195,2025-07-04T17:00:00Z,4,17,7_4,3.875,2025,7
185499,534,166,7732490,-99.6824,30.0195,2025-07-04T18:00:00Z,4,18,7_4,0.625,2025,7
185499,534,166,7732490,-99.6824,30.0195,2025-07-04T19:00:00Z,4,19,7_4,0,2025,7
185499,534,166,7732490,-99.6824,30.0195,2025-07-04T20:00:00Z,4,20,7_4,0,2025,7
185499,534,166,7732490,-99.6824,30.0195,2025-07-04T21:00:00Z,4,21,7_4,0,2025,7
185499,534,166,7732490,-99.6824,30.0195,2025-07-04T22:00:00Z,4,22,7_4,0,2025,7
185499,534,166,7732490,-99.6824,30.0195,2025-07-04T23:00:00Z,4,23,7_4,0,2025,7
185500,535,166,14643462,-99.6428,30.0163,2025-07-01T00:00:00Z,1,0,7_1,1.375,2025,7
185500,535,166,14643462,-99.6428,30.0163,2025-07-01T01:00:00Z,1,1,7_1,0.5,2025,7
185500,535,166,14643462,-99.6428,30.0163,2025-07-01T02:00:00Z,1,2,7_1,0,2025,7
185500,535,166,14643462,-99.6428,30.0163,2025-07-01T03:00:00Z,1,3,7_1,0,2025,7
185500,535,166,14643462,-99.6428,30.0163,2025-07-01T04:00:00Z,1,4,7_1,0,2025,7
185500,535,166,14643462,-99.6428,30.0163,2025-07-01T05:00:00Z,1,5,7_1,0,2025,7
185500,535,166,14643462,-99.6428,30.0163,2025-07-01T06:00:00Z,1,6,7_1,0,2025,7
185500,535,166,14643462,-99.6428,30.0163,2025-07-01T07:00:00Z,1,7,7_1,0,2025,7
185500,535,166,14643462,-99.6428,30.0163,2025-07-01T08:00:00Z,1,8,7_1,0.125,2025,7
185500,535,166,14643462,-99.6428,30.0163,2025-07-01T09:00:00Z,1,9,7_1,0.75,2025,7
185500,535,166,14643462,-99.6428,30.0163,2025-07-01T10:00:00Z,1,10,7_1,0.625,2025,7
185500,535,166,14643462,-99.6428,30.0163,2025-07-01T11:00:00Z,1,11,7_1,0,2025,7
185500,535,166,14643462,-99.6428,30.0163,2025-07-01T12:00:00Z,1,12,7_1,0,2025,7
185500,535,166,14643462,-99.6428,30.0163,2025-07-01T13:00:00Z,1,13,7_1,0,2025,7
185500,535,166,14643462,-99.6428,30.0163,2025-07-01T14:00:00Z,1,14,7_1,0,2025,7
185500,535,166,14643462,-99.6428,30.0163,2025-07-01T15:00:00Z,1,15,7_1,0,2025,7
185500,535,166,14643462,-99.6428,30.0163,2025-07-01T16:00:00Z,1,16,7_1,0,2025,7
185500,535,166,14643462,-99.6428,30.0163,2025-07-01T17:00:00Z,1,17,7_1,0.5,2025,7
185500,535,166,14643462,-99.6428,30.0163,2025-07-01T18:00:00Z,1,18,7_1,0.25,2025,7
185500,535,166,14643462,-99.6428,30.0163,2025-07-01T19:00:00Z,1,19,7_1,0,2025,7
185500,535,166,14643462,-99.6428,30.0163,2025-07-01T20:00:00Z,1,20,7_1,0,2025,7
185500,535,166,14643462,-99.6428,30.0163,2025-07-01T21:00:00Z,1,21,7_1,1,2025,7
185500,535,166,14643462,-99.6428,30.0163,2025-07-01T22:00:00Z,1,22,7_1,0,2025,7
185500,535,166,14643462,-99.6428,30.0163,2025-07-01T23:00:00Z,1,23,7_1,0,2025,7
185500,535,166,14643462,-99.6428,30.0163,2025-07-02T00:00:00Z,2,0,7_2,0,2025,7
185500,535,166,14643462,-99.6428,30.0163,2025-07-02T01:00:00Z,2,1,7_2,0,2025,7
185500,535,166,14643462,-99.6428,30.0163,2025-07-02T02:00:00Z,2,2,7_2,0,2025,7
185500,535,166,14643462,-99.6428,30.0163,2025-07-02T03:00:00Z,2,3,7_2,1.375,2025,7
185500,535,166,14643462,-99.6428,30.0163,2025-07-02T04:00:00Z,2,4,7_2,0.25,2025,7
185500,535,166,14643462,-99.6428,30.0163,2025-07-02T05:00:00Z,2,5,7_2,0,2025,7
185500,535,166,14643462,-99.6428,30.0163,2025-07-02T06:00:00Z,2,6,7_2,0,2025,7
185500,535,166,14643462,-99.6428,30.0163,2025-07-02T07:00:00Z,2,7,7_2,0,2025,7
185500,535,166,14643462,-99.6428,30.0163,2025-07-02T08:00:00Z,2,8,7_2,0,2025,7
185500,535,166,14643462,-99.6428,30.0163,2025-07-02T09:00:00Z,2,9,7_2,0,2025,7
185500,535,166,14643462,-99.6428,30.0163,2025-07-02T10:00:00Z,2,10,7_2,0,2025,7
185500,535,166,14643462,-99.6428,30.0163,2025-07-02T11:00:00Z,2,11,7_2,0,2025,7
185500,535,166,14643462,-99.6428,30.0163,2025-07-02T12:00:00Z,2,12,7_2,0,2025,7
185500,535,166,14643462,-99.6428,30.0163,2025-07-02T13:00:00Z,2,13,7_2,0,2025,7
185500,535,166,14643462,-99.6428,30.0163,2025-07-02T14:00:00Z,2,14,7_2,0.5,2025,7
185500,535,166,14643462,-99.6428,30.0163,2025-07-02T15:00:00Z,2,15,7_2,0,2025,7
185500,535,166,14643462,-99.6428,30.0163,2025-07-02T16:00:00Z,2,16,7_2,0,2025,7
185500,535,166,14643462,-99.6428,30.0163,2025-07-02T17:00:00Z,2,17,7_2,4,2025,7
185500,535,166,14643462,-99.6428,30.0163,2025-07-02T18:00:00Z,2,18,7_2,0.875,2025,7
185500,535,166,14643462,-99.6428,30.0163,2025-07-02T19:00:00Z,2,19,7_2,1.375,2025,7
185500,535,166,14643462,-99.6428,30.0163,2025-07-02T20:00:00Z,2,20,7_2,6.25,2025,7
185500,535,166,14643462,-99.6428,30.0163,2025-07-02T21:00:00Z,2,21,7_2,3.125,2025,7
185500,535,166,14643462,-99.6428,30.0163,2025-07-02T22:00:00Z,2,22,7_2,0.5,2025,7
185500,535,166,14643462,-99.6428,30.0163,2025-07-02T23:00:00Z,2,23,7_2,0.625,2025,7
185500,535,166,14643462,-99.6428,30.0163,2025-07-03T00:00:00Z,3,0,7_3,0,2025,7
185500,535,166,14643462,-99.6428,30.0163,2025-07-03T01:00:00Z,3,1,7_3,0,2025,7
185500,535,166,14643462,-99.6428,30.0163,2025-07-03T02:00:00Z,3,2,7_3,0,2025,7
185500,535,166,14643462,-99.6428,30.0163,2025-07-03T03:00:00Z,3,3,7_3,0,2025,7
185500,535,166,14643462,-99.6428,30.0163,2025-07-03T04:00:00Z,3,4,7_3,0,2025,7
185500,535,166,14643462,-99.6428,30.0163,2025-07-03T05:00:00Z,3,5,7_3,0,2025,7
185500,535,166,14643462,-99.6428,30.0163,2025-07-03T06:00:00Z,3,6,7_3,0,2025,7
185500,535,166,14643462,-99.6428,30.0163,2025-07-03T07:00:00Z,3,7,7_3,0,2025,7
185500,535,166,14643462,-99.6428,30.0163,2025-07-03T08:00:00Z,3,8,7_3,0,2025,7
185500,535,166,14643462,-99.6428,30.0163,2025-07-03T09:00:00Z,3,9,7_3,0,2025,7
185500,535,166,14643462,-99.6428,30.0163,2025-07-03T10:00:00Z,3,10,7_3,0,2025,7
185500,535,166,14643462,-99.6428,30.0163,2025-07-03T11:00:00Z,3,11,7_3,0,2025,7
185500,535,166,14643462,-99.6428,30.0163,2025-07-03T12:00:00Z,3,12,7_3,0,2025,7
185500,535,166,14643462,-99.6428,30.0163,2025-07-03T13:00:00Z,3,13,7_3,0,2025,7
185500,535,166,14643462,-99.6428,30.0163,2025-07-03T14:00:00Z,3,14,7_3,0,2025,7
185500,535,166,14643462,-99.6428,30.0163,2025-07-03T15:00:00Z,3,15,7_3,0,2025,7
185500,535,166,14643462,-99.6428,30.0163,2025-07-03T16:00:00Z,3,16,7_3,0,2025,7
185500,535,166,14643462,-99.6428,30.0163,2025-07-03T17:00:00Z,3,17,7_3,0,2025,7
185500,535,166,14643462,-99.6428,30.0163,2025-07-03T18:00:00Z,3,18,7_3,0.875,2025,7
185500,535,166,14643462,-99.6428,30.0163,2025-07-03T19:00:00Z,3,19,7_3,0,2025,7
185500,535,166,14643462,-99.6428,30.0163,2025-07-03T20:00:00Z,3,20,7_3,0,2025,7
185500,535,166,14643462,-99.6428,30.0163,2025-07-03T21:00:00Z,3,21,7_3,0,2025,7
185500,535,166,14643462,-99.6428,30.0163,2025-07-03T22:00:00Z,3,22,7_3,0,2025,7
185500,535,166,14643462,-99.6428,30.0163,2025-07-03T23:00:00Z,3,23,7_3,0,2025,7
185500,535,166,14643462,-99.6428,30.0163,2025-07-04T00:00:00Z,4,0,7_4,0,2025,7
185500,535,166,14643462,-99.6428,30.0163,2025-07-04T01:00:00Z,4,1,7_4,0,2025,7
185500,535,166,14643462,-99.6428,30.0163,2025-07-04T02:00:00Z,4,2,7_4,0,2025,7
185500,535,166,14643462,-99.6428,30.0163,2025-07-04T03:00:00Z,4,3,7_4,0,2025,7
185500,535,166,14643462,-99.6428,30.0163,2025-07-04T04:00:00Z,4,4,7_4,0,2025,7
185500,535,166,14643462,-99.6428,30.0163,2025-07-04T05:00:00Z,4,5,7_4,0.25,2025,7
185500,535,166,14643462,-99.6428,30.0163,2025-07-04T06:00:00Z,4,6,7_4,2,2025,7
185500,535,166,14643462,-99.6428,30.0163,2025-07-04T07:00:00Z,4,7,7_4,1.75,2025,7
185500,535,166,14643462,-99.6428,30.0163,2025-07-04T08:00:00Z,4,8,7_4,10,2025,7
185500,535,166,14643462,-99.6428,30.0163,2025-07-04T09:00:00Z,4,9,7_4,4.125,2025,7
185500,535,166,14643462,-99.6428,30.0163,2025-07-04T10:00:00Z,4,10,7_4,3,2025,7
185500,535,166,14643462,-99.6428,30.0163,2025-07-04T11:00:00Z,4,11,7_4,15.375,2025,7
185500,535,166,14643462,-99.6428,30.0163,2025-07-04T12:00:00Z,4,12,7_4,8.375,2025,7
185500,535,166,14643462,-99.6428,30.0163,2025-07-04T13:00:00Z,4,13,7_4,2.375,2025,7
185500,535,166,14643462,-99.6428,30.0163,2025-07-04T14:00:00Z,4,14,7_4,6.75,2025,7
185500,535,166,14643462,-99.6428,30.0163,2025-07-04T15:00:00Z,4,15,7_4,7.375,2025,7
185500,535,166,14643462,-99.6428,30.0163,2025-07-04T16:00:00Z,4,16,7_4,8.75,2025,7
185500,535,166,14643462,-99.6428,30.0163,2025-07-04T17:00:00Z,4,17,7_4,4.375,2025,7
185500,535,166,14643462,-99.6428,30.0163,2025-07-04T18:00:00Z,4,18,7_4,0.875,2025,7
185500,535,166,14643462,-99.6428,30.0163,2025-07-04T19:00:00Z,4,19,7_4,0,2025,7
185500,535,166,14643462,-99.6428,30.0163,2025-07-04T20:00:00Z,4,20,7_4,0,2025,7
185500,535,166,14643462,-99.6428,30.0163,2025-07-04T21:00:00Z,4,21,7_4,0,2025,7
185500,535,166,14643462,-99.6428,30.0163,2025-07-04T22:00:00Z,4,22,7_4,0,2025,7
185500,535,166,14643462,-99.6428,30.0163,2025-07-04T23:00:00Z,4,23,7_4,0,2025,7
185501,536,166,14642501,-99.6032,30.013,2025-07-01T00:00:00Z,1,0,7_1,1.625,2025,7
185501,536,166,14642501,-99.6032,30.013,2025-07-01T01:00:00Z,1,1,7_1,0.375,2025,7
185501,536,166,14642501,-99.6032,30.013,2025-07-01T02:00:00Z,1,2,7_1,0,2025,7
185501,536,166,14642501,-99.6032,30.013,2025-07-01T03:00:00Z,1,3,7_1,0,2025,7
185501,536,166,14642501,-99.6032,30.013,2025-07-01T04:00:00Z,1,4,7_1,0,2025,7
185501,536,166,14642501,-99.6032,30.013,2025-07-01T05:00:00Z,1,5,7_1,0,2025,7
185501,536,166,14642501,-99.6032,30.013,2025-07-01T06:00:00Z,1,6,7_1,0,2025,7
185501,536,166,14642501,-99.6032,30.013,2025-07-01T07:00:00Z,1,7,7_1,0,2025,7
185501,536,166,14642501,-99.6032,30.013,2025-07-01T08:00:00Z,1,8,7_1,0,2025,7
185501,536,166,14642501,-99.6032,30.013,2025-07-01T09:00:00Z,1,9,7_1,0.625,2025,7
185501,536,166,14642501,-99.6032,30.013,2025-07-01T10:00:00Z,1,10,7_1,0.625,2025,7
185501,536,166,14642501,-99.6032,30.013,2025-07-01T11:00:00Z,1,11,7_1,0,2025,7
185501,536,166,14642501,-99.6032,30.013,2025-07-01T12:00:00Z,1,12,7_1,0,2025,7
185501,536,166,14642501,-99.6032,30.013,2025-07-01T13:00:00Z,1,13,7_1,0,2025,7
185501,536,166,14642501,-99.6032,30.013,2025-07-01T14:00:00Z,1,14,7_1,0,2025,7
185501,536,166,14642501,-99.6032,30.013,2025-07-01T15:00:00Z,1,15,7_1,0,2025,7
185501,536,166,14642501,-99.6032,30.013,2025-07-01T16:00:00Z,1,16,7_1,0,2025,7
185501,536,166,14642501,-99.6032,30.013,2025-07-01T17:00:00Z,1,17,7_1,0.375,2025,7
185501,536,166,14642501,-99.6032,30.013,2025-07-01T18:00:00Z,1,18,7_1,0.125,2025,7
185501,536,166,14642501,-99.6032,30.013,2025-07-01T19:00:00Z,1,19,7_1,0,2025,7
185501,536,166,14642501,-99.6032,30.013,2025-07-01T20:00:00Z,1,20,7_1,0,2025,7
185501,536,166,14642501,-99.6032,30.013,2025-07-01T21:00:00Z,1,21,7_1,0.625,2025,7
185501,536,166,14642501,-99.6032,30.013,2025-07-01T22:00:00Z,1,22,7_1,0,2025,7
185501,536,166,14642501,-99.6032,30.013,2025-07-01T23:00:00Z,1,23,7_1,0,2025,7
185501,536,166,14642501,-99.6032,30.013,2025-07-02T00:00:00Z,2,0,7_2,0,2025,7
185501,536,166,14642501,-99.6032,30.013,2025-07-02T01:00:00Z,2,1,7_2,0,2025,7
185501,536,166,14642501,-99.6032,30.013,2025-07-02T02:00:00Z,2,2,7_2,0,2025,7
185501,536,166,14642501,-99.6032,30.013,2025-07-02T03:00:00Z,2,3,7_2,1.125,2025,7
185501,536,166,14642501,-99.6032,30.013,2025-07-02T04:00:00Z,2,4,7_2,0.125,2025,7
185501,536,166,14642501,-99.6032,30.013,2025-07-02T05:00:00Z,2,5,7_2,0,2025,7
185501,536,166,14642501,-99.6032,30.013,2025-07-02T06:00:00Z,2,6,7_2,0,2025,7
185501,536,166,14642501,-99.6032,30.013,2025-07-02T07:00:00Z,2,7,7_2,0,2025,7
185501,536,166,14642501,-99.6032,30.013,2025-07-02T08:00:00Z,2,8,7_2,0,2025,7
185501,536,166,14642501,-99.6032,30.013,2025-07-02T09:00:00Z,2,9,7_2,0,2025,7
185501,536,166,14642501,-99.6032,30.013,2025-07-02T10:00:00Z,2,10,7_2,0.125,2025,7
185501,536,166,14642501,-99.6032,30.013,2025-07-02T11:00:00Z,2,11,7_2,0,2025,7
185501,536,166,14642501,-99.6032,30.013,2025-07-02T12:00:00Z,2,12,7_2,0.125,2025,7
185501,536,166,14642501,-99.6032,30.013,2025-07-02T13:00:00Z,2,13,7_2,0.5,2025,7
185501,536,166,14642501,-99.6032,30.013,2025-07-02T14:00:00Z,2,14,7_2,0.75,2025,7
185501,536,166,14642501,-99.6032,30.013,2025-07-02T15:00:00Z,2,15,7_2,0,2025,7
185501,536,166,14642501,-99.6032,30.013,2025-07-02T16:00:00Z,2,16,7_2,0,2025,7
185501,536,166,14642501,-99.6032,30.013,2025-07-02T17:00:00Z,2,17,7_2,3.625,2025,7
185501,536,166,14642501,-99.6032,30.013,2025-07-02T18:00:00Z,2,18,7_2,1.5,2025,7
185501,536,166,14642501,-99.6032,30.013,2025-07-02T19:00:00Z,2,19,7_2,1.375,2025,7
185501,536,166,14642501,-99.6032,30.013,2025-07-02T20:00:00Z,2,20,7_2,9.625,2025,7
185501,536,166,14642501,-99.6032,30.013,2025-07-02T21:00:00Z,2,21,7_2,5.25,2025,7
185501,536,166,14642501,-99.6032,30.013,2025-07-02T22:00:00Z,2,22,7_2,0.5,2025,7
185501,536,166,14642501,-99.6032,30.013,2025-07-02T23:00:00Z,2,23,7_2,0.625,2025,7
185501,536,166,14642501,-99.6032,30.013,2025-07-03T00:00:00Z,3,0,7_3,0,2025,7
185501,536,166,14642501,-99.6032,30.013,2025-07-03T01:00:00Z,3,1,7_3,0,2025,7
185501,536,166,14642501,-99.6032,30.013,2025-07-03T02:00:00Z,3,2,7_3,0,2025,7
185501,536,166,14642501,-99.6032,30.013,2025-07-03T03:00:00Z,3,3,7_3,0,2025,7
185501,536,166,14642501,-99.6032,30.013,2025-07-03T04:00:00Z,3,4,7_3,0,2025,7
185501,536,166,14642501,-99.6032,30.013,2025-07-03T05:00:00Z,3,5,7_3,0,2025,7
185501,536,166,14642501,-99.6032,30.013,2025-07-03T06:00:00Z,3,6,7_3,0,2025,7
185501,536,166,14642501,-99.6032,30.013,2025-07-03T07:00:00Z,3,7,7_3,0,2025,7
185501,536,166,14642501,-99.6032,30.013,2025-07-03T08:00:00Z,3,8,7_3,0,2025,7
185501,536,166,14642501,-99.6032,30.013,2025-07-03T09:00:00Z,3,9,7_3,0,2025,7
185501,536,166,14642501,-99.6032,30.013,2025-07-03T10:00:00Z,3,10,7_3,0,2025,7
185501,536,166,14642501,-99.6032,30.013,2025-07-03T11:00:00Z,3,11,7_3,0,2025,7
185501,536,166,14642501,-99.6032,30.013,2025-07-03T12:00:00Z,3,12,7_3,0,2025,7
185501,536,166,14642501,-99.6032,30.013,2025-07-03T13:00:00Z,3,13,7_3,0,2025,7
185501,536,166,14642501,-99.6032,30.013,2025-07-03T14:00:00Z,3,14,7_3,0,2025,7
185501,536,166,14642501,-99.6032,30.013,2025-07-03T15:00:00Z,3,15,7_3,0.125,2025,7
185501,536,166,14642501,-99.6032,30.013,2025-07-03T16:00:00Z,3,16,7_3,0,2025,7
185501,536,166,14642501,-99.6032,30.013,2025-07-03T17:00:00Z,3,17,7_3,0,2025,7
185501,536,166,14642501,-99.6032,30.013,2025-07-03T18:00:00Z,3,18,7_3,0.5,2025,7
185501,536,166,14642501,-99.6032,30.013,2025-07-03T19:00:00Z,3,19,7_3,0,2025,7
185501,536,166,14642501,-99.6032,30.013,2025-07-03T20:00:00Z,3,20,7_3,0,2025,7
185501,536,166,14642501,-99.6032,30.013,2025-07-03T21:00:00Z,3,21,7_3,0,2025,7
185501,536,166,14642501,-99.6032,30.013,2025-07-03T22:00:00Z,3,22,7_3,0,2025,7
185501,536,166,14642501,-99.6032,30.013,2025-07-03T23:00:00Z,3,23,7_3,0,2025,7
185501,536,166,14642501,-99.6032,30.013,2025-07-04T00:00:00Z,4,0,7_4,0,2025,7
185501,536,166,14642501,-99.6032,30.013,2025-07-04T01:00:00Z,4,1,7_4,0,2025,7
185501,536,166,14642501,-99.6032,30.013,2025-07-04T02:00:00Z,4,2,7_4,0,2025,7
185501,536,166,14642501,-99.6032,30.013,2025-07-04T03:00:00Z,4,3,7_4,0,2025,7
185501,536,166,14642501,-99.6032,30.013,2025-07-04T04:00:00Z,4,4,7_4,0,2025,7
185501,536,166,14642501,-99.6032,30.013,2025-07-04T05:00:00Z,4,5,7_4,0.75,2025,7
185501,536,166,14642501,-99.6032,30.013,2025-07-04T06:00:00Z,4,6,7_4,4.375,2025,7
185501,536,166,14642501,-99.6032,30.013,2025-07-04T07:00:00Z,4,7,7_4,7.25,2025,7
185501,536,166,14642501,-99.6032,30.013,2025-07-04T08:00:00Z,4,8,7_4,20.375,2025,7
185501,536,166,14642501,-99.6032,30.013,2025-07-04T09:00:00Z,4,9,7_4,7.5,2025,7
185501,536,166,14642501,-99.6032,30.013,2025-07-04T10:00:00Z,4,10,7_4,2.5,2025,7
185501,536,166,14642501,-99.6032,30.013,2025-07-04T11:00:00Z,4,11,7_4,7.375,2025,7
185501,536,166,14642501,-99.6032,30.013,2025-07-04T12:00:00Z,4,12,7_4,6.25,2025,7
185501,536,166,14642501,-99.6032,30.013,2025-07-04T13:00:00Z,4,13,7_4,2.375,2025,7
185501,536,166,14642501,-99.6032,30.013,2025-07-04T14:00:00Z,4,14,7_4,6.25,2025,7
185501,536,166,14642501,-99.6032,30.013,2025-07-04T15:00:00Z,4,15,7_4,7.625,2025,7
185501,536,166,14642501,-99.6032,30.013,2025-07-04T16:00:00Z,4,16,7_4,10,2025,7
185501,536,166,14642501,-99.6032,30.013,2025-07-04T17:00:00Z,4,17,7_4,5.5,2025,7
185501,536,166,14642501,-99.6032,30.013,2025-07-04T18:00:00Z,4,18,7_4,1.25,2025,7
185501,536,166,14642501,-99.6032,30.013,2025-07-04T19:00:00Z,4,19,7_4,0.25,2025,7
185501,536,166,14642501,-99.6032,30.013,2025-07-04T20:00:00Z,4,20,7_4,0,2025,7
185501,536,166,14642501,-99.6032,30.013,2025-07-04T21:00:00Z,4,21,7_4,0,2025,7
185501,536,166,14642501,-99.6032,30.013,2025-07-04T22:00:00Z,4,22,7_4,0,2025,7
185501,536,166,14642501,-99.6032,30.013,2025-07-04T23:00:00Z,4,23,7_4,0,2025,7
185502,537,166,14641532,-99.5636,30.0098,2025-07-01T00:00:00Z,1,0,7_1,1.875,2025,7
185502,537,166,14641532,-99.5636,30.0098,2025-07-01T01:00:00Z,1,1,7_1,0.375,2025,7
185502,537,166,14641532,-99.5636,30.0098,2025-07-01T02:00:00Z,1,2,7_1,0,2025,7
185502,537,166,14641532,-99.5636,30.0098,2025-07-01T03:00:00Z,1,3,7_1,0,2025,7
185502,537,166,14641532,-99.5636,30.0098,2025-07-01T04:00:00Z,1,4,7_1,0,2025,7
185502,537,166,14641532,-99.5636,30.0098,2025-07-01T05:00:00Z,1,5,7_1,0,2025,7
185502,537,166,14641532,-99.5636,30.0098,2025-07-01T06:00:00Z,1,6,7_1,0,2025,7
185502,537,166,14641532,-99.5636,30.0098,2025-07-01T07:00:00Z,1,7,7_1,0,2025,7
185502,537,166,14641532,-99.5636,30.0098,2025-07-01T08:00:00Z,1,8,7_1,0,2025,7
185502,537,166,14641532,-99.5636,30.0098,2025-07-01T09:00:00Z,1,9,7_1,0.625,2025,7
185502,537,166,14641532,-99.5636,30.0098,2025-07-01T10:00:00Z,1,10,7_1,0.875,2025,7
185502,537,166,14641532,-99.5636,30.0098,2025-07-01T11:00:00Z,1,11,7_1,0,2025,7
185502,537,166,14641532,-99.5636,30.0098,2025-07-01T12:00:00Z,1,12,7_1,0,2025,7
185502,537,166,14641532,-99.5636,30.0098,2025-07-01T13:00:00Z,1,13,7_1,0,2025,7
185502,537,166,14641532,-99.5636,30.0098,2025-07-01T14:00:00Z,1,14,7_1,0,2025,7
185502,537,166,14641532,-99.5636,30.0098,2025-07-01T15:00:00Z,1,15,7_1,0,2025,7
185502,537,166,14641532,-99.5636,30.0098,2025-07-01T16:00:00Z,1,16,7_1,0,2025,7
185502,537,166,14641532,-99.5636,30.0098,2025-07-01T17:00:00Z,1,17,7_1,0.625,2025,7
185502,537,166,14641532,-99.5636,30.0098,2025-07-01T18:00:00Z,1,18,7_1,0.25,2025,7
185502,537,166,14641532,-99.5636,30.0098,2025-07-01T19:00:00Z,1,19,7_1,0.125,2025,7
185502,537,166,14641532,-99.5636,30.0098,2025-07-01T20:00:00Z,1,20,7_1,0,2025,7
185502,537,166,14641532,-99.5636,30.0098,2025-07-01T21:00:00Z,1,21,7_1,0.25,2025,7
185502,537,166,14641532,-99.5636,30.0098,2025-07-01T22:00:00Z,1,22,7_1,0,2025,7
185502,537,166,14641532,-99.5636,30.0098,2025-07-01T23:00:00Z,1,23,7_1,0,2025,7
185502,537,166,14641532,-99.5636,30.0098,2025-07-02T00:00:00Z,2,0,7_2,0,2025,7
185502,537,166,14641532,-99.5636,30.0098,2025-07-02T01:00:00Z,2,1,7_2,0,2025,7
185502,537,166,14641532,-99.5636,30.0098,2025-07-02T02:00:00Z,2,2,7_2,0.25,2025,7
185502,537,166,14641532,-99.5636,30.0098,2025-07-02T03:00:00Z,2,3,7_2,1.375,2025,7
185502,537,166,14641532,-99.5636,30.0098,2025-07-02T04:00:00Z,2,4,7_2,0,2025,7
185502,537,166,14641532,-99.5636,30.0098,2025-07-02T05:00:00Z,2,5,7_2,0,2025,7
185502,537,166,14641532,-99.5636,30.0098,2025-07-02T06:00:00Z,2,6,7_2,0,2025,7
185502,537,166,14641532,-99.5636,30.0098,2025-07-02T07:00:00Z,2,7,7_2,0,2025,7
185502,537,166,14641532,-99.5636,30.0098,2025-07-02T08:00:00Z,2,8,7_2,0,2025,7
185502,537,166,14641532,-99.5636,30.0098,2025-07-02T09:00:00Z,2,9,7_2,0,2025,7
185502,537,166,14641532,-99.5636,30.0098,2025-07-02T10:00:00Z,2,10,7_2,0,2025,7
185502,537,166,14641532,-99.5636,30.0098,2025-07-02T11:00:00Z,2,11,7_2,0,2025,7
185502,537,166,14641532,-99.5636,30.0098,2025-07-02T12:00:00Z,2,12,7_2,0.25,2025,7
185502,537,166,14641532,-99.5636,30.0098,2025-07-02T13:00:00Z,2,13,7_2,0.625,2025,7
185502,537,166,14641532,-99.5636,30.0098,2025-07-02T14:00:00Z,2,14,7_2,0.25,2025,7
185502,537,166,14641532,-99.5636,30.0098,2025-07-02T15:00:00Z,2,15,7_2,0,2025,7
185502,537,166,14641532,-99.5636,30.0098,2025-07-02T16:00:00Z,2,16,7_2,0,2025,7
185502,537,166,14641532,-99.5636,30.0098,2025-07-02T17:00:00Z,2,17,7_2,0.75,2025,7
185502,537,166,14641532,-99.5636,30.0098,2025-07-02T18:00:00Z,2,18,7_2,1.5,2025,7
185502,537,166,14641532,-99.5636,30.0098,2025-07-02T19:00:00Z,2,19,7_2,0.875,2025,7
185502,537,166,14641532,-99.5636,30.0098,2025-07-02T20:00:00Z,2,20,7_2,16,2025,7
185502,537,166,14641532,-99.5636,30.0098,2025-07-02T21:00:00Z,2,21,7_2,5.875,2025,7
185502,537,166,14641532,-99.5636,30.0098,2025-07-02T22:00:00Z,2,22,7_2,1.25,2025,7
185502,537,166,14641532,-99.5636,30.0098,2025-07-02T23:00:00Z,2,23,7_2,0.5,2025,7
185502,537,166,14641532,-99.5636,30.0098,2025-07-03T00:00:00Z,3,0,7_3,0,2025,7
185502,537,166,14641532,-99.5636,30.0098,2025-07-03T01:00:00Z,3,1,7_3,0,2025,7
185502,537,166,14641532,-99.5636,30.0098,2025-07-03T02:00:00Z,3,2,7_3,0,2025,7
185502,537,166,14641532,-99.5636,30.0098,2025-07-03T03:00:00Z,3,3,7_3,0,2025,7
185502,537,166,14641532,-99.5636,30.0098,2025-07-03T04:00:00Z,3,4,7_3,0,2025,7
185502,537,166,14641532,-99.5636,30.0098,2025-07-03T05:00:00Z,3,5,7_3,0,2025,7
185502,537,166,14641532,-99.5636,30.0098,2025-07-03T06:00:00Z,3,6,7_3,0,2025,7
185502,537,166,14641532,-99.5636,30.0098,2025-07-03T07:00:00Z,3,7,7_3,0,2025,7
185502,537,166,14641532,-99.5636,30.0098,2025-07-03T08:00:00Z,3,8,7_3,0,2025,7
185502,537,166,14641532,-99.5636,30.0098,2025-07-03T09:00:00Z,3,9,7_3,0.125,2025,7
185502,537,166,14641532,-99.5636,30.0098,2025-07-03T10:00:00Z,3,10,7_3,0,2025,7
185502,537,166,14641532,-99.5636,30.0098,2025-07-03T11:00:00Z,3,11,7_3,0,2025,7
185502,537,166,14641532,-99.5636,30.0098,2025-07-03T12:00:00Z,3,12,7_3,0,2025,7
185502,537,166,14641532,-99.5636,30.0098,2025-07-03T13:00:00Z,3,13,7_3,0,2025,7
185502,537,166,14641532,-99.5636,30.0098,2025-07-03T14:00:00Z,3,14,7_3,0,2025,7
185502,537,166,14641532,-99.5636,30.0098,2025-07-03T15:00:00Z,3,15,7_3,0.125,2025,7
185502,537,166,14641532,-99.5636,30.0098,2025-07-03T16:00:00Z,3,16,7_3,0,2025,7
185502,537,166,14641532,-99.5636,30.0098,2025-07-03T17:00:00Z,3,17,7_3,0,2025,7
185502,537,166,14641532,-99.5636,30.0098,2025-07-03T18:00:00Z,3,18,7_3,0,2025,7
185502,537,166,14641532,-99.5636,30.0098,2025-07-03T19:00:00Z,3,19,7_3,0,2025,7
185502,537,166,14641532,-99.5636,30.0098,2025-07-03T20:00:00Z,3,20,7_3,0,2025,7
185502,537,166,14641532,-99.5636,30.0098,2025-07-03T21:00:00Z,3,21,7_3,0,2025,7
185502,537,166,14641532,-99.5636,30.0098,2025-07-03T22:00:00Z,3,22,7_3,0,2025,7
185502,537,166,14641532,-99.5636,30.0098,2025-07-03T23:00:00Z,3,23,7_3,0,2025,7
185502,537,166,14641532,-99.5636,30.0098,2025-07-04T00:00:00Z,4,0,7_4,0,2025,7
185502,537,166,14641532,-99.5636,30.0098,2025-07-04T01:00:00Z,4,1,7_4,0,2025,7
185502,537,166,14641532,-99.5636,30.0098,2025-07-04T02:00:00Z,4,2,7_4,0,2025,7
185502,537,166,14641532,-99.5636,30.0098,2025-07-04T03:00:00Z,4,3,7_4,0,2025,7
185502,537,166,14641532,-99.5636,30.0098,2025-07-04T04:00:00Z,4,4,7_4,0,2025,7
185502,537,166,14641532,-99.5636,30.0098,2025-07-04T05:00:00Z,4,5,7_4,0.75,2025,7
185502,537,166,14641532,-99.5636,30.0098,2025-07-04T06:00:00Z,4,6,7_4,8.125,2025,7
185502,537,166,14641532,-99.5636,30.0098,2025-07-04T07:00:00Z,4,7,7_4,18.5,2025,7
185502,537,166,14641532,-99.5636,30.0098,2025-07-04T08:00:00Z,4,8,7_4,27.75,2025,7
185502,537,166,14641532,-99.5636,30.0098,2025-07-04T09:00:00Z,4,9,7_4,17.375,2025,7
185502,537,166,14641532,-99.5636,30.0098,2025-07-04T10:00:00Z,4,10,7_4,4,2025,7
185502,537,166,14641532,-99.5636,30.0098,2025-07-04T11:00:00Z,4,11,7_4,4.75,2025,7
185502,537,166,14641532,-99.5636,30.0098,2025-07-04T12:00:00Z,4,12,7_4,4.5,2025,7
185502,537,166,14641532,-99.5636,30.0098,2025-07-04T13:00:00Z,4,13,7_4,2.25,2025,7
185502,537,166,14641532,-99.5636,30.0098,2025-07-04T14:00:00Z,4,14,7_4,4.375,2025,7
185502,537,166,14641532,-99.5636,30.0098,2025-07-04T15:00:00Z,4,15,7_4,11.375,2025,7
185502,537,166,14641532,-99.5636,30.0098,2025-07-04T16:00:00Z,4,16,7_4,11.25,2025,7
185502,537,166,14641532,-99.5636,30.0098,2025-07-04T17:00:00Z,4,17,7_4,6,2025,7
185502,537,166,14641532,-99.5636,30.0098,2025-07-04T18:00:00Z,4,18,7_4,1.125,2025,7
185502,537,166,14641532,-99.5636,30.0098,2025-07-04T19:00:00Z,4,19,7_4,0.375,2025,7
185502,537,166,14641532,-99.5636,30.0098,2025-07-04T20:00:00Z,4,20,7_4,0.125,2025,7
185502,537,166,14641532,-99.5636,30.0098,2025-07-04T21:00:00Z,4,21,7_4,0,2025,7
185502,537,166,14641532,-99.5636,30.0098,2025-07-04T22:00:00Z,4,22,7_4,0,2025,7
185502,537,166,14641532,-99.5636,30.0098,2025-07-04T23:00:00Z,4,23,7_4,0,2025,7
185503,538,166,14640557,-99.5241,30.0065,2025-07-01T00:00:00Z,1,0,7_1,2,2025,7
185503,538,166,14640557,-99.5241,30.0065,2025-07-01T01:00:00Z,1,1,7_1,0.5,2025,7
185503,538,166,14640557,-99.5241,30.0065,2025-07-01T02:00:00Z,1,2,7_1,0,2025,7
185503,538,166,14640557,-99.5241,30.0065,2025-07-01T03:00:00Z,1,3,7_1,0,2025,7
185503,538,166,14640557,-99.5241,30.0065,2025-07-01T04:00:00Z,1,4,7_1,0,2025,7
185503,538,166,14640557,-99.5241,30.0065,2025-07-01T05:00:00Z,1,5,7_1,0,2025,7
185503,538,166,14640557,-99.5241,30.0065,2025-07-01T06:00:00Z,1,6,7_1,0,2025,7
185503,538,166,14640557,-99.5241,30.0065,2025-07-01T07:00:00Z,1,7,7_1,0.25,2025,7
185503,538,166,14640557,-99.5241,30.0065,2025-07-01T08:00:00Z,1,8,7_1,0.125,2025,7
185503,538,166,14640557,-99.5241,30.0065,2025-07-01T09:00:00Z,1,9,7_1,0.5,2025,7
185503,538,166,14640557,-99.5241,30.0065,2025-07-01T10:00:00Z,1,10,7_1,2,2025,7
185503,538,166,14640557,-99.5241,30.0065,2025-07-01T11:00:00Z,1,11,7_1,0,2025,7
185503,538,166,14640557,-99.5241,30.0065,2025-07-01T12:00:00Z,1,12,7_1,0,2025,7
185503,538,166,14640557,-99.5241,30.0065,2025-07-01T13:00:00Z,1,13,7_1,0,2025,7
185503,538,166,14640557,-99.5241,30.0065,2025-07-01T14:00:00Z,1,14,7_1,0,2025,7
185503,538,166,14640557,-99.5241,30.0065,2025-07-01T15:00:00Z,1,15,7_1,0,2025,7
185503,538,166,14640557,-99.5241,30.0065,2025-07-01T16:00:00Z,1,16,7_1,0,2025,7
185503,538,166,14640557,-99.5241,30.0065,2025-07-01T17:00:00Z,1,17,7_1,0.5,2025,7
185503,538,166,14640557,-99.5241,30.0065,2025-07-01T18:00:00Z,1,18,7_1,0.125,2025,7
185503,538,166,14640557,-99.5241,30.0065,2025-07-01T19:00:00Z,1,19,7_1,0,2025,7
185503,538,166,14640557,-99.5241,30.0065,2025-07-01T20:00:00Z,1,20,7_1,0,2025,7
185503,538,166,14640557,-99.5241,30.0065,2025-07-01T21:00:00Z,1,21,7_1,0,2025,7
185503,538,166,14640557,-99.5241,30.0065,2025-07-01T22:00:00Z,1,22,7_1,0,2025,7
185503,538,166,14640557,-99.5241,30.0065,2025-07-01T23:00:00Z,1,23,7_1,0,2025,7
185503,538,166,14640557,-99.5241,30.0065,2025-07-02T00:00:00Z,2,0,7_2,0,2025,7
185503,538,166,14640557,-99.5241,30.0065,2025-07-02T01:00:00Z,2,1,7_2,0,2025,7
185503,538,166,14640557,-99.5241,30.0065,2025-07-02T02:00:00Z,2,2,7_2,0.25,2025,7
185503,538,166,14640557,-99.5241,30.0065,2025-07-02T03:00:00Z,2,3,7_2,1.5,2025,7
185503,538,166,14640557,-99.5241,30.0065,2025-07-02T04:00:00Z,2,4,7_2,0,2025,7
185503,538,166,14640557,-99.5241,30.0065,2025-07-02T05:00:00Z,2,5,7_2,0,2025,7
185503,538,166,14640557,-99.5241,30.0065,2025-07-02T06:00:00Z,2,6,7_2,0,2025,7
185503,538,166,14640557,-99.5241,30.0065,2025-07-02T07:00:00Z,2,7,7_2,0,2025,7
185503,538,166,14640557,-99.5241,30.0065,2025-07-02T08:00:00Z,2,8,7_2,0,2025,7
185503,538,166,14640557,-99.5241,30.0065,2025-07-02T09:00:00Z,2,9,7_2,0,2025,7
185503,538,166,14640557,-99.5241,30.0065,2025-07-02T10:00:00Z,2,10,7_2,0,2025,7
185503,538,166,14640557,-99.5241,30.0065,2025-07-02T11:00:00Z,2,11,7_2,0,2025,7
185503,538,166,14640557,-99.5241,30.0065,2025-07-02T12:00:00Z,2,12,7_2,0.5,2025,7
185503,538,166,14640557,-99.5241,30.0065,2025-07-02T13:00:00Z,2,13,7_2,0.375,2025,7
185503,538,166,14640557,-99.5241,30.0065,2025-07-02T14:00:00Z,2,14,7_2,0.125,2025,7
185503,538,166,14640557,-99.5241,30.0065,2025-07-02T15:00:00Z,2,15,7_2,0,2025,7
185503,538,166,14640557,-99.5241,30.0065,2025-07-02T16:00:00Z,2,16,7_2,0,2025,7
185503,538,166,14640557,-99.5241,30.0065,2025-07-02T17:00:00Z,2,17,7_2,0.125,2025,7
185503,538,166,14640557,-99.5241,30.0065,2025-07-02T18:00:00Z,2,18,7_2,3.875,2025,7
185503,538,166,14640557,-99.5241,30.0065,2025-07-02T19:00:00Z,2,19,7_2,0.5,2025,7
185503,538,166,14640557,-99.5241,30.0065,2025-07-02T20:00:00Z,2,20,7_2,10.125,2025,7
185503,538,166,14640557,-99.5241,30.0065,2025-07-02T21:00:00Z,2,21,7_2,4.5,2025,7
185503,538,166,14640557,-99.5241,30.0065,2025-07-02T22:00:00Z,2,22,7_2,0.5,2025,7
185503,538,166,14640557,-99.5241,30.0065,2025-07-02T23:00:00Z,2,23,7_2,0.875,2025,7
185503,538,166,14640557,-99.5241,30.0065,2025-07-03T00:00:00Z,3,0,7_3,0.25,2025,7
185503,538,166,14640557,-99.5241,30.0065,2025-07-03T01:00:00Z,3,1,7_3,0,2025,7
185503,538,166,14640557,-99.5241,30.0065,2025-07-03T02:00:00Z,3,2,7_3,0,2025,7
185503,538,166,14640557,-99.5241,30.0065,2025-07-03T03:00:00Z,3,3,7_3,0,2025,7
185503,538,166,14640557,-99.5241,30.0065,2025-07-03T04:00:00Z,3,4,7_3,0,2025,7
185503,538,166,14640557,-99.5241,30.0065,2025-07-03T05:00:00Z,3,5,7_3,0,2025,7
185503,538,166,14640557,-99.5241,30.0065,2025-07-03T06:00:00Z,3,6,7_3,0,2025,7
185503,538,166,14640557,-99.5241,30.0065,2025-07-03T07:00:00Z,3,7,7_3,0,2025,7
185503,538,166,14640557,-99.5241,30.0065,2025-07-03T08:00:00Z,3,8,7_3,0,2025,7
185503,538,166,14640557,-99.5241,30.0065,2025-07-03T09:00:00Z,3,9,7_3,0,2025,7
185503,538,166,14640557,-99.5241,30.0065,2025-07-03T10:00:00Z,3,10,7_3,0,2025,7
185503,538,166,14640557,-99.5241,30.0065,2025-07-03T11:00:00Z,3,11,7_3,0,2025,7
185503,538,166,14640557,-99.5241,30.0065,2025-07-03T12:00:00Z,3,12,7_3,0,2025,7
185503,538,166,14640557,-99.5241,30.0065,2025-07-03T13:00:00Z,3,13,7_3,0,2025,7
185503,538,166,14640557,-99.5241,30.0065,2025-07-03T14:00:00Z,3,14,7_3,0,2025,7
185503,538,166,14640557,-99.5241,30.0065,2025-07-03T15:00:00Z,3,15,7_3,0,2025,7
185503,538,166,14640557,-99.5241,30.0065,2025-07-03T16:00:00Z,3,16,7_3,0.125,2025,7
185503,538,166,14640557,-99.5241,30.0065,2025-07-03T17:00:00Z,3,17,7_3,0,2025,7
185503,538,166,14640557,-99.5241,30.0065,2025-07-03T18:00:00Z,3,18,7_3,0,2025,7
185503,538,166,14640557,-99.5241,30.0065,2025-07-03T19:00:00Z,3,19,7_3,0,2025,7
185503,538,166,14640557,-99.5241,30.0065,2025-07-03T20:00:00Z,3,20,7_3,0,2025,7
185503,538,166,14640557,-99.5241,30.0065,2025-07-03T21:00:00Z,3,21,7_3,0,2025,7
185503,538,166,14640557,-99.5241,30.0065,2025-07-03T22:00:00Z,3,22,7_3,0,2025,7
185503,538,166,14640557,-99.5241,30.0065,2025-07-03T23:00:00Z,3,23,7_3,0,2025,7
185503,538,166,14640557,-99.5241,30.0065,2025-07-04T00:00:00Z,4,0,7_4,0,2025,7
185503,538,166,14640557,-99.5241,30.0065,2025-07-04T01:00:00Z,4,1,7_4,0,2025,7
185503,538,166,14640557,-99.5241,30.0065,2025-07-04T02:00:00Z,4,2,7_4,0,2025,7
185503,538,166,14640557,-99.5241,30.0065,2025-07-04T03:00:00Z,4,3,7_4,0,2025,7
185503,538,166,14640557,-99.5241,30.0065,2025-07-04T04:00:00Z,4,4,7_4,0.125,2025,7
185503,538,166,14640557,-99.5241,30.0065,2025-07-04T05:00:00Z,4,5,7_4,0.875,2025,7
185503,538,166,14640557,-99.5241,30.0065,2025-07-04T06:00:00Z,4,6,7_4,13,2025,7
185503,538,166,14640557,-99.5241,30.0065,2025-07-04T07:00:00Z,4,7,7_4,25.375,2025,7
185503,538,166,14640557,-99.5241,30.0065,2025-07-04T08:00:00Z,4,8,7_4,34.5,2025,7
185503,538,166,14640557,-99.5241,30.0065,2025-07-04T09:00:00Z,4,9,7_4,34.75,2025,7
185503,538,166,14640557,-99.5241,30.0065,2025-07-04T10:00:00Z,4,10,7_4,4.125,2025,7
185503,538,166,14640557,-99.5241,30.0065,2025-07-04T11:00:00Z,4,11,7_4,3.75,2025,7
185503,538,166,14640557,-99.5241,30.0065,2025-07-04T12:00:00Z,4,12,7_4,4.375,2025,7
185503,538,166,14640557,-99.5241,30.0065,2025-07-04T13:00:00Z,4,13,7_4,2.125,2025,7
185503,538,166,14640557,-99.5241,30.0065,2025-07-04T14:00:00Z,4,14,7_4,2.875,2025,7
185503,538,166,14640557,-99.5241,30.0065,2025-07-04T15:00:00Z,4,15,7_4,16,2025,7
185503,538,166,14640557,-99.5241,30.0065,2025-07-04T16:00:00Z,4,16,7_4,11.25,2025,7
185503,538,166,14640557,-99.5241,30.0065,2025-07-04T17:00:00Z,4,17,7_4,6.5,2025,7
185503,538,166,14640557,-99.5241,30.0065,2025-07-04T18:00:00Z,4,18,7_4,1.125,2025,7
185503,538,166,14640557,-99.5241,30.0065,2025-07-04T19:00:00Z,4,19,7_4,0.25,2025,7
185503,538,166,14640557,-99.5241,30.0065,2025-07-04T20:00:00Z,4,20,7_4,0.125,2025,7
185503,538,166,14640557,-99.5241,30.0065,2025-07-04T21:00:00Z,4,21,7_4,0,2025,7
185503,538,166,14640557,-99.5241,30.0065,2025-07-04T22:00:00Z,4,22,7_4,0,2025,7
185503,538,166,14640557,-99.5241,30.0065,2025-07-04T23:00:00Z,4,23,7_4,0,2025,7
185504,539,166,14639575,-99.4845,30.0032,2025-07-01T00:00:00Z,1,0,7_1,2,2025,7
185504,539,166,14639575,-99.4845,30.0032,2025-07-01T01:00:00Z,1,1,7_1,0.375,2025,7
185504,539,166,14639575,-99.4845,30.0032,2025-07-01T02:00:00Z,1,2,7_1,0,2025,7
185504,539,166,14639575,-99.4845,30.0032,2025-07-01T03:00:00Z,1,3,7_1,0,2025,7
185504,539,166,14639575,-99.4845,30.0032,2025-07-01T04:00:00Z,1,4,7_1,0,2025,7
185504,539,166,14639575,-99.4845,30.0032,2025-07-01T05:00:00Z,1,5,7_1,0,2025,7
185504,539,166,14639575,-99.4845,30.0032,2025-07-01T06:00:00Z,1,6,7_1,0,2025,7
185504,539,166,14639575,-99.4845,30.0032,2025-07-01T07:00:00Z,1,7,7_1,0.5,2025,7
185504,539,166,14639575,-99.4845,30.0032,2025-07-01T08:00:00Z,1,8,7_1,0.375,2025,7
185504,539,166,14639575,-99.4845,30.0032,2025-07-01T09:00:00Z,1,9,7_1,0.5,2025,7
185504,539,166,14639575,-99.4845,30.0032,2025-07-01T10:00:00Z,1,10,7_1,1.375,2025,7
185504,539,166,14639575,-99.4845,30.0032,2025-07-01T11:00:00Z,1,11,7_1,0,2025,7
185504,539,166,14639575,-99.4845,30.0032,2025-07-01T12:00:00Z,1,12,7_1,0,2025,7
185504,539,166,14639575,-99.4845,30.0032,2025-07-01T13:00:00Z,1,13,7_1,0,2025,7
185504,539,166,14639575,-99.4845,30.0032,2025-07-01T14:00:00Z,1,14,7_1,0,2025,7
185504,539,166,14639575,-99.4845,30.0032,2025-07-01T15:00:00Z,1,15,7_1,0,2025,7
185504,539,166,14639575,-99.4845,30.0032,2025-07-01T16:00:00Z,1,16,7_1,0,2025,7
185504,539,166,14639575,-99.4845,30.0032,2025-07-01T17:00:00Z,1,17,7_1,0,2025,7
185504,539,166,14639575,-99.4845,30.0032,2025-07-01T18:00:00Z,1,18,7_1,0,2025,7
185504,539,166,14639575,-99.4845,30.0032,2025-07-01T19:00:00Z,1,19,7_1,0,2025,7
185504,539,166,14639575,-99.4845,30.0032,2025-07-01T20:00:00Z,1,20,7_1,0,2025,7
185504,539,166,14639575,-99.4845,30.0032,2025-07-01T21:00:00Z,1,21,7_1,0,2025,7
185504,539,166,14639575,-99.4845,30.0032,2025-07-01T22:00:00Z,1,22,7_1,0,2025,7
185504,539,166,14639575,-99.4845,30.0032,2025-07-01T23:00:00Z,1,23,7_1,0,2025,7
185504,539,166,14639575,-99.4845,30.0032,2025-07-02T00:00:00Z,2,0,7_2,0,2025,7
185504,539,166,14639575,-99.4845,30.0032,2025-07-02T01:00:00Z,2,1,7_2,0,2025,7
185504,539,166,14639575,-99.4845,30.0032,2025-07-02T02:00:00Z,2,2,7_2,0.25,2025,7
185504,539,166,14639575,-99.4845,30.0032,2025-07-02T03:00:00Z,2,3,7_2,1.25,2025,7
185504,539,166,14639575,-99.4845,30.0032,2025-07-02T04:00:00Z,2,4,7_2,0,2025,7
185504,539,166,14639575,-99.4845,30.0032,2025-07-02T05:00:00Z,2,5,7_2,0,2025,7
185504,539,166,14639575,-99.4845,30.0032,2025-07-02T06:00:00Z,2,6,7_2,0,2025,7
185504,539,166,14639575,-99.4845,30.0032,2025-07-02T07:00:00Z,2,7,7_2,0,2025,7
185504,539,166,14639575,-99.4845,30.0032,2025-07-02T08:00:00Z,2,8,7_2,0,2025,7
185504,539,166,14639575,-99.4845,30.0032,2025-07-02T09:00:00Z,2,9,7_2,0,2025,7
185504,539,166,14639575,-99.4845,30.0032,2025-07-02T10:00:00Z,2,10,7_2,0,2025,7
185504,539,166,14639575,-99.4845,30.0032,2025-07-02T11:00:00Z,2,11,7_2,0,2025,7
185504,539,166,14639575,-99.4845,30.0032,2025-07-02T12:00:00Z,2,12,7_2,0.5,2025,7
185504,539,166,14639575,-99.4845,30.0032,2025-07-02T13:00:00Z,2,13,7_2,0.5,2025,7
185504,539,166,14639575,-99.4845,30.0032,2025-07-02T14:00:00Z,2,14,7_2,0.625,2025,7
185504,539,166,14639575,-99.4845,30.0032,2025-07-02T15:00:00Z,2,15,7_2,0,2025,7
185504,539,166,14639575,-99.4845,30.0032,2025-07-02T16:00:00Z,2,16,7_2,0,2025,7
185504,539,166,14639575,-99.4845,30.0032,2025-07-02T17:00:00Z,2,17,7_2,2,2025,7
185504,539,166,14639575,-99.4845,30.0032,2025-07-02T18:00:00Z,2,18,7_2,4.625,2025,7
185504,539,166,14639575,-99.4845,30.0032,2025-07-02T19:00:00Z,2,19,7_2,0.25,2025,7
185504,539,166,14639575,-99.4845,30.0032,2025-07-02T20:00:00Z,2,20,7_2,3.125,2025,7
185504,539,166,14639575,-99.4845,30.0032,2025-07-02T21:00:00Z,2,21,7_2,4.25,2025,7
185504,539,166,14639575,-99.4845,30.0032,2025-07-02T22:00:00Z,2,22,7_2,0.125,2025,7
185504,539,166,14639575,-99.4845,30.0032,2025-07-02T23:00:00Z,2,23,7_2,0.75,2025,7
185504,539,166,14639575,-99.4845,30.0032,2025-07-03T00:00:00Z,3,0,7_3,1,2025,7
185504,539,166,14639575,-99.4845,30.0032,2025-07-03T01:00:00Z,3,1,7_3,0,2025,7
185504,539,166,14639575,-99.4845,30.0032,2025-07-03T02:00:00Z,3,2,7_3,0,2025,7
185504,539,166,14639575,-99.4845,30.0032,2025-07-03T03:00:00Z,3,3,7_3,0,2025,7
185504,539,166,14639575,-99.4845,30.0032,2025-07-03T04:00:00Z,3,4,7_3,0,2025,7
185504,539,166,14639575,-99.4845,30.0032,2025-07-03T05:00:00Z,3,5,7_3,0,2025,7
185504,539,166,14639575,-99.4845,30.0032,2025-07-03T06:00:00Z,3,6,7_3,0,2025,7
185504,539,166,14639575,-99.4845,30.0032,2025-07-03T07:00:00Z,3,7,7_3,0,2025,7
185504,539,166,14639575,-99.4845,30.0032,2025-07-03T08:00:00Z,3,8,7_3,0,2025,7
185504,539,166,14639575,-99.4845,30.0032,2025-07-03T09:00:00Z,3,9,7_3,0,2025,7
185504,539,166,14639575,-99.4845,30.0032,2025-07-03T10:00:00Z,3,10,7_3,0,2025,7
185504,539,166,14639575,-99.4845,30.0032,2025-07-03T11:00:00Z,3,11,7_3,0,2025,7
185504,539,166,14639575,-99.4845,30.0032,2025-07-03T12:00:00Z,3,12,7_3,0,2025,7
185504,539,166,14639575,-99.4845,30.0032,2025-07-03T13:00:00Z,3,13,7_3,0,2025,7
185504,539,166,14639575,-99.4845,30.0032,2025-07-03T14:00:00Z,3,14,7_3,0,2025,7
185504,539,166,14639575,-99.4845,30.0032,2025-07-03T15:00:00Z,3,15,7_3,0,2025,7
185504,539,166,14639575,-99.4845,30.0032,2025-07-03T16:00:00Z,3,16,7_3,0.125,2025,7
185504,539,166,14639575,-99.4845,30.0032,2025-07-03T17:00:00Z,3,17,7_3,0,2025,7
185504,539,166,14639575,-99.4845,30.0032,2025-07-03T18:00:00Z,3,18,7_3,0,2025,7
185504,539,166,14639575,-99.4845,30.0032,2025-07-03T19:00:00Z,3,19,7_3,0.125,2025,7
185504,539,166,14639575,-99.4845,30.0032,2025-07-03T20:00:00Z,3,20,7_3,0,2025,7
185504,539,166,14639575,-99.4845,30.0032,2025-07-03T21:00:00Z,3,21,7_3,0,2025,7
185504,539,166,14639575,-99.4845,30.0032,2025-07-03T22:00:00Z,3,22,7_3,0,2025,7
185504,539,166,14639575,-99.4845,30.0032,2025-07-03T23:00:00Z,3,23,7_3,0,2025,7
185504,539,166,14639575,-99.4845,30.0032,2025-07-04T00:00:00Z,4,0,7_4,0,2025,7
185504,539,166,14639575,-99.4845,30.0032,2025-07-04T01:00:00Z,4,1,7_4,0,2025,7
185504,539,166,14639575,-99.4845,30.0032,2025-07-04T02:00:00Z,4,2,7_4,0,2025,7
185504,539,166,14639575,-99.4845,30.0032,2025-07-04T03:00:00Z,4,3,7_4,0,2025,7
185504,539,166,14639575,-99.4845,30.0032,2025-07-04T04:00:00Z,4,4,7_4,0.25,2025,7
185504,539,166,14639575,-99.4845,30.0032,2025-07-04T05:00:00Z,4,5,7_4,1,2025,7
185504,539,166,14639575,-99.4845,30.0032,2025-07-04T06:00:00Z,4,6,7_4,16.75,2025,7
185504,539,166,14639575,-99.4845,30.0032,2025-07-04T07:00:00Z,4,7,7_4,32.875,2025,7
185504,539,166,14639575,-99.4845,30.0032,2025-07-04T08:00:00Z,4,8,7_4,45.625,2025,7
185504,539,166,14639575,-99.4845,30.0032,2025-07-04T09:00:00Z,4,9,7_4,50.25,2025,7
185504,539,166,14639575,-99.4845,30.0032,2025-07-04T10:00:00Z,4,10,7_4,6.5,2025,7
185504,539,166,14639575,-99.4845,30.0032,2025-07-04T11:00:00Z,4,11,7_4,2.75,2025,7
185504,539,166,14639575,-99.4845,30.0032,2025-07-04T12:00:00Z,4,12,7_4,4.25,2025,7
185504,539,166,14639575,-99.4845,30.0032,2025-07-04T13:00:00Z,4,13,7_4,2,2025,7
185504,539,166,14639575,-99.4845,30.0032,2025-07-04T14:00:00Z,4,14,7_4,2.125,2025,7
185504,539,166,14639575,-99.4845,30.0032,2025-07-04T15:00:00Z,4,15,7_4,15,2025,7
185504,539,166,14639575,-99.4845,30.0032,2025-07-04T16:00:00Z,4,16,7_4,12,2025,7
185504,539,166,14639575,-99.4845,30.0032,2025-07-04T17:00:00Z,4,17,7_4,8.375,2025,7
185504,539,166,14639575,-99.4845,30.0032,2025-07-04T18:00:00Z,4,18,7_4,1.25,2025,7
185504,539,166,14639575,-99.4845,30.0032,2025-07-04T19:00:00Z,4,19,7_4,0.25,2025,7
185504,539,166,14639575,-99.4845,30.0032,2025-07-04T20:00:00Z,4,20,7_4,0.25,2025,7
185504,539,166,14639575,-99.4845,30.0032,2025-07-04T21:00:00Z,4,21,7_4,0.125,2025,7
185504,539,166,14639575,-99.4845,30.0032,2025-07-04T22:00:00Z,4,22,7_4,0.125,2025,7
185504,539,166,14639575,-99.4845,30.0032,2025-07-04T23:00:00Z,4,23,7_4,0,2025,7
185505,540,166,14638585,-99.4449,29.9999,2025-07-01T00:00:00Z,1,0,7_1,2,2025,7
185505,540,166,14638585,-99.4449,29.9999,2025-07-01T01:00:00Z,1,1,7_1,0.375,2025,7
185505,540,166,14638585,-99.4449,29.9999,2025-07-01T02:00:00Z,1,2,7_1,0,2025,7
185505,540,166,14638585,-99.4449,29.9999,2025-07-01T03:00:00Z,1,3,7_1,0,2025,7
185505,540,166,14638585,-99.4449,29.9999,2025-07-01T04:00:00Z,1,4,7_1,0,2025,7
185505,540,166,14638585,-99.4449,29.9999,2025-07-01T05:00:00Z,1,5,7_1,0,2025,7
185505,540,166,14638585,-99.4449,29.9999,2025-07-01T06:00:00Z,1,6,7_1,0,2025,7
185505,540,166,14638585,-99.4449,29.9999,2025-07-01T07:00:00Z,1,7,7_1,0.5,2025,7
185505,540,166,14638585,-99.4449,29.9999,2025-07-01T08:00:00Z,1,8,7_1,0.625,2025,7
185505,540,166,14638585,-99.4449,29.9999,2025-07-01T09:00:00Z,1,9,7_1,0.625,2025,7
185505,540,166,14638585,-99.4449,29.9999,2025-07-01T10:00:00Z,1,10,7_1,0.875,2025,7
185505,540,166,14638585,-99.4449,29.9999,2025-07-01T11:00:00Z,1,11,7_1,0,2025,7
185505,540,166,14638585,-99.4449,29.9999,2025-07-01T12:00:00Z,1,12,7_1,0,2025,7
185505,540,166,14638585,-99.4449,29.9999,2025-07-01T13:00:00Z,1,13,7_1,0,2025,7
185505,540,166,14638585,-99.4449,29.9999,2025-07-01T14:00:00Z,1,14,7_1,0,2025,7
185505,540,166,14638585,-99.4449,29.9999,2025-07-01T15:00:00Z,1,15,7_1,0,2025,7
185505,540,166,14638585,-99.4449,29.9999,2025-07-01T16:00:00Z,1,16,7_1,0,2025,7
185505,540,166,14638585,-99.4449,29.9999,2025-07-01T17:00:00Z,1,17,7_1,0,2025,7
185505,540,166,14638585,-99.4449,29.9999,2025-07-01T18:00:00Z,1,18,7_1,0,2025,7
185505,540,166,14638585,-99.4449,29.9999,2025-07-01T19:00:00Z,1,19,7_1,0,2025,7
185505,540,166,14638585,-99.4449,29.9999,2025-07-01T20:00:00Z,1,20,7_1,0,2025,7
185505,540,166,14638585,-99.4449,29.9999,2025-07-01T21:00:00Z,1,21,7_1,0,2025,7
185505,540,166,14638585,-99.4449,29.9999,2025-07-01T22:00:00Z,1,22,7_1,0,2025,7
185505,540,166,14638585,-99.4449,29.9999,2025-07-01T23:00:00Z,1,23,7_1,0,2025,7
185505,540,166,14638585,-99.4449,29.9999,2025-07-02T00:00:00Z,2,0,7_2,0,2025,7
185505,540,166,14638585,-99.4449,29.9999,2025-07-02T01:00:00Z,2,1,7_2,0.375,2025,7
185505,540,166,14638585,-99.4449,29.9999,2025-07-02T02:00:00Z,2,2,7_2,0.375,2025,7
185505,540,166,14638585,-99.4449,29.9999,2025-07-02T03:00:00Z,2,3,7_2,1.5,2025,7
185505,540,166,14638585,-99.4449,29.9999,2025-07-02T04:00:00Z,2,4,7_2,0.125,2025,7
185505,540,166,14638585,-99.4449,29.9999,2025-07-02T05:00:00Z,2,5,7_2,0,2025,7
185505,540,166,14638585,-99.4449,29.9999,2025-07-02T06:00:00Z,2,6,7_2,0,2025,7
185505,540,166,14638585,-99.4449,29.9999,2025-07-02T07:00:00Z,2,7,7_2,0,2025,7
185505,540,166,14638585,-99.4449,29.9999,2025-07-02T08:00:00Z,2,8,7_2,0,2025,7
185505,540,166,14638585,-99.4449,29.9999,2025-07-02T09:00:00Z,2,9,7_2,0,2025,7
185505,540,166,14638585,-99.4449,29.9999,2025-07-02T10:00:00Z,2,10,7_2,0,2025,7
185505,540,166,14638585,-99.4449,29.9999,2025-07-02T11:00:00Z,2,11,7_2,0,2025,7
185505,540,166,14638585,-99.4449,29.9999,2025-07-02T12:00:00Z,2,12,7_2,0.5,2025,7
185505,540,166,14638585,-99.4449,29.9999,2025-07-02T13:00:00Z,2,13,7_2,0.375,2025,7
185505,540,166,14638585,-99.4449,29.9999,2025-07-02T14:00:00Z,2,14,7_2,0.625,2025,7
185505,540,166,14638585,-99.4449,29.9999,2025-07-02T15:00:00Z,2,15,7_2,0,2025,7
185505,540,166,14638585,-99.4449,29.9999,2025-07-02T16:00:00Z,2,16,7_2,0,2025,7
185505,540,166,14638585,-99.4449,29.9999,2025-07-02T17:00:00Z,2,17,7_2,1.5,2025,7
185505,540,166,14638585,-99.4449,29.9999,2025-07-02T18:00:00Z,2,18,7_2,5.5,2025,7
185505,540,166,14638585,-99.4449,29.9999,2025-07-02T19:00:00Z,2,19,7_2,0.25,2025,7
185505,540,166,14638585,-99.4449,29.9999,2025-07-02T20:00:00Z,2,20,7_2,2.75,2025,7
185505,540,166,14638585,-99.4449,29.9999,2025-07-02T21:00:00Z,2,21,7_2,3.125,2025,7
185505,540,166,14638585,-99.4449,29.9999,2025-07-02T22:00:00Z,2,22,7_2,0,2025,7
185505,540,166,14638585,-99.4449,29.9999,2025-07-02T23:00:00Z,2,23,7_2,0.125,2025,7
185505,540,166,14638585,-99.4449,29.9999,2025-07-03T00:00:00Z,3,0,7_3,0.875,2025,7
185505,540,166,14638585,-99.4449,29.9999,2025-07-03T01:00:00Z,3,1,7_3,0,2025,7
185505,540,166,14638585,-99.4449,29.9999,2025-07-03T02:00:00Z,3,2,7_3,0,2025,7
185505,540,166,14638585,-99.4449,29.9999,2025-07-03T03:00:00Z,3,3,7_3,0,2025,7
185505,540,166,14638585,-99.4449,29.9999,2025-07-03T04:00:00Z,3,4,7_3,0,2025,7
185505,540,166,14638585,-99.4449,29.9999,2025-07-03T05:00:00Z,3,5,7_3,0,2025,7
185505,540,166,14638585,-99.4449,29.9999,2025-07-03T06:00:00Z,3,6,7_3,0,2025,7
185505,540,166,14638585,-99.4449,29.9999,2025-07-03T07:00:00Z,3,7,7_3,0,2025,7
185505,540,166,14638585,-99.4449,29.9999,2025-07-03T08:00:00Z,3,8,7_3,0,2025,7
185505,540,166,14638585,-99.4449,29.9999,2025-07-03T09:00:00Z,3,9,7_3,0,2025,7
185505,540,166,14638585,-99.4449,29.9999,2025-07-03T10:00:00Z,3,10,7_3,0,2025,7
185505,540,166,14638585,-99.4449,29.9999,2025-07-03T11:00:00Z,3,11,7_3,0,2025,7
185505,540,166,14638585,-99.4449,29.9999,2025-07-03T12:00:00Z,3,12,7_3,0,2025,7
185505,540,166,14638585,-99.4449,29.9999,2025-07-03T13:00:00Z,3,13,7_3,0,2025,7
185505,540,166,14638585,-99.4449,29.9999,2025-07-03T14:00:00Z,3,14,7_3,0,2025,7
185505,540,166,14638585,-99.4449,29.9999,2025-07-03T15:00:00Z,3,15,7_3,0,2025,7
185505,540,166,14638585,-99.4449,29.9999,2025-07-03T16:00:00Z,3,16,7_3,0.125,2025,7
185505,540,166,14638585,-99.4449,29.9999,2025-07-03T17:00:00Z,3,17,7_3,0,2025,7
185505,540,166,14638585,-99.4449,29.9999,2025-07-03T18:00:00Z,3,18,7_3,0,2025,7
185505,540,166,14638585,-99.4449,29.9999,2025-07-03T19:00:00Z,3,19,7_3,0.125,2025,7
185505,540,166,14638585,-99.4449,29.9999,2025-07-03T20:00:00Z,3,20,7_3,0,2025,7
185505,540,166,14638585,-99.4449,29.9999,2025-07-03T21:00:00Z,3,21,7_3,0,2025,7
185505,540,166,14638585,-99.4449,29.9999,2025-07-03T22:00:00Z,3,22,7_3,0,2025,7
185505,540,166,14638585,-99.4449,29.9999,2025-07-03T23:00:00Z,3,23,7_3,0,2025,7
185505,540,166,14638585,-99.4449,29.9999,2025-07-04T00:00:00Z,4,0,7_4,0,2025,7
185505,540,166,14638585,-99.4449,29.9999,2025-07-04T01:00:00Z,4,1,7_4,0,2025,7
185505,540,166,14638585,-99.4449,29.9999,2025-07-04T02:00:00Z,4,2,7_4,0,2025,7
185505,540,166,14638585,-99.4449,29.9999,2025-07-04T03:00:00Z,4,3,7_4,0,2025,7
185505,540,166,14638585,-99.4449,29.9999,2025-07-04T04:00:00Z,4,4,7_4,0.125,2025,7
185505,540,166,14638585,-99.4449,29.9999,2025-07-04T05:00:00Z,4,5,7_4,2.25,2025,7
185505,540,166,14638585,-99.4449,29.9999,2025-07-04T06:00:00Z,4,6,7_4,15.25,2025,7
185505,540,166,14638585,-99.4449,29.9999,2025-07-04T07:00:00Z,4,7,7_4,37.5,2025,7
185505,540,166,14638585,-99.4449,29.9999,2025-07-04T08:00:00Z,4,8,7_4,82.375,2025,7
185505,540,166,14638585,-99.4449,29.9999,2025-07-04T09:00:00Z,4,9,7_4,83.5,2025,7
185505,540,166,14638585,-99.4449,29.9999,2025-07-04T10:00:00Z,4,10,7_4,7.75,2025,7
185505,540,166,14638585,-99.4449,29.9999,2025-07-04T11:00:00Z,4,11,7_4,3.125,2025,7
185505,540,166,14638585,-99.4449,29.9999,2025-07-04T12:00:00Z,4,12,7_4,4.625,2025,7
185505,540,166,14638585,-99.4449,29.9999,2025-07-04T13:00:00Z,4,13,7_4,2,2025,7
185505,540,166,14638585,-99.4449,29.9999,2025-07-04T14:00:00Z,4,14,7_4,1.875,2025,7
185505,540,166,14638585,-99.4449,29.9999,2025-07-04T15:00:00Z,4,15,7_4,12.625,2025,7
185505,540,166,14638585,-99.4449,29.9999,2025-07-04T16:00:00Z,4,16,7_4,12.625,2025,7
185505,540,166,14638585,-99.4449,29.9999,2025-07-04T17:00:00Z,4,17,7_4,8.375,2025,7
185505,540,166,14638585,-99.4449,29.9999,2025-07-04T18:00:00Z,4,18,7_4,1.375,2025,7
185505,540,166,14638585,-99.4449,29.9999,2025-07-04T19:00:00Z,4,19,7_4,0.375,2025,7
185505,540,166,14638585,-99.4449,29.9999,2025-07-04T20:00:00Z,4,20,7_4,0.25,2025,7
185505,540,166,14638585,-99.4449,29.9999,2025-07-04T21:00:00Z,4,21,7_4,0.125,2025,7
185505,540,166,14638585,-99.4449,29.9999,2025-07-04T22:00:00Z,4,22,7_4,0.125,2025,7
185505,540,166,14638585,-99.4449,29.9999,2025-07-04T23:00:00Z,4,23,7_4,0,2025,7
185506,541,166,14637589,-99.4054,29.9965,2025-07-01T00:00:00Z,1,0,7_1,1.75,2025,7
185506,541,166,14637589,-99.4054,29.9965,2025-07-01T01:00:00Z,1,1,7_1,0.375,2025,7
185506,541,166,14637589,-99.4054,29.9965,2025-07-01T02:00:00Z,1,2,7_1,0,2025,7
185506,541,166,14637589,-99.4054,29.9965,2025-07-01T03:00:00Z,1,3,7_1,0,2025,7
185506,541,166,14637589,-99.4054,29.9965,2025-07-01T04:00:00Z,1,4,7_1,0,2025,7
185506,541,166,14637589,-99.4054,29.9965,2025-07-01T05:00:00Z,1,5,7_1,0,2025,7
185506,541,166,14637589,-99.4054,29.9965,2025-07-01T06:00:00Z,1,6,7_1,0,2025,7
185506,541,166,14637589,-99.4054,29.9965,2025-07-01T07:00:00Z,1,7,7_1,0.375,2025,7
185506,541,166,14637589,-99.4054,29.9965,2025-07-01T08:00:00Z,1,8,7_1,0.625,2025,7
185506,541,166,14637589,-99.4054,29.9965,2025-07-01T09:00:00Z,1,9,7_1,0.625,2025,7
185506,541,166,14637589,-99.4054,29.9965,2025-07-01T10:00:00Z,1,10,7_1,0.5,2025,7
185506,541,166,14637589,-99.4054,29.9965,2025-07-01T11:00:00Z,1,11,7_1,0,2025,7
185506,541,166,14637589,-99.4054,29.9965,2025-07-01T12:00:00Z,1,12,7_1,0,2025,7
185506,541,166,14637589,-99.4054,29.9965,2025-07-01T13:00:00Z,1,13,7_1,0,2025,7
185506,541,166,14637589,-99.4054,29.9965,2025-07-01T14:00:00Z,1,14,7_1,0,2025,7
185506,541,166,14637589,-99.4054,29.9965,2025-07-01T15:00:00Z,1,15,7_1,0,2025,7
185506,541,166,14637589,-99.4054,29.9965,2025-07-01T16:00:00Z,1,16,7_1,0,2025,7
185506,541,166,14637589,-99.4054,29.9965,2025-07-01T17:00:00Z,1,17,7_1,0,2025,7
185506,541,166,14637589,-99.4054,29.9965,2025-07-01T18:00:00Z,1,18,7_1,0,2025,7
185506,541,166,14637589,-99.4054,29.9965,2025-07-01T19:00:00Z,1,19,7_1,0,2025,7
185506,541,166,14637589,-99.4054,29.9965,2025-07-01T20:00:00Z,1,20,7_1,0,2025,7
185506,541,166,14637589,-99.4054,29.9965,2025-07-01T21:00:00Z,1,21,7_1,0,2025,7
185506,541,166,14637589,-99.4054,29.9965,2025-07-01T22:00:00Z,1,22,7_1,0,2025,7
185506,541,166,14637589,-99.4054,29.9965,2025-07-01T23:00:00Z,1,23,7_1,0,2025,7
185506,541,166,14637589,-99.4054,29.9965,2025-07-02T00:00:00Z,2,0,7_2,0,2025,7
185506,541,166,14637589,-99.4054,29.9965,2025-07-02T01:00:00Z,2,1,7_2,0.625,2025,7
185506,541,166,14637589,-99.4054,29.9965,2025-07-02T02:00:00Z,2,2,7_2,0.375,2025,7
185506,541,166,14637589,-99.4054,29.9965,2025-07-02T03:00:00Z,2,3,7_2,1.75,2025,7
185506,541,166,14637589,-99.4054,29.9965,2025-07-02T04:00:00Z,2,4,7_2,0.25,2025,7
185506,541,166,14637589,-99.4054,29.9965,2025-07-02T05:00:00Z,2,5,7_2,0,2025,7
185506,541,166,14637589,-99.4054,29.9965,2025-07-02T06:00:00Z,2,6,7_2,0,2025,7
185506,541,166,14637589,-99.4054,29.9965,2025-07-02T07:00:00Z,2,7,7_2,0,2025,7
185506,541,166,14637589,-99.4054,29.9965,2025-07-02T08:00:00Z,2,8,7_2,0,2025,7
185506,541,166,14637589,-99.4054,29.9965,2025-07-02T09:00:00Z,2,9,7_2,0,2025,7
185506,541,166,14637589,-99.4054,29.9965,2025-07-02T10:00:00Z,2,10,7_2,0,2025,7
185506,541,166,14637589,-99.4054,29.9965,2025-07-02T11:00:00Z,2,11,7_2,0,2025,7
185506,541,166,14637589,-99.4054,29.9965,2025-07-02T12:00:00Z,2,12,7_2,0.75,2025,7
185506,541,166,14637589,-99.4054,29.9965,2025-07-02T13:00:00Z,2,13,7_2,0.25,2025,7
185506,541,166,14637589,-99.4054,29.9965,2025-07-02T14:00:00Z,2,14,7_2,0.625,2025,7
185506,541,166,14637589,-99.4054,29.9965,2025-07-02T15:00:00Z,2,15,7_2,0.375,2025,7
185506,541,166,14637589,-99.4054,29.9965,2025-07-02T16:00:00Z,2,16,7_2,0,2025,7
185506,541,166,14637589,-99.4054,29.9965,2025-07-02T17:00:00Z,2,17,7_2,1.25,2025,7
185506,541,166,14637589,-99.4054,29.9965,2025-07-02T18:00:00Z,2,18,7_2,5.375,2025,7
185506,541,166,14637589,-99.4054,29.9965,2025-07-02T19:00:00Z,2,19,7_2,0.875,2025,7
185506,541,166,14637589,-99.4054,29.9965,2025-07-02T20:00:00Z,2,20,7_2,2.25,2025,7
185506,541,166,14637589,-99.4054,29.9965,2025-07-02T21:00:00Z,2,21,7_2,1.75,2025,7
185506,541,166,14637589,-99.4054,29.9965,2025-07-02T22:00:00Z,2,22,7_2,0,2025,7
185506,541,166,14637589,-99.4054,29.9965,2025-07-02T23:00:00Z,2,23,7_2,0,2025,7
185506,541,166,14637589,-99.4054,29.9965,2025-07-03T00:00:00Z,3,0,7_3,0.25,2025,7
185506,541,166,14637589,-99.4054,29.9965,2025-07-03T01:00:00Z,3,1,7_3,0,2025,7
185506,541,166,14637589,-99.4054,29.9965,2025-07-03T02:00:00Z,3,2,7_3,0,2025,7
185506,541,166,14637589,-99.4054,29.9965,2025-07-03T03:00:00Z,3,3,7_3,0,2025,7
185506,541,166,14637589,-99.4054,29.9965,2025-07-03T04:00:00Z,3,4,7_3,0,2025,7
185506,541,166,14637589,-99.4054,29.9965,2025-07-03T05:00:00Z,3,5,7_3,0,2025,7
185506,541,166,14637589,-99.4054,29.9965,2025-07-03T06:00:00Z,3,6,7_3,0,2025,7
185506,541,166,14637589,-99.4054,29.9965,2025-07-03T07:00:00Z,3,7,7_3,0,2025,7
185506,541,166,14637589,-99.4054,29.9965,2025-07-03T08:00:00Z,3,8,7_3,0,2025,7
185506,541,166,14637589,-99.4054,29.9965,2025-07-03T09:00:00Z,3,9,7_3,0,2025,7
185506,541,166,14637589,-99.4054,29.9965,2025-07-03T10:00:00Z,3,10,7_3,0,2025,7
185506,541,166,14637589,-99.4054,29.9965,2025-07-03T11:00:00Z,3,11,7_3,0,2025,7
185506,541,166,14637589,-99.4054,29.9965,2025-07-03T12:00:00Z,3,12,7_3,0,2025,7
185506,541,166,14637589,-99.4054,29.9965,2025-07-03T13:00:00Z,3,13,7_3,0,2025,7
185506,541,166,14637589,-99.4054,29.9965,2025-07-03T14:00:00Z,3,14,7_3,0,2025,7
185506,541,166,14637589,-99.4054,29.9965,2025-07-03T15:00:00Z,3,15,7_3,0,2025,7
185506,541,166,14637589,-99.4054,29.9965,2025-07-03T16:00:00Z,3,16,7_3,0.125,2025,7
185506,541,166,14637589,-99.4054,29.9965,2025-07-03T17:00:00Z,3,17,7_3,0,2025,7
185506,541,166,14637589,-99.4054,29.9965,2025-07-03T18:00:00Z,3,18,7_3,0,2025,7
185506,541,166,14637589,-99.4054,29.9965,2025-07-03T19:00:00Z,3,19,7_3,0.25,2025,7
185506,541,166,14637589,-99.4054,29.9965,2025-07-03T20:00:00Z,3,20,7_3,0.125,2025,7
185506,541,166,14637589,-99.4054,29.9965,2025-07-03T21:00:00Z,3,21,7_3,0,2025,7
185506,541,166,14637589,-99.4054,29.9965,2025-07-03T22:00:00Z,3,22,7_3,0,2025,7
185506,541,166,14637589,-99.4054,29.9965,2025-07-03T23:00:00Z,3,23,7_3,0,2025,7
185506,541,166,14637589,-99.4054,29.9965,2025-07-04T00:00:00Z,4,0,7_4,0,2025,7
185506,541,166,14637589,-99.4054,29.9965,2025-07-04T01:00:00Z,4,1,7_4,0,2025,7
185506,541,166,14637589,-99.4054,29.9965,2025-07-04T02:00:00Z,4,2,7_4,0,2025,7
185506,541,166,14637589,-99.4054,29.9965,2025-07-04T03:00:00Z,4,3,7_4,0,2025,7
185506,541,166,14637589,-99.4054,29.9965,2025-07-04T04:00:00Z,4,4,7_4,0,2025,7
185506,541,166,14637589,-99.4054,29.9965,2025-07-04T05:00:00Z,4,5,7_4,6.5,2025,7
185506,541,166,14637589,-99.4054,29.9965,2025-07-04T06:00:00Z,4,6,7_4,13.5,2025,7
185506,541,166,14637589,-99.4054,29.9965,2025-07-04T07:00:00Z,4,7,7_4,70.75,2025,7
185506,541,166,14637589,-99.4054,29.9965,2025-07-04T08:00:00Z,4,8,7_4,103.5,2025,7
185506,541,166,14637589,-99.4054,29.9965,2025-07-04T09:00:00Z,4,9,7_4,90.5,2025,7
185506,541,166,14637589,-99.4054,29.9965,2025-07-04T10:00:00Z,4,10,7_4,9.625,2025,7
185506,541,166,14637589,-99.4054,29.9965,2025-07-04T11:00:00Z,4,11,7_4,2.875,2025,7
185506,541,166,14637589,-99.4054,29.9965,2025-07-04T12:00:00Z,4,12,7_4,4.75,2025,7
185506,541,166,14637589,-99.4054,29.9965,2025-07-04T13:00:00Z,4,13,7_4,1.875,2025,7
185506,541,166,14637589,-99.4054,29.9965,2025-07-04T14:00:00Z,4,14,7_4,1.75,2025,7
185506,541,166,14637589,-99.4054,29.9965,2025-07-04T15:00:00Z,4,15,7_4,9.75,2025,7
185506,541,166,14637589,-99.4054,29.9965,2025-07-04T16:00:00Z,4,16,7_4,12.625,2025,7
185506,541,166,14637589,-99.4054,29.9965,2025-07-04T17:00:00Z,4,17,7_4,8.75,2025,7
185506,541,166,14637589,-99.4054,29.9965,2025-07-04T18:00:00Z,4,18,7_4,1.5,2025,7
185506,541,166,14637589,-99.4054,29.9965,2025-07-04T19:00:00Z,4,19,7_4,0.375,2025,7
185506,541,166,14637589,-99.4054,29.9965,2025-07-04T20:00:00Z,4,20,7_4,0.25,2025,7
185506,541,166,14637589,-99.4054,29.9965,2025-07-04T21:00:00Z,4,21,7_4,0.125,2025,7
185506,541,166,14637589,-99.4054,29.9965,2025-07-04T22:00:00Z,4,22,7_4,0.125,2025,7
185506,541,166,14637589,-99.4054,29.9965,2025-07-04T23:00:00Z,4,23,7_4,0,2025,7
185507,542,166,14636585,-99.3658,29.9932,2025-07-01T00:00:00Z,1,0,7_1,1.5,2025,7
185507,542,166,14636585,-99.3658,29.9932,2025-07-01T01:00:00Z,1,1,7_1,0.375,2025,7
185507,542,166,14636585,-99.3658,29.9932,2025-07-01T02:00:00Z,1,2,7_1,0,2025,7
185507,542,166,14636585,-99.3658,29.9932,2025-07-01T03:00:00Z,1,3,7_1,0,2025,7
185507,542,166,14636585,-99.3658,29.9932,2025-07-01T04:00:00Z,1,4,7_1,0,2025,7
185507,542,166,14636585,-99.3658,29.9932,2025-07-01T05:00:00Z,1,5,7_1,0,2025,7
185507,542,166,14636585,-99.3658,29.9932,2025-07-01T06:00:00Z,1,6,7_1,0,2025,7
185507,542,166,14636585,-99.3658,29.9932,2025-07-01T07:00:00Z,1,7,7_1,0.125,2025,7
185507,542,166,14636585,-99.3658,29.9932,2025-07-01T08:00:00Z,1,8,7_1,0.625,2025,7
185507,542,166,14636585,-99.3658,29.9932,2025-07-01T09:00:00Z,1,9,7_1,0.5,2025,7
185507,542,166,14636585,-99.3658,29.9932,2025-07-01T10:00:00Z,1,10,7_1,0.125,2025,7
185507,542,166,14636585,-99.3658,29.9932,2025-07-01T11:00:00Z,1,11,7_1,0,2025,7
185507,542,166,14636585,-99.3658,29.9932,2025-07-01T12:00:00Z,1,12,7_1,0,2025,7
185507,542,166,14636585,-99.3658,29.9932,2025-07-01T13:00:00Z,1,13,7_1,0,2025,7
185507,542,166,14636585,-99.3658,29.9932,2025-07-01T14:00:00Z,1,14,7_1,0,2025,7
185507,542,166,14636585,-99.3658,29.9932,2025-07-01T15:00:00Z,1,15,7_1,0,2025,7
185507,542,166,14636585,-99.3658,29.9932,2025-07-01T16:00:00Z,1,16,7_1,0,2025,7
185507,542,166,14636585,-99.3658,29.9932,2025-07-01T17:00:00Z,1,17,7_1,0,2025,7
185507,542,166,14636585,-99.3658,29.9932,2025-07-01T18:00:00Z,1,18,7_1,0,2025,7
185507,542,166,14636585,-99.3658,29.9932,2025-07-01T19:00:00Z,1,19,7_1,0,2025,7
185507,542,166,14636585,-99.3658,29.9932,2025-07-01T20:00:00Z,1,20,7_1,0,2025,7
185507,542,166,14636585,-99.3658,29.9932,2025-07-01T21:00:00Z,1,21,7_1,0,2025,7
185507,542,166,14636585,-99.3658,29.9932,2025-07-01T22:00:00Z,1,22,7_1,0,2025,7
185507,542,166,14636585,-99.3658,29.9932,2025-07-01T23:00:00Z,1,23,7_1,0,2025,7
185507,542,166,14636585,-99.3658,29.9932,2025-07-02T00:00:00Z,2,0,7_2,0,2025,7
185507,542,166,14636585,-99.3658,29.9932,2025-07-02T01:00:00Z,2,1,7_2,0.125,2025,7
185507,542,166,14636585,-99.3658,29.9932,2025-07-02T02:00:00Z,2,2,7_2,0.5,2025,7
185507,542,166,14636585,-99.3658,29.9932,2025-07-02T03:00:00Z,2,3,7_2,1.375,2025,7
185507,542,166,14636585,-99.3658,29.9932,2025-07-02T04:00:00Z,2,4,7_2,0,2025,7
185507,542,166,14636585,-99.3658,29.9932,2025-07-02T05:00:00Z,2,5,7_2,0,2025,7
185507,542,166,14636585,-99.3658,29.9932,2025-07-02T06:00:00Z,2,6,7_2,0,2025,7
185507,542,166,14636585,-99.3658,29.9932,2025-07-02T07:00:00Z,2,7,7_2,0,2025,7
185507,542,166,14636585,-99.3658,29.9932,2025-07-02T08:00:00Z,2,8,7_2,0,2025,7
185507,542,166,14636585,-99.3658,29.9932,2025-07-02T09:00:00Z,2,9,7_2,0,2025,7
185507,542,166,14636585,-99.3658,29.9932,2025-07-02T10:00:00Z,2,10,7_2,0,2025,7
185507,542,166,14636585,-99.3658,29.9932,2025-07-02T11:00:00Z,2,11,7_2,0,2025,7
185507,542,166,14636585,-99.3658,29.9932,2025-07-02T12:00:00Z,2,12,7_2,1,2025,7
185507,542,166,14636585,-99.3658,29.9932,2025-07-02T13:00:00Z,2,13,7_2,0.375,2025,7
185507,542,166,14636585,-99.3658,29.9932,2025-07-02T14:00:00Z,2,14,7_2,0.875,2025,7
185507,542,166,14636585,-99.3658,29.9932,2025-07-02T15:00:00Z,2,15,7_2,0.375,2025,7
185507,542,166,14636585,-99.3658,29.9932,2025-07-02T16:00:00Z,2,16,7_2,0,2025,7
185507,542,166,14636585,-99.3658,29.9932,2025-07-02T17:00:00Z,2,17,7_2,1.125,2025,7
185507,542,166,14636585,-99.3658,29.9932,2025-07-02T18:00:00Z,2,18,7_2,4.75,2025,7
185507,542,166,14636585,-99.3658,29.9932,2025-07-02T19:00:00Z,2,19,7_2,0.875,2025,7
185507,542,166,14636585,-99.3658,29.9932,2025-07-02T20:00:00Z,2,20,7_2,2,2025,7
185507,542,166,14636585,-99.3658,29.9932,2025-07-02T21:00:00Z,2,21,7_2,1.25,2025,7
185507,542,166,14636585,-99.3658,29.9932,2025-07-02T22:00:00Z,2,22,7_2,0,2025,7
185507,542,166,14636585,-99.3658,29.9932,2025-07-02T23:00:00Z,2,23,7_2,0,2025,7
185507,542,166,14636585,-99.3658,29.9932,2025-07-03T00:00:00Z,3,0,7_3,0.875,2025,7
185507,542,166,14636585,-99.3658,29.9932,2025-07-03T01:00:00Z,3,1,7_3,0,2025,7
185507,542,166,14636585,-99.3658,29.9932,2025-07-03T02:00:00Z,3,2,7_3,0,2025,7
185507,542,166,14636585,-99.3658,29.9932,2025-07-03T03:00:00Z,3,3,7_3,0,2025,7
185507,542,166,14636585,-99.3658,29.9932,2025-07-03T04:00:00Z,3,4,7_3,0,2025,7
185507,542,166,14636585,-99.3658,29.9932,2025-07-03T05:00:00Z,3,5,7_3,0,2025,7
185507,542,166,14636585,-99.3658,29.9932,2025-07-03T06:00:00Z,3,6,7_3,0,2025,7
185507,542,166,14636585,-99.3658,29.9932,2025-07-03T07:00:00Z,3,7,7_3,0,2025,7
185507,542,166,14636585,-99.3658,29.9932,2025-07-03T08:00:00Z,3,8,7_3,0,2025,7
185507,542,166,14636585,-99.3658,29.9932,2025-07-03T09:00:00Z,3,9,7_3,0,2025,7
185507,542,166,14636585,-99.3658,29.9932,2025-07-03T10:00:00Z,3,10,7_3,0,2025,7
185507,542,166,14636585,-99.3658,29.9932,2025-07-03T11:00:00Z,3,11,7_3,0,2025,7
185507,542,166,14636585,-99.3658,29.9932,2025-07-03T12:00:00Z,3,12,7_3,0,2025,7
185507,542,166,14636585,-99.3658,29.9932,2025-07-03T13:00:00Z,3,13,7_3,0,2025,7
185507,542,166,14636585,-99.3658,29.9932,2025-07-03T14:00:00Z,3,14,7_3,0,2025,7
185507,542,166,14636585,-99.3658,29.9932,2025-07-03T15:00:00Z,3,15,7_3,0,2025,7
185507,542,166,14636585,-99.3658,29.9932,2025-07-03T16:00:00Z,3,16,7_3,0.125,2025,7
185507,542,166,14636585,-99.3658,29.9932,2025-07-03T17:00:00Z,3,17,7_3,0,2025,7
185507,542,166,14636585,-99.3658,29.9932,2025-07-03T18:00:00Z,3,18,7_3,0,2025,7
185507,542,166,14636585,-99.3658,29.9932,2025-07-03T19:00:00Z,3,19,7_3,0.625,2025,7
185507,542,166,14636585,-99.3658,29.9932,2025-07-03T20:00:00Z,3,20,7_3,0.125,2025,7
185507,542,166,14636585,-99.3658,29.9932,2025-07-03T21:00:00Z,3,21,7_3,0,2025,7
185507,542,166,14636585,-99.3658,29.9932,2025-07-03T22:00:00Z,3,22,7_3,0,2025,7
185507,542,166,14636585,-99.3658,29.9932,2025-07-03T23:00:00Z,3,23,7_3,0,2025,7
185507,542,166,14636585,-99.3658,29.9932,2025-07-04T00:00:00Z,4,0,7_4,0,2025,7
185507,542,166,14636585,-99.3658,29.9932,2025-07-04T01:00:00Z,4,1,7_4,0,2025,7
185507,542,166,14636585,-99.3658,29.9932,2025-07-04T02:00:00Z,4,2,7_4,0,2025,7
185507,542,166,14636585,-99.3658,29.9932,2025-07-04T03:00:00Z,4,3,7_4,0,2025,7
185507,542,166,14636585,-99.3658,29.9932,2025-07-04T04:00:00Z,4,4,7_4,0,2025,7
185507,542,166,14636585,-99.3658,29.9932,2025-07-04T05:00:00Z,4,5,7_4,7.125,2025,7
185507,542,166,14636585,-99.3658,29.9932,2025-07-04T06:00:00Z,4,6,7_4,10.75,2025,7
185507,542,166,14636585,-99.3658,29.9932,2025-07-04T07:00:00Z,4,7,7_4,70.125,2025,7
185507,542,166,14636585,-99.3658,29.9932,2025-07-04T08:00:00Z,4,8,7_4,98.875,2025,7
185507,542,166,14636585,-99.3658,29.9932,2025-07-04T09:00:00Z,4,9,7_4,79.375,2025,7
185507,542,166,14636585,-99.3658,29.9932,2025-07-04T10:00:00Z,4,10,7_4,10.125,2025,7
185507,542,166,14636585,-99.3658,29.9932,2025-07-04T11:00:00Z,4,11,7_4,2.75,2025,7
185507,542,166,14636585,-99.3658,29.9932,2025-07-04T12:00:00Z,4,12,7_4,4.75,2025,7
185507,542,166,14636585,-99.3658,29.9932,2025-07-04T13:00:00Z,4,13,7_4,2.25,2025,7
185507,542,166,14636585,-99.3658,29.9932,2025-07-04T14:00:00Z,4,14,7_4,1.75,2025,7
185507,542,166,14636585,-99.3658,29.9932,2025-07-04T15:00:00Z,4,15,7_4,7.875,2025,7
185507,542,166,14636585,-99.3658,29.9932,2025-07-04T16:00:00Z,4,16,7_4,14.125,2025,7
185507,542,166,14636585,-99.3658,29.9932,2025-07-04T17:00:00Z,4,17,7_4,9,2025,7
185507,542,166,14636585,-99.3658,29.9932,2025-07-04T18:00:00Z,4,18,7_4,1.625,2025,7
185507,542,166,14636585,-99.3658,29.9932,2025-07-04T19:00:00Z,4,19,7_4,0.5,2025,7
185507,542,166,14636585,-99.3658,29.9932,2025-07-04T20:00:00Z,4,20,7_4,0.25,2025,7
185507,542,166,14636585,-99.3658,29.9932,2025-07-04T21:00:00Z,4,21,7_4,0.125,2025,7
185507,542,166,14636585,-99.3658,29.9932,2025-07-04T22:00:00Z,4,22,7_4,0.125,2025,7
185507,542,166,14636585,-99.3658,29.9932,2025-07-04T23:00:00Z,4,23,7_4,0,2025,7
185508,543,166,7763017,-99.3262,29.9898,2025-07-01T00:00:00Z,1,0,7_1,1.125,2025,7
185508,543,166,7763017,-99.3262,29.9898,2025-07-01T01:00:00Z,1,1,7_1,0.5,2025,7
185508,543,166,7763017,-99.3262,29.9898,2025-07-01T02:00:00Z,1,2,7_1,0,2025,7
185508,543,166,7763017,-99.3262,29.9898,2025-07-01T03:00:00Z,1,3,7_1,0,2025,7
185508,543,166,7763017,-99.3262,29.9898,2025-07-01T04:00:00Z,1,4,7_1,0,2025,7
185508,543,166,7763017,-99.3262,29.9898,2025-07-01T05:00:00Z,1,5,7_1,0,2025,7
185508,543,166,7763017,-99.3262,29.9898,2025-07-01T06:00:00Z,1,6,7_1,0,2025,7
185508,543,166,7763017,-99.3262,29.9898,2025-07-01T07:00:00Z,1,7,7_1,0,2025,7
185508,543,166,7763017,-99.3262,29.9898,2025-07-01T08:00:00Z,1,8,7_1,0.75,2025,7
185508,543,166,7763017,-99.3262,29.9898,2025-07-01T09:00:00Z,1,9,7_1,0.375,2025,7
185508,543,166,7763017,-99.3262,29.9898,2025-07-01T10:00:00Z,1,10,7_1,0,2025,7
185508,543,166,7763017,-99.3262,29.9898,2025-07-01T11:00:00Z,1,11,7_1,0,2025,7
185508,543,166,7763017,-99.3262,29.9898,2025-07-01T12:00:00Z,1,12,7_1,0,2025,7
185508,543,166,7763017,-99.3262,29.9898,2025-07-01T13:00:00Z,1,13,7_1,0,2025,7
185508,543,166,7763017,-99.3262,29.9898,2025-07-01T14:00:00Z,1,14,7_1,0,2025,7
185508,543,166,7763017,-99.3262,29.9898,2025-07-01T15:00:00Z,1,15,7_1,0,2025,7
185508,543,166,7763017,-99.3262,29.9898,2025-07-01T16:00:00Z,1,16,7_1,0,2025,7
185508,543,166,7763017,-99.3262,29.9898,2025-07-01T17:00:00Z,1,17,7_1,0,2025,7
185508,543,166,7763017,-99.3262,29.9898,2025-07-01T18:00:00Z,1,18,7_1,0,2025,7
185508,543,166,7763017,-99.3262,29.9898,2025-07-01T19:00:00Z,1,19,7_1,0,2025,7
185508,543,166,7763017,-99.3262,29.9898,2025-07-01T20:00:00Z,1,20,7_1,0,2025,7
185508,543,166,7763017,-99.3262,29.9898,2025-07-01T21:00:00Z,1,21,7_1,0,2025,7
185508,543,166,7763017,-99.3262,29.9898,2025-07-01T22:00:00Z,1,22,7_1,0,2025,7
185508,543,166,7763017,-99.3262,29.9898,2025-07-01T23:00:00Z,1,23,7_1,0,2025,7
185508,543,166,7763017,-99.3262,29.9898,2025-07-02T00:00:00Z,2,0,7_2,0,2025,7
185508,543,166,7763017,-99.3262,29.9898,2025-07-02T01:00:00Z,2,1,7_2,0,2025,7
185508,543,166,7763017,-99.3262,29.9898,2025-07-02T02:00:00Z,2,2,7_2,0.5,2025,7
185508,543,166,7763017,-99.3262,29.9898,2025-07-02T03:00:00Z,2,3,7_2,1.125,2025,7
185508,543,166,7763017,-99.3262,29.9898,2025-07-02T04:00:00Z,2,4,7_2,0,2025,7
185508,543,166,7763017,-99.3262,29.9898,2025-07-02T05:00:00Z,2,5,7_2,0,2025,7
185508,543,166,7763017,-99.3262,29.9898,2025-07-02T06:00:00Z,2,6,7_2,0,2025,7
185508,543,166,7763017,-99.3262,29.9898,2025-07-02T07:00:00Z,2,7,7_2,0,2025,7
185508,543,166,7763017,-99.3262,29.9898,2025-07-02T08:00:00Z,2,8,7_2,0,2025,7
185508,543,166,7763017,-99.3262,29.9898,2025-07-02T09:00:00Z,2,9,7_2,0,2025,7
185508,543,166,7763017,-99.3262,29.9898,2025-07-02T10:00:00Z,2,10,7_2,0,2025,7
185508,543,166,7763017,-99.3262,29.9898,2025-07-02T11:00:00Z,2,11,7_2,0,2025,7
185508,543,166,7763017,-99.3262,29.9898,2025-07-02T12:00:00Z,2,12,7_2,0.5,2025,7
185508,543,166,7763017,-99.3262,29.9898,2025-07-02T13:00:00Z,2,13,7_2,0.125,2025,7
185508,543,166,7763017,-99.3262,29.9898,2025-07-02T14:00:00Z,2,14,7_2,0.5,2025,7
185508,543,166,7763017,-99.3262,29.9898,2025-07-02T15:00:00Z,2,15,7_2,0.375,2025,7
185508,543,166,7763017,-99.3262,29.9898,2025-07-02T16:00:00Z,2,16,7_2,0,2025,7
185508,543,166,7763017,-99.3262,29.9898,2025-07-02T17:00:00Z,2,17,7_2,1.125,2025,7
185508,543,166,7763017,-99.3262,29.9898,2025-07-02T18:00:00Z,2,18,7_2,4.625,2025,7
185508,543,166,7763017,-99.3262,29.9898,2025-07-02T19:00:00Z,2,19,7_2,0.375,2025,7
185508,543,166,7763017,-99.3262,29.9898,2025-07-02T20:00:00Z,2,20,7_2,2.375,2025,7
185508,543,166,7763017,-99.3262,29.9898,2025-07-02T21:00:00Z,2,21,7_2,0.75,2025,7
185508,543,166,7763017,-99.3262,29.9898,2025-07-02T22:00:00Z,2,22,7_2,0,2025,7
185508,543,166,7763017,-99.3262,29.9898,2025-07-02T23:00:00Z,2,23,7_2,0,2025,7
185508,543,166,7763017,-99.3262,29.9898,2025-07-03T00:00:00Z,3,0,7_3,0.75,2025,7
185508,543,166,7763017,-99.3262,29.9898,2025-07-03T01:00:00Z,3,1,7_3,0,2025,7
185508,543,166,7763017,-99.3262,29.9898,2025-07-03T02:00:00Z,3,2,7_3,0,2025,7
185508,543,166,7763017,-99.3262,29.9898,2025-07-03T03:00:00Z,3,3,7_3,0,2025,7
185508,543,166,7763017,-99.3262,29.9898,2025-07-03T04:00:00Z,3,4,7_3,0,2025,7
185508,543,166,7763017,-99.3262,29.9898,2025-07-03T05:00:00Z,3,5,7_3,0,2025,7
185508,543,166,7763017,-99.3262,29.9898,2025-07-03T06:00:00Z,3,6,7_3,0,2025,7
185508,543,166,7763017,-99.3262,29.9898,2025-07-03T07:00:00Z,3,7,7_3,0,2025,7
185508,543,166,7763017,-99.3262,29.9898,2025-07-03T08:00:00Z,3,8,7_3,0,2025,7
185508,543,166,7763017,-99.3262,29.9898,2025-07-03T09:00:00Z,3,9,7_3,0,2025,7
185508,543,166,7763017,-99.3262,29.9898,2025-07-03T10:00:00Z,3,10,7_3,0,2025,7
185508,543,166,7763017,-99.3262,29.9898,2025-07-03T11:00:00Z,3,11,7_3,0,2025,7
185508,543,166,7763017,-99.3262,29.9898,2025-07-03T12:00:00Z,3,12,7_3,0,2025,7
185508,543,166,7763017,-99.3262,29.9898,2025-07-03T13:00:00Z,3,13,7_3,0,2025,7
185508,543,166,7763017,-99.3262,29.9898,2025-07-03T14:00:00Z,3,14,7_3,0,2025,7
185508,543,166,7763017,-99.3262,29.9898,2025-07-03T15:00:00Z,3,15,7_3,0.375,2025,7
185508,543,166,7763017,-99.3262,29.9898,2025-07-03T16:00:00Z,3,16,7_3,0.25,2025,7
185508,543,166,7763017,-99.3262,29.9898,2025-07-03T17:00:00Z,3,17,7_3,0,2025,7
185508,543,166,7763017,-99.3262,29.9898,2025-07-03T18:00:00Z,3,18,7_3,0,2025,7
185508,543,166,7763017,-99.3262,29.9898,2025-07-03T19:00:00Z,3,19,7_3,0.875,2025,7
185508,543,166,7763017,-99.3262,29.9898,2025-07-03T20:00:00Z,3,20,7_3,0.125,2025,7
185508,543,166,7763017,-99.3262,29.9898,2025-07-03T21:00:00Z,3,21,7_3,0,2025,7
185508,543,166,7763017,-99.3262,29.9898,2025-07-03T22:00:00Z,3,22,7_3,0,2025,7
185508,543,166,7763017,-99.3262,29.9898,2025-07-03T23:00:00Z,3,23,7_3,0,2025,7
185508,543,166,7763017,-99.3262,29.9898,2025-07-04T00:00:00Z,4,0,7_4,0,2025,7
185508,543,166,7763017,-99.3262,29.9898,2025-07-04T01:00:00Z,4,1,7_4,0,2025,7
185508,543,166,7763017,-99.3262,29.9898,2025-07-04T02:00:00Z,4,2,7_4,0,2025,7
185508,543,166,7763017,-99.3262,29.9898,2025-07-04T03:00:00Z,4,3,7_4,0,2025,7
185508,543,166,7763017,-99.3262,29.9898,2025-07-04T04:00:00Z,4,4,7_4,0,2025,7
185508,543,166,7763017,-99.3262,29.9898,2025-07-04T05:00:00Z,4,5,7_4,6.75,2025,7
185508,543,166,7763017,-99.3262,29.9898,2025-07-04T06:00:00Z,4,6,7_4,9.5,2025,7
185508,543,166,7763017,-99.3262,29.9898,2025-07-04T07:00:00Z,4,7,7_4,71.875,2025,7
185508,543,166,7763017,-99.3262,29.9898,2025-07-04T08:00:00Z,4,8,7_4,83.125,2025,7
185508,543,166,7763017,-99.3262,29.9898,2025-07-04T09:00:00Z,4,9,7_4,51.625,2025,7
185508,543,166,7763017,-99.3262,29.9898,2025-07-04T10:00:00Z,4,10,7_4,10.25,2025,7
185508,543,166,7763017,-99.3262,29.9898,2025-07-04T11:00:00Z,4,11,7_4,2.375,2025,7
185508,543,166,7763017,-99.3262,29.9898,2025-07-04T12:00:00Z,4,12,7_4,6.375,2025,7
185508,543,166,7763017,-99.3262,29.9898,2025-07-04T13:00:00Z,4,13,7_4,2.375,2025,7
185508,543,166,7763017,-99.3262,29.9898,2025-07-04T14:00:00Z,4,14,7_4,1.75,2025,7
185508,543,166,7763017,-99.3262,29.9898,2025-07-04T15:00:00Z,4,15,7_4,7.75,2025,7
185508,543,166,7763017,-99.3262,29.9898,2025-07-04T16:00:00Z,4,16,7_4,16.5,2025,7
185508,543,166,7763017,-99.3262,29.9898,2025-07-04T17:00:00Z,4,17,7_4,9.75,2025,7
185508,543,166,7763017,-99.3262,29.9898,2025-07-04T18:00:00Z,4,18,7_4,1.875,2025,7
185508,543,166,7763017,-99.3262,29.9898,2025-07-04T19:00:00Z,4,19,7_4,0.625,2025,7
185508,543,166,7763017,-99.3262,29.9898,2025-07-04T20:00:00Z,4,20,7_4,0.375,2025,7
185508,543,166,7763017,-99.3262,29.9898,2025-07-04T21:00:00Z,4,21,7_4,0.25,2025,7
185508,543,166,7763017,-99.3262,29.9898,2025-07-04T22:00:00Z,4,22,7_4,0.125,2025,7
185508,543,166,7763017,-99.3262,29.9898,2025-07-04T23:00:00Z,4,23,7_4,0,2025,7
186620,534,167,9931676,-99.6787,30.0538,2025-07-01T00:00:00Z,1,0,7_1,1.75,2025,7
186620,534,167,9931676,-99.6787,30.0538,2025-07-01T01:00:00Z,1,1,7_1,0.375,2025,7
186620,534,167,9931676,-99.6787,30.0538,2025-07-01T02:00:00Z,1,2,7_1,0,2025,7
186620,534,167,9931676,-99.6787,30.0538,2025-07-01T03:00:00Z,1,3,7_1,0,2025,7
186620,534,167,9931676,-99.6787,30.0538,2025-07-01T04:00:00Z,1,4,7_1,0,2025,7
186620,534,167,9931676,-99.6787,30.0538,2025-07-01T05:00:00Z,1,5,7_1,0,2025,7
186620,534,167,9931676,-99.6787,30.0538,2025-07-01T06:00:00Z,1,6,7_1,0,2025,7
186620,534,167,9931676,-99.6787,30.0538,2025-07-01T07:00:00Z,1,7,7_1,0,2025,7
186620,534,167,9931676,-99.6787,30.0538,2025-07-01T08:00:00Z,1,8,7_1,0.25,2025,7
186620,534,167,9931676,-99.6787,30.0538,2025-07-01T09:00:00Z,1,9,7_1,0.5,2025,7
186620,534,167,9931676,-99.6787,30.0538,2025-07-01T10:00:00Z,1,10,7_1,0.75,2025,7
186620,534,167,9931676,-99.6787,30.0538,2025-07-01T11:00:00Z,1,11,7_1,0,2025,7
186620,534,167,9931676,-99.6787,30.0538,2025-07-01T12:00:00Z,1,12,7_1,0,2025,7
186620,534,167,9931676,-99.6787,30.0538,2025-07-01T13:00:00Z,1,13,7_1,0,2025,7
186620,534,167,9931676,-99.6787,30.0538,2025-07-01T14:00:00Z,1,14,7_1,0,2025,7
186620,534,167,9931676,-99.6787,30.0538,2025-07-01T15:00:00Z,1,15,7_1,0,2025,7
186620,534,167,9931676,-99.6787,30.0538,2025-07-01T16:00:00Z,1,16,7_1,0.125,2025,7
186620,534,167,9931676,-99.6787,30.0538,2025-07-01T17:00:00Z,1,17,7_1,0.875,2025,7
186620,534,167,9931676,-99.6787,30.0538,2025-07-01T18:00:00Z,1,18,7_1,0.25,2025,7
186620,534,167,9931676,-99.6787,30.0538,2025-07-01T19:00:00Z,1,19,7_1,0.125,2025,7
186620,534,167,9931676,-99.6787,30.0538,2025-07-01T20:00:00Z,1,20,7_1,0,2025,7
186620,534,167,9931676,-99.6787,30.0538,2025-07-01T21:00:00Z,1,21,7_1,1,2025,7
186620,534,167,9931676,-99.6787,30.0538,2025-07-01T22:00:00Z,1,22,7_1,0,2025,7
186620,534,167,9931676,-99.6787,30.0538,2025-07-01T23:00:00Z,1,23,7_1,0,2025,7
186620,534,167,9931676,-99.6787,30.0538,2025-07-02T00:00:00Z,2,0,7_2,0,2025,7
186620,534,167,9931676,-99.6787,30.0538,2025-07-02T01:00:00Z,2,1,7_2,0,2025,7
186620,534,167,9931676,-99.6787,30.0538,2025-07-02T02:00:00Z,2,2,7_2,0,2025,7
186620,534,167,9931676,-99.6787,30.0538,2025-07-02T03:00:00Z,2,3,7_2,0.5,2025,7
186620,534,167,9931676,-99.6787,30.0538,2025-07-02T04:00:00Z,2,4,7_2,0.75,2025,7
186620,534,167,9931676,-99.6787,30.0538,2025-07-02T05:00:00Z,2,5,7_2,0,2025,7
186620,534,167,9931676,-99.6787,30.0538,2025-07-02T06:00:00Z,2,6,7_2,0,2025,7
186620,534,167,9931676,-99.6787,30.0538,2025-07-02T07:00:00Z,2,7,7_2,0,2025,7
186620,534,167,9931676,-99.6787,30.0538,2025-07-02T08:00:00Z,2,8,7_2,0,2025,7
186620,534,167,9931676,-99.6787,30.0538,2025-07-02T09:00:00Z,2,9,7_2,0,2025,7
186620,534,167,9931676,-99.6787,30.0538,2025-07-02T10:00:00Z,2,10,7_2,0,2025,7
186620,534,167,9931676,-99.6787,30.0538,2025-07-02T11:00:00Z,2,11,7_2,0.25,2025,7
186620,534,167,9931676,-99.6787,30.0538,2025-07-02T12:00:00Z,2,12,7_2,0.375,2025,7
186620,534,167,9931676,-99.6787,30.0538,2025-07-02T13:00:00Z,2,13,7_2,0,2025,7
186620,534,167,9931676,-99.6787,30.0538,2025-07-02T14:00:00Z,2,14,7_2,0.375,2025,7
186620,534,167,9931676,-99.6787,30.0538,2025-07-02T15:00:00Z,2,15,7_2,0,2025,7
186620,534,167,9931676,-99.6787,30.0538,2025-07-02T16:00:00Z,2,16,7_2,0,2025,7
186620,534,167,9931676,-99.6787,30.0538,2025-07-02T17:00:00Z,2,17,7_2,3.5,2025,7
186620,534,167,9931676,-99.6787,30.0538,2025-07-02T18:00:00Z,2,18,7_2,1.875,2025,7
186620,534,167,9931676,-99.6787,30.0538,2025-07-02T19:00:00Z,2,19,7_2,0.375,2025,7
186620,534,167,9931676,-99.6787,30.0538,2025-07-02T20:00:00Z,2,20,7_2,5.25,2025,7
186620,534,167,9931676,-99.6787,30.0538,2025-07-02T21:00:00Z,2,21,7_2,2.5,2025,7
186620,534,167,9931676,-99.6787,30.0538,2025-07-02T22:00:00Z,2,22,7_2,1,2025,7
186620,534,167,9931676,-99.6787,30.0538,2025-07-02T23:00:00Z,2,23,7_2,1,2025,7
186620,534,167,9931676,-99.6787,30.0538,2025-07-03T00:00:00Z,3,0,7_3,0,2025,7
186620,534,167,9931676,-99.6787,30.0538,2025-07-03T01:00:00Z,3,1,7_3,0,2025,7
186620,534,167,9931676,-99.6787,30.0538,2025-07-03T02:00:00Z,3,2,7_3,0,2025,7
186620,534,167,9931676,-99.6787,30.0538,2025-07-03T03:00:00Z,3,3,7_3,0,2025,7
186620,534,167,9931676,-99.6787,30.0538,2025-07-03T04:00:00Z,3,4,7_3,0,2025,7
186620,534,167,9931676,-99.6787,30.0538,2025-07-03T05:00:00Z,3,5,7_3,0,2025,7
186620,534,167,9931676,-99.6787,30.0538,2025-07-03T06:00:00Z,3,6,7_3,0,2025,7
186620,534,167,9931676,-99.6787,30.0538,2025-07-03T07:00:00Z,3,7,7_3,0,2025,7
186620,534,167,9931676,-99.6787,30.0538,2025-07-03T08:00:00Z,3,8,7_3,0,2025,7
186620,534,167,9931676,-99.6787,30.0538,2025-07-03T09:00:00Z,3,9,7_3,0,2025,7
186620,534,167,9931676,-99.6787,30.0538,2025-07-03T10:00:00Z,3,10,7_3,0,2025,7
186620,534,167,9931676,-99.6787,30.0538,2025-07-03T11:00:00Z,3,11,7_3,0,2025,7
186620,534,167,9931676,-99.6787,30.0538,2025-07-03T12:00:00Z,3,12,7_3,0,2025,7
186620,534,167,9931676,-99.6787,30.0538,2025-07-03T13:00:00Z,3,13,7_3,0,2025,7
186620,534,167,9931676,-99.6787,30.0538,2025-07-03T14:00:00Z,3,14,7_3,0,2025,7
186620,534,167,9931676,-99.6787,30.0538,2025-07-03T15:00:00Z,3,15,7_3,0,2025,7
186620,534,167,9931676,-99.6787,30.0538,2025-07-03T16:00:00Z,3,16,7_3,0,2025,7
186620,534,167,9931676,-99.6787,30.0538,2025-07-03T17:00:00Z,3,17,7_3,0,2025,7
186620,534,167,9931676,-99.6787,30.0538,2025-07-03T18:00:00Z,3,18,7_3,2,2025,7
186620,534,167,9931676,-99.6787,30.0538,2025-07-03T19:00:00Z,3,19,7_3,0,2025,7
186620,534,167,9931676,-99.6787,30.0538,2025-07-03T20:00:00Z,3,20,7_3,0,2025,7
186620,534,167,9931676,-99.6787,30.0538,2025-07-03T21:00:00Z,3,21,7_3,0,2025,7
186620,534,167,9931676,-99.6787,30.0538,2025-07-03T22:00:00Z,3,22,7_3,0,2025,7
186620,534,167,9931676,-99.6787,30.0538,2025-07-03T23:00:00Z,3,23,7_3,0,2025,7
186620,534,167,9931676,-99.6787,30.0538,2025-07-04T00:00:00Z,4,0,7_4,0,2025,7
186620,534,167,9931676,-99.6787,30.0538,2025-07-04T01:00:00Z,4,1,7_4,0,2025,7
186620,534,167,9931676,-99.6787,30.0538,2025-07-04T02:00:00Z,4,2,7_4,0,2025,7
186620,534,167,9931676,-99.6787,30.0538,2025-07-04T03:00:00Z,4,3,7_4,0,2025,7
186620,534,167,9931676,-99.6787,30.0538,2025-07-04T04:00:00Z,4,4,7_4,0,2025,7
186620,534,167,9931676,-99.6787,30.0538,2025-07-04T05:00:00Z,4,5,7_4,0.25,2025,7
186620,534,167,9931676,-99.6787,30.0538,2025-07-04T06:00:00Z,4,6,7_4,0.125,2025,7
186620,534,167,9931676,-99.6787,30.0538,2025-07-04T07:00:00Z,4,7,7_4,0,2025,7
186620,534,167,9931676,-99.6787,30.0538,2025-07-04T08:00:00Z,4,8,7_4,2.375,2025,7
186620,534,167,9931676,-99.6787,30.0538,2025-07-04T09:00:00Z,4,9,7_4,0.5,2025,7
186620,534,167,9931676,-99.6787,30.0538,2025-07-04T10:00:00Z,4,10,7_4,5.75,2025,7
186620,534,167,9931676,-99.6787,30.0538,2025-07-04T11:00:00Z,4,11,7_4,24.5,2025,7
186620,534,167,9931676,-99.6787,30.0538,2025-07-04T12:00:00Z,4,12,7_4,11.625,2025,7
186620,534,167,9931676,-99.6787,30.0538,2025-07-04T13:00:00Z,4,13,7_4,2,2025,7
186620,534,167,9931676,-99.6787,30.0538,2025-07-04T14:00:00Z,4,14,7_4,4.25,2025,7
186620,534,167,9931676,-99.6787,30.0538,2025-07-04T15:00:00Z,4,15,7_4,8.625,2025,7
186620,534,167,9931676,-99.6787,30.0538,2025-07-04T16:00:00Z,4,16,7_4,10.625,2025,7
186620,534,167,9931676,-99.6787,30.0538,2025-07-04T17:00:00Z,4,17,7_4,4.125,2025,7
186620,534,167,9931676,-99.6787,30.0538,2025-07-04T18:00:00Z,4,18,7_4,0.5,2025,7
186620,534,167,9931676,-99.6787,30.0538,2025-07-04T19:00:00Z,4,19,7_4,0,2025,7
186620,534,167,9931676,-99.6787,30.0538,2025-07-04T20:00:00Z,4,20,7_4,0,2025,7
186620,534,167,9931676,-99.6787,30.0538,2025-07-04T21:00:00Z,4,21,7_4,0,2025,7
186620,534,167,9931676,-99.6787,30.0538,2025-07-04T22:00:00Z,4,22,7_4,0,2025,7
186620,534,167,9931676,-99.6787,30.0538,2025-07-04T23:00:00Z,4,23,7_4,0,2025,7
186621,535,167,14653680,-99.6391,30.0506,2025-07-01T00:00:00Z,1,0,7_1,1.625,2025,7
186621,535,167,14653680,-99.6391,30.0506,2025-07-01T01:00:00Z,1,1,7_1,0.375,2025,7
186621,535,167,14653680,-99.6391,30.0506,2025-07-01T02:00:00Z,1,2,7_1,0,2025,7
186621,535,167,14653680,-99.6391,30.0506,2025-07-01T03:00:00Z,1,3,7_1,0,2025,7
186621,535,167,14653680,-99.6391,30.0506,2025-07-01T04:00:00Z,1,4,7_1,0,2025,7
186621,535,167,14653680,-99.6391,30.0506,2025-07-01T05:00:00Z,1,5,7_1,0,2025,7
186621,535,167,14653680,-99.6391,30.0506,2025-07-01T06:00:00Z,1,6,7_1,0,2025,7
186621,535,167,14653680,-99.6391,30.0506,2025-07-01T07:00:00Z,1,7,7_1,0,2025,7
186621,535,167,14653680,-99.6391,30.0506,2025-07-01T08:00:00Z,1,8,7_1,0.25,2025,7
186621,535,167,14653680,-99.6391,30.0506,2025-07-01T09:00:00Z,1,9,7_1,0.75,2025,7
186621,535,167,14653680,-99.6391,30.0506,2025-07-01T10:00:00Z,1,10,7_1,0.875,2025,7
186621,535,167,14653680,-99.6391,30.0506,2025-07-01T11:00:00Z,1,11,7_1,0,2025,7
186621,535,167,14653680,-99.6391,30.0506,2025-07-01T12:00:00Z,1,12,7_1,0,2025,7
186621,535,167,14653680,-99.6391,30.0506,2025-07-01T13:00:00Z,1,13,7_1,0,2025,7
186621,535,167,14653680,-99.6391,30.0506,2025-07-01T14:00:00Z,1,14,7_1,0,2025,7
186621,535,167,14653680,-99.6391,30.0506,2025-07-01T15:00:00Z,1,15,7_1,0,2025,7
186621,535,167,14653680,-99.6391,30.0506,2025-07-01T16:00:00Z,1,16,7_1,0,2025,7
186621,535,167,14653680,-99.6391,30.0506,2025-07-01T17:00:00Z,1,17,7_1,0.875,2025,7
186621,535,167,14653680,-99.6391,30.0506,2025-07-01T18:00:00Z,1,18,7_1,0.125,2025,7
186621,535,167,14653680,-99.6391,30.0506,2025-07-01T19:00:00Z,1,19,7_1,0.25,2025,7
186621,535,167,14653680,-99.6391,30.0506,2025-07-01T20:00:00Z,1,20,7_1,0,2025,7
186621,535,167,14653680,-99.6391,30.0506,2025-07-01T21:00:00Z,1,21,7_1,0.75,2025,7
186621,535,167,14653680,-99.6391,30.0506,2025-07-01T22:00:00Z,1,22,7_1,0,2025,7
186621,535,167,14653680,-99.6391,30.0506,2025-07-01T23:00:00Z,1,23,7_1,0,2025,7
186621,535,167,14653680,-99.6391,30.0506,2025-07-02T00:00:00Z,2,0,7_2,0,2025,7
186621,535,167,14653680,-99.6391,30.0506,2025-07-02T01:00:00Z,2,1,7_2,0,2025,7
186621,535,167,14653680,-99.6391,30.0506,2025-07-02T02:00:00Z,2,2,7_2,0,2025,7
186621,535,167,14653680,-99.6391,30.0506,2025-07-02T03:00:00Z,2,3,7_2,0.375,2025,7
186621,535,167,14653680,-99.6391,30.0506,2025-07-02T04:00:00Z,2,4,7_2,0.5,2025,7
186621,535,167,14653680,-99.6391,30.0506,2025-07-02T05:00:00Z,2,5,7_2,0,2025,7
186621,535,167,14653680,-99.6391,30.0506,2025-07-02T06:00:00Z,2,6,7_2,0,2025,7
186621,535,167,14653680,-99.6391,30.0506,2025-07-02T07:00:00Z,2,7,7_2,0,2025,7
186621,535,167,14653680,-99.6391,30.0506,2025-07-02T08:00:00Z,2,8,7_2,0,2025,7
186621,535,167,14653680,-99.6391,30.0506,2025-07-02T09:00:00Z,2,9,7_2,0,2025,7
186621,535,167,14653680,-99.6391,30.0506,2025-07-02T10:00:00Z,2,10,7_2,0,2025,7
186621,535,167,14653680,-99.6391,30.0506,2025-07-02T11:00:00Z,2,11,7_2,0,2025,7
186621,535,167,14653680,-99.6391,30.0506,2025-07-02T12:00:00Z,2,12,7_2,0,2025,7
186621,535,167,14653680,-99.6391,30.0506,2025-07-02T13:00:00Z,2,13,7_2,0.125,2025,7
186621,535,167,14653680,-99.6391,30.0506,2025-07-02T14:00:00Z,2,14,7_2,0.875,2025,7
186621,535,167,14653680,-99.6391,30.0506,2025-07-02T15:00:00Z,2,15,7_2,0,2025,7
186621,535,167,14653680,-99.6391,30.0506,2025-07-02T16:00:00Z,2,16,7_2,0,2025,7
186621,535,167,14653680,-99.6391,30.0506,2025-07-02T17:00:00Z,2,17,7_2,2.625,2025,7
186621,535,167,14653680,-99.6391,30.0506,2025-07-02T18:00:00Z,2,18,7_2,2.125,2025,7
186621,535,167,14653680,-99.6391,30.0506,2025-07-02T19:00:00Z,2,19,7_2,0.75,2025,7
186621,535,167,14653680,-99.6391,30.0506,2025-07-02T20:00:00Z,2,20,7_2,8.625,2025,7
186621,535,167,14653680,-99.6391,30.0506,2025-07-02T21:00:00Z,2,21,7_2,2.625,2025,7
186621,535,167,14653680,-99.6391,30.0506,2025-07-02T22:00:00Z,2,22,7_2,0.875,2025,7
186621,535,167,14653680,-99.6391,30.0506,2025-07-02T23:00:00Z,2,23,7_2,0.875,2025,7
186621,535,167,14653680,-99.6391,30.0506,2025-07-03T00:00:00Z,3,0,7_3,0,2025,7
186621,535,167,14653680,-99.6391,30.0506,2025-07-03T01:00:00Z,3,1,7_3,0,2025,7
186621,535,167,14653680,-99.6391,30.0506,2025-07-03T02:00:00Z,3,2,7_3,0,2025,7
186621,535,167,14653680,-99.6391,30.0506,2025-07-03T03:00:00Z,3,3,7_3,0,2025,7
186621,535,167,14653680,-99.6391,30.0506,2025-07-03T04:00:00Z,3,4,7_3,0,2025,7
186621,535,167,14653680,-99.6391,30.0506,2025-07-03T05:00:00Z,3,5,7_3,0,2025,7
186621,535,167,14653680,-99.6391,30.0506,2025-07-03T06:00:00Z,3,6,7_3,0,2025,7
186621,535,167,14653680,-99.6391,30.0506,2025-07-03T07:00:00Z,3,7,7_3,0,2025,7
186621,535,167,14653680,-99.6391,30.0506,2025-07-03T08:00:00Z,3,8,7_3,0,2025,7
186621,535,167,14653680,-99.6391,30.0506,2025-07-03T09:00:00Z,3,9,7_3,0,2025,7
186621,535,167,14653680,-99.6391,30.0506,2025-07-03T10:00:00Z,3,10,7_3,0,2025,7
186621,535,167,14653680,-99.6391,30.0506,2025-07-03T11:00:00Z,3,11,7_3,0,2025,7
186621,535,167,14653680,-99.6391,30.0506,2025-07-03T12:00:00Z,3,12,7_3,0,2025,7
186621,535,167,14653680,-99.6391,30.0506,2025-07-03T13:00:00Z,3,13,7_3,0,2025,7
186621,535,167,14653680,-99.6391,30.0506,2025-07-03T14:00:00Z,3,14,7_3,0,2025,7
186621,535,167,14653680,-99.6391,30.0506,2025-07-03T15:00:00Z,3,15,7_3,0,2025,7
186621,535,167,14653680,-99.6391,30.0506,2025-07-03T16:00:00Z,3,16,7_3,0,2025,7
186621,535,167,14653680,-99.6391,30.0506,2025-07-03T17:00:00Z,3,17,7_3,0,2025,7
186621,535,167,14653680,-99.6391,30.0506,2025-07-03T18:00:00Z,3,18,7_3,1.375,2025,7
186621,535,167,14653680,-99.6391,30.0506,2025-07-03T19:00:00Z,3,19,7_3,0,2025,7
186621,535,167,14653680,-99.6391,30.0506,2025-07-03T20:00:00Z,3,20,7_3,0.125,2025,7
186621,535,167,14653680,-99.6391,30.0506,2025-07-03T21:00:00Z,3,21,7_3,0,2025,7
186621,535,167,14653680,-99.6391,30.0506,2025-07-03T22:00:00Z,3,22,7_3,0,2025,7
186621,535,167,14653680,-99.6391,30.0506,2025-07-03T23:00:00Z,3,23,7_3,0,2025,7
186621,535,167,14653680,-99.6391,30.0506,2025-07-04T00:00:00Z,4,0,7_4,0,2025,7
186621,535,167,14653680,-99.6391,30.0506,2025-07-04T01:00:00Z,4,1,7_4,0,2025,7
186621,535,167,14653680,-99.6391,30.0506,2025-07-04T02:00:00Z,4,2,7_4,0,2025,7
186621,535,167,14653680,-99.6391,30.0506,2025-07-04T03:00:00Z,4,3,7_4,0,2025,7
186621,535,167,14653680,-99.6391,30.0506,2025-07-04T04:00:00Z,4,4,7_4,0,2025,7
186621,535,167,14653680,-99.6391,30.0506,2025-07-04T05:00:00Z,4,5,7_4,0.25,2025,7
186621,535,167,14653680,-99.6391,30.0506,2025-07-04T06:00:00Z,4,6,7_4,0,2025,7
186621,535,167,14653680,-99.6391,30.0506,2025-07-04T07:00:00Z,4,7,7_4,0.125,2025,7
186621,535,167,14653680,-99.6391,30.0506,2025-07-04T08:00:00Z,4,8,7_4,9,2025,7
186621,535,167,14653680,-99.6391,30.0506,2025-07-04T09:00:00Z,4,9,7_4,4.75,2025,7
186621,535,167,14653680,-99.6391,30.0506,2025-07-04T10:00:00Z,4,10,7_4,3.625,2025,7
186621,535,167,14653680,-99.6391,30.0506,2025-07-04T11:00:00Z,4,11,7_4,18,2025,7
186621,535,167,14653680,-99.6391,30.0506,2025-07-04T12:00:00Z,4,12,7_4,11.5,2025,7
186621,535,167,14653680,-99.6391,30.0506,2025-07-04T13:00:00Z,4,13,7_4,2.375,2025,7
186621,535,167,14653680,-99.6391,30.0506,2025-07-04T14:00:00Z,4,14,7_4,5.5,2025,7
186621,535,167,14653680,-99.6391,30.0506,2025-07-04T15:00:00Z,4,15,7_4,8.375,2025,7
186621,535,167,14653680,-99.6391,30.0506,2025-07-04T16:00:00Z,4,16,7_4,11.5,2025,7
186621,535,167,14653680,-99.6391,30.0506,2025-07-04T17:00:00Z,4,17,7_4,4.625,2025,7
186621,535,167,14653680,-99.6391,30.0506,2025-07-04T18:00:00Z,4,18,7_4,0.625,2025,7
186621,535,167,14653680,-99.6391,30.0506,2025-07-04T19:00:00Z,4,19,7_4,0,2025,7
186621,535,167,14653680,-99.6391,30.0506,2025-07-04T20:00:00Z,4,20,7_4,0,2025,7
186621,535,167,14653680,-99.6391,30.0506,2025-07-04T21:00:00Z,4,21,7_4,0,2025,7
186621,535,167,14653680,-99.6391,30.0506,2025-07-04T22:00:00Z,4,22,7_4,0,2025,7
186621,535,167,14653680,-99.6391,30.0506,2025-07-04T23:00:00Z,4,23,7_4,0,2025,7
186622,536,167,14652718,-99.5995,30.0473,2025-07-01T00:00:00Z,1,0,7_1,1.875,2025,7
186622,536,167,14652718,-99.5995,30.0473,2025-07-01T01:00:00Z,1,1,7_1,0.25,2025,7
186622,536,167,14652718,-99.5995,30.0473,2025-07-01T02:00:00Z,1,2,7_1,0,2025,7
186622,536,167,14652718,-99.5995,30.0473,2025-07-01T03:00:00Z,1,3,7_1,0,2025,7
186622,536,167,14652718,-99.5995,30.0473,2025-07-01T04:00:00Z,1,4,7_1,0,2025,7
186622,536,167,14652718,-99.5995,30.0473,2025-07-01T05:00:00Z,1,5,7_1,0,2025,7
186622,536,167,14652718,-99.5995,30.0473,2025-07-01T06:00:00Z,1,6,7_1,0,2025,7
186622,536,167,14652718,-99.5995,30.0473,2025-07-01T07:00:00Z,1,7,7_1,0,2025,7
186622,536,167,14652718,-99.5995,30.0473,2025-07-01T08:00:00Z,1,8,7_1,0,2025,7
186622,536,167,14652718,-99.5995,30.0473,2025-07-01T09:00:00Z,1,9,7_1,0.5,2025,7
186622,536,167,14652718,-99.5995,30.0473,2025-07-01T10:00:00Z,1,10,7_1,1,2025,7
186622,536,167,14652718,-99.5995,30.0473,2025-07-01T11:00:00Z,1,11,7_1,0,2025,7
186622,536,167,14652718,-99.5995,30.0473,2025-07-01T12:00:00Z,1,12,7_1,0,2025,7
186622,536,167,14652718,-99.5995,30.0473,2025-07-01T13:00:00Z,1,13,7_1,0,2025,7
186622,536,167,14652718,-99.5995,30.0473,2025-07-01T14:00:00Z,1,14,7_1,0,2025,7
186622,536,167,14652718,-99.5995,30.0473,2025-07-01T15:00:00Z,1,15,7_1,0,2025,7
186622,536,167,14652718,-99.5995,30.0473,2025-07-01T16:00:00Z,1,16,7_1,0,2025,7
186622,536,167,14652718,-99.5995,30.0473,2025-07-01T17:00:00Z,1,17,7_1,0.875,2025,7
186622,536,167,14652718,-99.5995,30.0473,2025-07-01T18:00:00Z,1,18,7_1,0.25,2025,7
186622,536,167,14652718,-99.5995,30.0473,2025-07-01T19:00:00Z,1,19,7_1,0,2025,7
186622,536,167,14652718,-99.5995,30.0473,2025-07-01T20:00:00Z,1,20,7_1,0,2025,7
186622,536,167,14652718,-99.5995,30.0473,2025-07-01T21:00:00Z,1,21,7_1,0.5,2025,7
186622,536,167,14652718,-99.5995,30.0473,2025-07-01T22:00:00Z,1,22,7_1,0,2025,7
186622,536,167,14652718,-99.5995,30.0473,2025-07-01T23:00:00Z,1,23,7_1,0,2025,7
186622,536,167,14652718,-99.5995,30.0473,2025-07-02T00:00:00Z,2,0,7_2,0,2025,7
186622,536,167,14652718,-99.5995,30.0473,2025-07-02T01:00:00Z,2,1,7_2,0,2025,7
186622,536,167,14652718,-99.5995,30.0473,2025-07-02T02:00:00Z,2,2,7_2,0,2025,7
186622,536,167,14652718,-99.5995,30.0473,2025-07-02T03:00:00Z,2,3,7_2,0.625,2025,7
186622,536,167,14652718,-99.5995,30.0473,2025-07-02T04:00:00Z,2,4,7_2,0.25,2025,7
186622,536,167,14652718,-99.5995,30.0473,2025-07-02T05:00:00Z,2,5,7_2,0,2025,7
186622,536,167,14652718,-99.5995,30.0473,2025-07-02T06:00:00Z,2,6,7_2,0,2025,7
186622,536,167,14652718,-99.5995,30.0473,2025-07-02T07:00:00Z,2,7,7_2,0,2025,7
186622,536,167,14652718,-99.5995,30.0473,2025-07-02T08:00:00Z,2,8,7_2,0,2025,7
186622,536,167,14652718,-99.5995,30.0473,2025-07-02T09:00:00Z,2,9,7_2,0,2025,7
186622,536,167,14652718,-99.5995,30.0473,2025-07-02T10:00:00Z,2,10,7_2,0,2025,7
186622,536,167,14652718,-99.5995,30.0473,2025-07-02T11:00:00Z,2,11,7_2,0,2025,7
186622,536,167,14652718,-99.5995,30.0473,2025-07-02T12:00:00Z,2,12,7_2,0,2025,7
186622,536,167,14652718,-99.5995,30.0473,2025-07-02T13:00:00Z,2,13,7_2,0.375,2025,7
186622,536,167,14652718,-99.5995,30.0473,2025-07-02T14:00:00Z,2,14,7_2,0.25,2025,7
186622,536,167,14652718,-99.5995,30.0473,2025-07-02T15:00:00Z,2,15,7_2,0,2025,7
186622,536,167,14652718,-99.5995,30.0473,2025-07-02T16:00:00Z,2,16,7_2,0,2025,7
186622,536,167,14652718,-99.5995,30.0473,2025-07-02T17:00:00Z,2,17,7_2,1.25,2025,7
186622,536,167,14652718,-99.5995,30.0473,2025-07-02T18:00:00Z,2,18,7_2,2,2025,7
186622,536,167,14652718,-99.5995,30.0473,2025-07-02T19:00:00Z,2,19,7_2,0.625,2025,7
186622,536,167,14652718,-99.5995,30.0473,2025-07-02T20:00:00Z,2,20,7_2,13.125,2025,7
186622,536,167,14652718,-99.5995,30.0473,2025-07-02T21:00:00Z,2,21,7_2,4,2025,7
186622,536,167,14652718,-99.5995,30.0473,2025-07-02T22:00:00Z,2,22,7_2,1.25,2025,7
186622,536,167,14652718,-99.5995,30.0473,2025-07-02T23:00:00Z,2,23,7_2,0.75,2025,7
186622,536,167,14652718,-99.5995,30.0473,2025-07-03T00:00:00Z,3,0,7_3,0,2025,7
186622,536,167,14652718,-99.5995,30.0473,2025-07-03T01:00:00Z,3,1,7_3,0,2025,7
186622,536,167,14652718,-99.5995,30.0473,2025-07-03T02:00:00Z,3,2,7_3,0,2025,7
186622,536,167,14652718,-99.5995,30.0473,2025-07-03T03:00:00Z,3,3,7_3,0,2025,7
186622,536,167,14652718,-99.5995,30.0473,2025-07-03T04:00:00Z,3,4,7_3,0,2025,7
186622,536,167,14652718,-99.5995,30.0473,2025-07-03T05:00:00Z,3,5,7_3,0,2025,7
186622,536,167,14652718,-99.5995,30.0473,2025-07-03T06:00:00Z,3,6,7_3,0,2025,7
186622,536,167,14652718,-99.5995,30.0473,2025-07-03T07:00:00Z,3,7,7_3,0,2025,7
186622,536,167,14652718,-99.5995,30.0473,2025-07-03T08:00:00Z,3,8,7_3,0,2025,7
186622,536,167,14652718,-99.5995,30.0473,2025-07-03T09:00:00Z,3,9,7_3,0.125,2025,7
186622,536,167,14652718,-99.5995,30.0473,2025-07-03T10:00:00Z,3,10,7_3,0,2025,7
186622,536,167,14652718,-99.5995,30.0473,2025-07-03T11:00:00Z,3,11,7_3,0,2025,7
186622,536,167,14652718,-99.5995,30.0473,2025-07-03T12:00:00Z,3,12,7_3,0,2025,7
186622,536,167,14652718,-99.5995,30.0473,2025-07-03T13:00:00Z,3,13,7_3,0,2025,7
186622,536,167,14652718,-99.5995,30.0473,2025-07-03T14:00:00Z,3,14,7_3,0,2025,7
186622,536,167,14652718,-99.5995,30.0473,2025-07-03T15:00:00Z,3,15,7_3,0.125,2025,7
186622,536,167,14652718,-99.5995,30.0473,2025-07-03T16:00:00Z,3,16,7_3,0,2025,7
186622,536,167,14652718,-99.5995,30.0473,2025-07-03T17:00:00Z,3,17,7_3,0,2025,7
186622,536,167,14652718,-99.5995,30.0473,2025-07-03T18:00:00Z,3,18,7_3,0.375,2025,7
186622,536,167,14652718,-99.5995,30.0473,2025-07-03T19:00:00Z,3,19,7_3,0,2025,7
186622,536,167,14652718,-99.5995,30.0473,2025-07-03T20:00:00Z,3,20,7_3,0,2025,7
186622,536,167,14652718,-99.5995,30.0473,2025-07-03T21:00:00Z,3,21,7_3,0,2025,7
186622,536,167,14652718,-99.5995,30.0473,2025-07-03T22:00:00Z,3,22,7_3,0,2025,7
186622,536,167,14652718,-99.5995,30.0473,2025-07-03T23:00:00Z,3,23,7_3,0,2025,7
186622,536,167,14652718,-99.5995,30.0473,2025-07-04T00:00:00Z,4,0,7_4,0,2025,7
186622,536,167,14652718,-99.5995,30.0473,2025-07-04T01:00:00Z,4,1,7_4,0,2025,7
186622,536,167,14652718,-99.5995,30.0473,2025-07-04T02:00:00Z,4,2,7_4,0,2025,7
186622,536,167,14652718,-99.5995,30.0473,2025-07-04T03:00:00Z,4,3,7_4,0,2025,7
186622,536,167,14652718,-99.5995,30.0473,2025-07-04T04:00:00Z,4,4,7_4,0,2025,7
186622,536,167,14652718,-99.5995,30.0473,2025-07-04T05:00:00Z,4,5,7_4,0.625,2025,7
186622,536,167,14652718,-99.5995,30.0473,2025-07-04T06:00:00Z,4,6,7_4,0.75,2025,7
186622,536,167,14652718,-99.5995,30.0473,2025-07-04T07:00:00Z,4,7,7_4,2.625,2025,7
186622,536,167,14652718,-99.5995,30.0473,2025-07-04T08:00:00Z,4,8,7_4,17.75,2025,7
186622,536,167,14652718,-99.5995,30.0473,2025-07-04T09:00:00Z,4,9,7_4,11.625,2025,7
186622,536,167,14652718,-99.5995,30.0473,2025-07-04T10:00:00Z,4,10,7_4,1.5,2025,7
186622,536,167,14652718,-99.5995,30.0473,2025-07-04T11:00:00Z,4,11,7_4,9,2025,7
186622,536,167,14652718,-99.5995,30.0473,2025-07-04T12:00:00Z,4,12,7_4,9.5,2025,7
186622,536,167,14652718,-99.5995,30.0473,2025-07-04T13:00:00Z,4,13,7_4,2.5,2025,7
186622,536,167,14652718,-99.5995,30.0473,2025-07-04T14:00:00Z,4,14,7_4,6.25,2025,7
186622,536,167,14652718,-99.5995,30.0473,2025-07-04T15:00:00Z,4,15,7_4,8.125,2025,7
186622,536,167,14652718,-99.5995,30.0473,2025-07-04T16:00:00Z,4,16,7_4,12.875,2025,7
186622,536,167,14652718,-99.5995,30.0473,2025-07-04T17:00:00Z,4,17,7_4,5.375,2025,7
186622,536,167,14652718,-99.5995,30.0473,2025-07-04T18:00:00Z,4,18,7_4,0.875,2025,7
186622,536,167,14652718,-99.5995,30.0473,2025-07-04T19:00:00Z,4,19,7_4,0.25,2025,7
186622,536,167,14652718,-99.5995,30.0473,2025-07-04T20:00:00Z,4,20,7_4,0,2025,7
186622,536,167,14652718,-99.5995,30.0473,2025-07-04T21:00:00Z,4,21,7_4,0,2025,7
186622,536,167,14652718,-99.5995,30.0473,2025-07-04T22:00:00Z,4,22,7_4,0,2025,7
186622,536,167,14652718,-99.5995,30.0473,2025-07-04T23:00:00Z,4,23,7_4,0,2025,7
186623,537,167,14651748,-99.5599,30.0441,2025-07-01T00:00:00Z,1,0,7_1,2,2025,7
186623,537,167,14651748,-99.5599,30.0441,2025-07-01T01:00:00Z,1,1,7_1,0.375,2025,7
186623,537,167,14651748,-99.5599,30.0441,2025-07-01T02:00:00Z,1,2,7_1,0,2025,7
186623,537,167,14651748,-99.5599,30.0441,2025-07-01T03:00:00Z,1,3,7_1,0,2025,7
186623,537,167,14651748,-99.5599,30.0441,2025-07-01T04:00:00Z,1,4,7_1,0,2025,7
186623,537,167,14651748,-99.5599,30.0441,2025-07-01T05:00:00Z,1,5,7_1,0,2025,7
186623,537,167,14651748,-99.5599,30.0441,2025-07-01T06:00:00Z,1,6,7_1,0,2025,7
186623,537,167,14651748,-99.5599,30.0441,2025-07-01T07:00:00Z,1,7,7_1,0,2025,7
186623,537,167,14651748,-99.5599,30.0441,2025-07-01T08:00:00Z,1,8,7_1,0.125,2025,7
186623,537,167,14651748,-99.5599,30.0441,2025-07-01T09:00:00Z,1,9,7_1,0.375,2025,7
186623,537,167,14651748,-99.5599,30.0441,2025-07-01T10:00:00Z,1,10,7_1,1.25,2025,7
186623,537,167,14651748,-99.5599,30.0441,2025-07-01T11:00:00Z,1,11,7_1,0,2025,7
186623,537,167,14651748,-99.5599,30.0441,2025-07-01T12:00:00Z,1,12,7_1,0,2025,7
186623,537,167,14651748,-99.5599,30.0441,2025-07-01T13:00:00Z,1,13,7_1,0,2025,7
186623,537,167,14651748,-99.5599,30.0441,2025-07-01T14:00:00Z,1,14,7_1,0,2025,7
186623,537,167,14651748,-99.5599,30.0441,2025-07-01T15:00:00Z,1,15,7_1,0,2025,7
186623,537,167,14651748,-99.5599,30.0441,2025-07-01T16:00:00Z,1,16,7_1,0,2025,7
186623,537,167,14651748,-99.5599,30.0441,2025-07-01T17:00:00Z,1,17,7_1,0.875,2025,7
186623,537,167,14651748,-99.5599,30.0441,2025-07-01T18:00:00Z,1,18,7_1,0.25,2025,7
186623,537,167,14651748,-99.5599,30.0441,2025-07-01T19:00:00Z,1,19,7_1,0.25,2025,7
186623,537,167,14651748,-99.5599,30.0441,2025-07-01T20:00:00Z,1,20,7_1,0,2025,7
186623,537,167,14651748,-99.5599,30.0441,2025-07-01T21:00:00Z,1,21,7_1,0.25,2025,7
186623,537,167,14651748,-99.5599,30.0441,2025-07-01T22:00:00Z,1,22,7_1,0,2025,7
186623,537,167,14651748,-99.5599,30.0441,2025-07-01T23:00:00Z,1,23,7_1,0,2025,7
186623,537,167,14651748,-99.5599,30.0441,2025-07-02T00:00:00Z,2,0,7_2,0,2025,7
186623,537,167,14651748,-99.5599,30.0441,2025-07-02T01:00:00Z,2,1,7_2,0,2025,7
186623,537,167,14651748,-99.5599,30.0441,2025-07-02T02:00:00Z,2,2,7_2,0.125,2025,7
186623,537,167,14651748,-99.5599,30.0441,2025-07-02T03:00:00Z,2,3,7_2,1,2025,7
186623,537,167,14651748,-99.5599,30.0441,2025-07-02T04:00:00Z,2,4,7_2,0.125,2025,7
186623,537,167,14651748,-99.5599,30.0441,2025-07-02T05:00:00Z,2,5,7_2,0,2025,7
186623,537,167,14651748,-99.5599,30.0441,2025-07-02T06:00:00Z,2,6,7_2,0,2025,7
186623,537,167,14651748,-99.5599,30.0441,2025-07-02T07:00:00Z,2,7,7_2,0,2025,7
186623,537,167,14651748,-99.5599,30.0441,2025-07-02T08:00:00Z,2,8,7_2,0,2025,7
186623,537,167,14651748,-99.5599,30.0441,2025-07-02T09:00:00Z,2,9,7_2,0,2025,7
186623,537,167,14651748,-99.5599,30.0441,2025-07-02T10:00:00Z,2,10,7_2,0,2025,7
186623,537,167,14651748,-99.5599,30.0441,2025-07-02T11:00:00Z,2,11,7_2,0,2025,7
186623,537,167,14651748,-99.5599,30.0441,2025-07-02T12:00:00Z,2,12,7_2,0.25,2025,7
186623,537,167,14651748,-99.5599,30.0441,2025-07-02T13:00:00Z,2,13,7_2,0.375,2025,7
186623,537,167,14651748,-99.5599,30.0441,2025-07-02T14:00:00Z,2,14,7_2,0,2025,7
186623,537,167,14651748,-99.5599,30.0441,2025-07-02T15:00:00Z,2,15,7_2,0,2025,7
186623,537,167,14651748,-99.5599,30.0441,2025-07-02T16:00:00Z,2,16,7_2,0,2025,7
186623,537,167,14651748,-99.5599,30.0441,2025-07-02T17:00:00Z,2,17,7_2,0.25,2025,7
186623,537,167,14651748,-99.5599,30.0441,2025-07-02T18:00:00Z,2,18,7_2,2.375,2025,7
186623,537,167,14651748,-99.5599,30.0441,2025-07-02T19:00:00Z,2,19,7_2,0.5,2025,7
186623,537,167,14651748,-99.5599,30.0441,2025-07-02T20:00:00Z,2,20,7_2,14.75,2025,7
186623,537,167,14651748,-99.5599,30.0441,2025-07-02T21:00:00Z,2,21,7_2,3.625,2025,7
186623,537,167,14651748,-99.5599,30.0441,2025-07-02T22:00:00Z,2,22,7_2,1.75,2025,7
186623,537,167,14651748,-99.5599,30.0441,2025-07-02T23:00:00Z,2,23,7_2,0.625,2025,7
186623,537,167,14651748,-99.5599,30.0441,2025-07-03T00:00:00Z,3,0,7_3,0,2025,7
186623,537,167,14651748,-99.5599,30.0441,2025-07-03T01:00:00Z,3,1,7_3,0,2025,7
186623,537,167,14651748,-99.5599,30.0441,2025-07-03T02:00:00Z,3,2,7_3,0,2025,7
186623,537,167,14651748,-99.5599,30.0441,2025-07-03T03:00:00Z,3,3,7_3,0,2025,7
186623,537,167,14651748,-99.5599,30.0441,2025-07-03T04:00:00Z,3,4,7_3,0,2025,7
186623,537,167,14651748,-99.5599,30.0441,2025-07-03T05:00:00Z,3,5,7_3,0,2025,7
186623,537,167,14651748,-99.5599,30.0441,2025-07-03T06:00:00Z,3,6,7_3,0,2025,7
186623,537,167,14651748,-99.5599,30.0441,2025-07-03T07:00:00Z,3,7,7_3,0,2025,7
186623,537,167,14651748,-99.5599,30.0441,2025-07-03T08:00:00Z,3,8,7_3,0,2025,7
186623,537,167,14651748,-99.5599,30.0441,2025-07-03T09:00:00Z,3,9,7_3,0.375,2025,7
186623,537,167,14651748,-99.5599,30.0441,2025-07-03T10:00:00Z,3,10,7_3,0,2025,7
186623,537,167,14651748,-99.5599,30.0441,2025-07-03T11:00:00Z,3,11,7_3,0,2025,7
186623,537,167,14651748,-99.5599,30.0441,2025-07-03T12:00:00Z,3,12,7_3,0,2025,7
186623,537,167,14651748,-99.5599,30.0441,2025-07-03T13:00:00Z,3,13,7_3,0,2025,7
186623,537,167,14651748,-99.5599,30.0441,2025-07-03T14:00:00Z,3,14,7_3,0,2025,7
186623,537,167,14651748,-99.5599,30.0441,2025-07-03T15:00:00Z,3,15,7_3,0.125,2025,7
186623,537,167,14651748,-99.5599,30.0441,2025-07-03T16:00:00Z,3,16,7_3,0,2025,7
186623,537,167,14651748,-99.5599,30.0441,2025-07-03T17:00:00Z,3,17,7_3,0,2025,7
186623,537,167,14651748,-99.5599,30.0441,2025-07-03T18:00:00Z,3,18,7_3,0,2025,7
186623,537,167,14651748,-99.5599,30.0441,2025-07-03T19:00:00Z,3,19,7_3,0,2025,7
186623,537,167,14651748,-99.5599,30.0441,2025-07-03T20:00:00Z,3,20,7_3,0,2025,7
186623,537,167,14651748,-99.5599,30.0441,2025-07-03T21:00:00Z,3,21,7_3,0,2025,7
186623,537,167,14651748,-99.5599,30.0441,2025-07-03T22:00:00Z,3,22,7_3,0,2025,7
186623,537,167,14651748,-99.5599,30.0441,2025-07-03T23:00:00Z,3,23,7_3,0,2025,7
186623,537,167,14651748,-99.5599,30.0441,2025-07-04T00:00:00Z,4,0,7_4,0,2025,7
186623,537,167,14651748,-99.5599,30.0441,2025-07-04T01:00:00Z,4,1,7_4,0,2025,7
186623,537,167,14651748,-99.5599,30.0441,2025-07-04T02:00:00Z,4,2,7_4,0,2025,7
186623,537,167,14651748,-99.5599,30.0441,2025-07-04T03:00:00Z,4,3,7_4,0,2025,7
186623,537,167,14651748,-99.5599,30.0441,2025-07-04T04:00:00Z,4,4,7_4,0,2025,7
186623,537,167,14651748,-99.5599,30.0441,2025-07-04T05:00:00Z,4,5,7_4,0.75,2025,7
186623,537,167,14651748,-99.5599,30.0441,2025-07-04T06:00:00Z,4,6,7_4,4.25,2025,7
186623,537,167,14651748,-99.5599,30.0441,2025-07-04T07:00:00Z,4,7,7_4,8.75,2025,7
186623,537,167,14651748,-99.5599,30.0441,2025-07-04T08:00:00Z,4,8,7_4,22.5,2025,7
186623,537,167,14651748,-99.5599,30.0441,2025-07-04T09:00:00Z,4,9,7_4,21.25,2025,7
186623,537,167,14651748,-99.5599,30.0441,2025-07-04T10:00:00Z,4,10,7_4,3.375,2025,7
186623,537,167,14651748,-99.5599,30.0441,2025-07-04T11:00:00Z,4,11,7_4,5.125,2025,7
186623,537,167,14651748,-99.5599,30.0441,2025-07-04T12:00:00Z,4,12,7_4,6.625,2025,7
186623,537,167,14651748,-99.5599,30.0441,2025-07-04T13:00:00Z,4,13,7_4,2.625,2025,7
186623,537,167,14651748,-99.5599,30.0441,2025-07-04T14:00:00Z,4,14,7_4,6.375,2025,7
186623,537,167,14651748,-99.5599,30.0441,2025-07-04T15:00:00Z,4,15,7_4,10.375,2025,7
186623,537,167,14651748,-99.5599,30.0441,2025-07-04T16:00:00Z,4,16,7_4,13.875,2025,7
186623,537,167,14651748,-99.5599,30.0441,2025-07-04T17:00:00Z,4,17,7_4,6.25,2025,7
186623,537,167,14651748,-99.5599,30.0441,2025-07-04T18:00:00Z,4,18,7_4,1.125,2025,7
186623,537,167,14651748,-99.5599,30.0441,2025-07-04T19:00:00Z,4,19,7_4,0.25,2025,7
186623,537,167,14651748,-99.5599,30.0441,2025-07-04T20:00:00Z,4,20,7_4,0.125,2025,7
186623,537,167,14651748,-99.5599,30.0441,2025-07-04T21:00:00Z,4,21,7_4,0,2025,7
186623,537,167,14651748,-99.5599,30.0441,2025-07-04T22:00:00Z,4,22,7_4,0,2025,7
186623,537,167,14651748,-99.5599,30.0441,2025-07-04T23:00:00Z,4,23,7_4,0,2025,7
186624,538,167,14650772,-99.5203,30.0408,2025-07-01T00:00:00Z,1,0,7_1,2,2025,7
186624,538,167,14650772,-99.5203,30.0408,2025-07-01T01:00:00Z,1,1,7_1,0.375,2025,7
186624,538,167,14650772,-99.5203,30.0408,2025-07-01T02:00:00Z,1,2,7_1,0,2025,7
186624,538,167,14650772,-99.5203,30.0408,2025-07-01T03:00:00Z,1,3,7_1,0,2025,7
186624,538,167,14650772,-99.5203,30.0408,2025-07-01T04:00:00Z,1,4,7_1,0,2025,7
186624,538,167,14650772,-99.5203,30.0408,2025-07-01T05:00:00Z,1,5,7_1,0,2025,7
186624,538,167,14650772,-99.5203,30.0408,2025-07-01T06:00:00Z,1,6,7_1,0,2025,7
186624,538,167,14650772,-99.5203,30.0408,2025-07-01T07:00:00Z,1,7,7_1,0.25,2025,7
186624,538,167,14650772,-99.5203,30.0408,2025-07-01T08:00:00Z,1,8,7_1,0.5,2025,7
186624,538,167,14650772,-99.5203,30.0408,2025-07-01T09:00:00Z,1,9,7_1,0.5,2025,7
186624,538,167,14650772,-99.5203,30.0408,2025-07-01T10:00:00Z,1,10,7_1,2,2025,7
186624,538,167,14650772,-99.5203,30.0408,2025-07-01T11:00:00Z,1,11,7_1,0,2025,7
186624,538,167,14650772,-99.5203,30.0408,2025-07-01T12:00:00Z,1,12,7_1,0,2025,7
186624,538,167,14650772,-99.5203,30.0408,2025-07-01T13:00:00Z,1,13,7_1,0,2025,7
186624,538,167,14650772,-99.5203,30.0408,2025-07-01T14:00:00Z,1,14,7_1,0,2025,7
186624,538,167,14650772,-99.5203,30.0408,2025-07-01T15:00:00Z,1,15,7_1,0,2025,7
186624,538,167,14650772,-99.5203,30.0408,2025-07-01T16:00:00Z,1,16,7_1,0,2025,7
186624,538,167,14650772,-99.5203,30.0408,2025-07-01T17:00:00Z,1,17,7_1,0.625,2025,7
186624,538,167,14650772,-99.5203,30.0408,2025-07-01T18:00:00Z,1,18,7_1,0.25,2025,7
186624,538,167,14650772,-99.5203,30.0408,2025-07-01T19:00:00Z,1,19,7_1,0,2025,7
186624,538,167,14650772,-99.5203,30.0408,2025-07-01T20:00:00Z,1,20,7_1,0,2025,7
186624,538,167,14650772,-99.5203,30.0408,2025-07-01T21:00:00Z,1,21,7_1,0,2025,7
186624,538,167,14650772,-99.5203,30.0408,2025-07-01T22:00:00Z,1,22,7_1,0,2025,7
186624,538,167,14650772,-99.5203,30.0408,2025-07-01T23:00:00Z,1,23,7_1,0,2025,7
186624,538,167,14650772,-99.5203,30.0408,2025-07-02T00:00:00Z,2,0,7_2,0,2025,7
186624,538,167,14650772,-99.5203,30.0408,2025-07-02T01:00:00Z,2,1,7_2,0,2025,7
186624,538,167,14650772,-99.5203,30.0408,2025-07-02T02:00:00Z,2,2,7_2,0,2025,7
186624,538,167,14650772,-99.5203,30.0408,2025-07-02T03:00:00Z,2,3,7_2,1.125,2025,7
186624,538,167,14650772,-99.5203,30.0408,2025-07-02T04:00:00Z,2,4,7_2,0.125,2025,7
186624,538,167,14650772,-99.5203,30.0408,2025-07-02T05:00:00Z,2,5,7_2,0,2025,7
186624,538,167,14650772,-99.5203,30.0408,2025-07-02T06:00:00Z,2,6,7_2,0,2025,7
186624,538,167,14650772,-99.5203,30.0408,2025-07-02T07:00:00Z,2,7,7_2,0,2025,7
186624,538,167,14650772,-99.5203,30.0408,2025-07-02T08:00:00Z,2,8,7_2,0,2025,7
186624,538,167,14650772,-99.5203,30.0408,2025-07-02T09:00:00Z,2,9,7_2,0,2025,7
186624,538,167,14650772,-99.5203,30.0408,2025-07-02T10:00:00Z,2,10,7_2,0,2025,7
186624,538,167,14650772,-99.5203,30.0408,2025-07-02T11:00:00Z,2,11,7_2,0,2025,7
186624,538,167,14650772,-99.5203,30.0408,2025-07-02T12:00:00Z,2,12,7_2,0.125,2025,7
186624,538,167,14650772,-99.5203,30.0408,2025-07-02T13:00:00Z,2,13,7_2,0.375,2025,7
186624,538,167,14650772,-99.5203,30.0408,2025-07-02T14:00:00Z,2,14,7_2,0.25,2025,7
186624,538,167,14650772,-99.5203,30.0408,2025-07-02T15:00:00Z,2,15,7_2,0,2025,7
186624,538,167,14650772,-99.5203,30.0408,2025-07-02T16:00:00Z,2,16,7_2,0,2025,7
186624,538,167,14650772,-99.5203,30.0408,2025-07-02T17:00:00Z,2,17,7_2,0.75,2025,7
186624,538,167,14650772,-99.5203,30.0408,2025-07-02T18:00:00Z,2,18,7_2,3.875,2025,7
186624,538,167,14650772,-99.5203,30.0408,2025-07-02T19:00:00Z,2,19,7_2,0.25,2025,7
186624,538,167,14650772,-99.5203,30.0408,2025-07-02T20:00:00Z,2,20,7_2,7.5,2025,7
186624,538,167,14650772,-99.5203,30.0408,2025-07-02T21:00:00Z,2,21,7_2,4,2025,7
186624,538,167,14650772,-99.5203,30.0408,2025-07-02T22:00:00Z,2,22,7_2,1.125,2025,7
186624,538,167,14650772,-99.5203,30.0408,2025-07-02T23:00:00Z,2,23,7_2,0.5,2025,7
186624,538,167,14650772,-99.5203,30.0408,2025-07-03T00:00:00Z,3,0,7_3,0.5,2025,7
186624,538,167,14650772,-99.5203,30.0408,2025-07-03T01:00:00Z,3,1,7_3,0,2025,7
186624,538,167,14650772,-99.5203,30.0408,2025-07-03T02:00:00Z,3,2,7_3,0,2025,7
186624,538,167,14650772,-99.5203,30.0408,2025-07-03T03:00:00Z,3,3,7_3,0,2025,7
186624,538,167,14650772,-99.5203,30.0408,2025-07-03T04:00:00Z,3,4,7_3,0,2025,7
186624,538,167,14650772,-99.5203,30.0408,2025-07-03T05:00:00Z,3,5,7_3,0,2025,7
186624,538,167,14650772,-99.5203,30.0408,2025-07-03T06:00:00Z,3,6,7_3,0,2025,7
186624,538,167,14650772,-99.5203,30.0408,2025-07-03T07:00:00Z,3,7,7_3,0,2025,7
186624,538,167,14650772,-99.5203,30.0408,2025-07-03T08:00:00Z,3,8,7_3,0,2025,7
186624,538,167,14650772,-99.5203,30.0408,2025-07-03T09:00:00Z,3,9,7_3,0,2025,7
186624,538,167,14650772,-99.5203,30.0408,2025-07-03T10:00:00Z,3,10,7_3,0,2025,7
186624,538,167,14650772,-99.5203,30.0408,2025-07-03T11:00:00Z,3,11,7_3,0,2025,7
186624,538,167,14650772,-99.5203,30.0408,2025-07-03T12:00:00Z,3,12,7_3,0,2025,7
186624,538,167,14650772,-99.5203,30.0408,2025-07-03T13:00:00Z,3,13,7_3,0,2025,7
186624,538,167,14650772,-99.5203,30.0408,2025-07-03T14:00:00Z,3,14,7_3,0,2025,7
186624,538,167,14650772,-99.5203,30.0408,2025-07-03T15:00:00Z,3,15,7_3,0,2025,7
186624,538,167,14650772,-99.5203,30.0408,2025-07-03T16:00:00Z,3,16,7_3,0.125,2025,7
186624,538,167,14650772,-99.5203,30.0408,2025-07-03T17:00:00Z,3,17,7_3,0,2025,7
186624,538,167,14650772,-99.5203,30.0408,2025-07-03T18:00:00Z,3,18,7_3,0,2025,7
186624,538,167,14650772,-99.5203,30.0408,2025-07-03T19:00:00Z,3,19,7_3,0,2025,7
186624,538,167,14650772,-99.5203,30.0408,2025-07-03T20:00:00Z,3,20,7_3,0,2025,7
186624,538,167,14650772,-99.5203,30.0408,2025-07-03T21:00:00Z,3,21,7_3,0,2025,7
186624,538,167,14650772,-99.5203,30.0408,2025-07-03T22:00:00Z,3,22,7_3,0,2025,7
186624,538,167,14650772,-99.5203,30.0408,2025-07-03T23:00:00Z,3,23,7_3,0,2025,7
186624,538,167,14650772,-99.5203,30.0408,2025-07-04T00:00:00Z,4,0,7_4,0,2025,7
186624,538,167,14650772,-99.5203,30.0408,2025-07-04T01:00:00Z,4,1,7_4,0,2025,7
186624,538,167,14650772,-99.5203,30.0408,2025-07-04T02:00:00Z,4,2,7_4,0,2025,7
186624,538,167,14650772,-99.5203,30.0408,2025-07-04T03:00:00Z,4,3,7_4,0,2025,7
186624,538,167,14650772,-99.5203,30.0408,2025-07-04T04:00:00Z,4,4,7_4,0,2025,7
186624,538,167,14650772,-99.5203,30.0408,2025-07-04T05:00:00Z,4,5,7_4,0.75,2025,7
186624,538,167,14650772,-99.5203,30.0408,2025-07-04T06:00:00Z,4,6,7_4,7.75,2025,7
186624,538,167,14650772,-99.5203,30.0408,2025-07-04T07:00:00Z,4,7,7_4,18.75,2025,7
186624,538,167,14650772,-99.5203,30.0408,2025-07-04T08:00:00Z,4,8,7_4,21,2025,7
186624,538,167,14650772,-99.5203,30.0408,2025-07-04T09:00:00Z,4,9,7_4,38.625,2025,7
186624,538,167,14650772,-99.5203,30.0408,2025-07-04T10:00:00Z,4,10,7_4,5.5,2025,7
186624,538,167,14650772,-99.5203,30.0408,2025-07-04T11:00:00Z,4,11,7_4,4.25,2025,7
186624,538,167,14650772,-99.5203,30.0408,2025-07-04T12:00:00Z,4,12,7_4,4.875,2025,7
186624,538,167,14650772,-99.5203,30.0408,2025-07-04T13:00:00Z,4,13,7_4,2.375,2025,7
186624,538,167,14650772,-99.5203,30.0408,2025-07-04T14:00:00Z,4,14,7_4,4.25,2025,7
186624,538,167,14650772,-99.5203,30.0408,2025-07-04T15:00:00Z,4,15,7_4,13.5,2025,7
186624,538,167,14650772,-99.5203,30.0408,2025-07-04T16:00:00Z,4,16,7_4,14.75,2025,7
186624,538,167,14650772,-99.5203,30.0408,2025-07-04T17:00:00Z,4,17,7_4,6.625,2025,7
186624,538,167,14650772,-99.5203,30.0408,2025-07-04T18:00:00Z,4,18,7_4,1.25,2025,7
186624,538,167,14650772,-99.5203,30.0408,2025-07-04T19:00:00Z,4,19,7_4,0.25,2025,7
186624,538,167,14650772,-99.5203,30.0408,2025-07-04T20:00:00Z,4,20,7_4,0.125,2025,7
186624,538,167,14650772,-99.5203,30.0408,2025-07-04T21:00:00Z,4,21,7_4,0.125,2025,7
186624,538,167,14650772,-99.5203,30.0408,2025-07-04T22:00:00Z,4,22,7_4,0.125,2025,7
186624,538,167,14650772,-99.5203,30.0408,2025-07-04T23:00:00Z,4,23,7_4,0,2025,7
186625,539,167,14649788,-99.4807,30.0375,2025-07-01T00:00:00Z,1,0,7_1,2,2025,7
186625,539,167,14649788,-99.4807,30.0375,2025-07-01T01:00:00Z,1,1,7_1,0.5,2025,7
186625,539,167,14649788,-99.4807,30.0375,2025-07-01T02:00:00Z,1,2,7_1,0,2025,7
186625,539,167,14649788,-99.4807,30.0375,2025-07-01T03:00:00Z,1,3,7_1,0,2025,7
186625,539,167,14649788,-99.4807,30.0375,2025-07-01T04:00:00Z,1,4,7_1,0,2025,7
186625,539,167,14649788,-99.4807,30.0375,2025-07-01T05:00:00Z,1,5,7_1,0,2025,7
186625,539,167,14649788,-99.4807,30.0375,2025-07-01T06:00:00Z,1,6,7_1,0,2025,7
186625,539,167,14649788,-99.4807,30.0375,2025-07-01T07:00:00Z,1,7,7_1,0.375,2025,7
186625,539,167,14649788,-99.4807,30.0375,2025-07-01T08:00:00Z,1,8,7_1,0.875,2025,7
186625,539,167,14649788,-99.4807,30.0375,2025-07-01T09:00:00Z,1,9,7_1,0.5,2025,7
186625,539,167,14649788,-99.4807,30.0375,2025-07-01T10:00:00Z,1,10,7_1,1.125,2025,7
186625,539,167,14649788,-99.4807,30.0375,2025-07-01T11:00:00Z,1,11,7_1,0,2025,7
186625,539,167,14649788,-99.4807,30.0375,2025-07-01T12:00:00Z,1,12,7_1,0,2025,7
186625,539,167,14649788,-99.4807,30.0375,2025-07-01T13:00:00Z,1,13,7_1,0,2025,7
186625,539,167,14649788,-99.4807,30.0375,2025-07-01T14:00:00Z,1,14,7_1,0,2025,7
186625,539,167,14649788,-99.4807,30.0375,2025-07-01T15:00:00Z,1,15,7_1,0,2025,7
186625,539,167,14649788,-99.4807,30.0375,2025-07-01T16:00:00Z,1,16,7_1,0,2025,7
186625,539,167,14649788,-99.4807,30.0375,2025-07-01T17:00:00Z,1,17,7_1,0,2025,7
186625,539,167,14649788,-99.4807,30.0375,2025-07-01T18:00:00Z,1,18,7_1,0.125,2025,7
186625,539,167,14649788,-99.4807,30.0375,2025-07-01T19:00:00Z,1,19,7_1,0,2025,7
186625,539,167,14649788,-99.4807,30.0375,2025-07-01T20:00:00Z,1,20,7_1,0,2025,7
186625,539,167,14649788,-99.4807,30.0375,2025-07-01T21:00:00Z,1,21,7_1,0,2025,7
186625,539,167,14649788,-99.4807,30.0375,2025-07-01T22:00:00Z,1,22,7_1,0,2025,7
186625,539,167,14649788,-99.4807,30.0375,2025-07-01T23:00:00Z,1,23,7_1,0,2025,7
186625,539,167,14649788,-99.4807,30.0375,2025-07-02T00:00:00Z,2,0,7_2,0,2025,7
186625,539,167,14649788,-99.4807,30.0375,2025-07-02T01:00:00Z,2,1,7_2,0.125,2025,7
186625,539,167,14649788,-99.4807,30.0375,2025-07-02T02:00:00Z,2,2,7_2,0.25,2025,7
186625,539,167,14649788,-99.4807,30.0375,2025-07-02T03:00:00Z,2,3,7_2,1.25,2025,7
186625,539,167,14649788,-99.4807,30.0375,2025-07-02T04:00:00Z,2,4,7_2,0.125,2025,7
186625,539,167,14649788,-99.4807,30.0375,2025-07-02T05:00:00Z,2,5,7_2,0,2025,7
186625,539,167,14649788,-99.4807,30.0375,2025-07-02T06:00:00Z,2,6,7_2,0,2025,7
186625,539,167,14649788,-99.4807,30.0375,2025-07-02T07:00:00Z,2,7,7_2,0,2025,7
186625,539,167,14649788,-99.4807,30.0375,2025-07-02T08:00:00Z,2,8,7_2,0,2025,7
186625,539,167,14649788,-99.4807,30.0375,2025-07-02T09:00:00Z,2,9,7_2,0,2025,7
186625,539,167,14649788,-99.4807,30.0375,2025-07-02T10:00:00Z,2,10,7_2,0,2025,7
186625,539,167,14649788,-99.4807,30.0375,2025-07-02T11:00:00Z,2,11,7_2,0,2025,7
186625,539,167,14649788,-99.4807,30.0375,2025-07-02T12:00:00Z,2,12,7_2,0.125,2025,7
186625,539,167,14649788,-99.4807,30.0375,2025-07-02T13:00:00Z,2,13,7_2,0.5,2025,7
186625,539,167,14649788,-99.4807,30.0375,2025-07-02T14:00:00Z,2,14,7_2,0.5,2025,7
186625,539,167,14649788,-99.4807,30.0375,2025-07-02T15:00:00Z,2,15,7_2,0,2025,7
186625,539,167,14649788,-99.4807,30.0375,2025-07-02T16:00:00Z,2,16,7_2,0,2025,7
186625,539,167,14649788,-99.4807,30.0375,2025-07-02T17:00:00Z,2,17,7_2,0.875,2025,7
186625,539,167,14649788,-99.4807,30.0375,2025-07-02T18:00:00Z,2,18,7_2,4.5,2025,7
186625,539,167,14649788,-99.4807,30.0375,2025-07-02T19:00:00Z,2,19,7_2,0.125,2025,7
186625,539,167,14649788,-99.4807,30.0375,2025-07-02T20:00:00Z,2,20,7_2,1.625,2025,7
186625,539,167,14649788,-99.4807,30.0375,2025-07-02T21:00:00Z,2,21,7_2,4.25,2025,7
186625,539,167,14649788,-99.4807,30.0375,2025-07-02T22:00:00Z,2,22,7_2,0.75,2025,7
186625,539,167,14649788,-99.4807,30.0375,2025-07-02T23:00:00Z,2,23,7_2,0,2025,7
186625,539,167,14649788,-99.4807,30.0375,2025-07-03T00:00:00Z,3,0,7_3,1.25,2025,7
186625,539,167,14649788,-99.4807,30.0375,2025-07-03T01:00:00Z,3,1,7_3,0,2025,7
186625,539,167,14649788,-99.4807,30.0375,2025-07-03T02:00:00Z,3,2,7_3,0,2025,7
186625,539,167,14649788,-99.4807,30.0375,2025-07-03T03:00:00Z,3,3,7_3,0,2025,7
186625,539,167,14649788,-99.4807,30.0375,2025-07-03T04:00:00Z,3,4,7_3,0,2025,7
186625,539,167,14649788,-99.4807,30.0375,2025-07-03T05:00:00Z,3,5,7_3,0,2025,7
186625,539,167,14649788,-99.4807,30.0375,2025-07-03T06:00:00Z,3,6,7_3,0,2025,7
186625,539,167,14649788,-99.4807,30.0375,2025-07-03T07:00:00Z,3,7,7_3,0,2025,7
186625,539,167,14649788,-99.4807,30.0375,2025-07-03T08:00:00Z,3,8,7_3,0,2025,7
186625,539,167,14649788,-99.4807,30.0375,2025-07-03T09:00:00Z,3,9,7_3,0,2025,7
186625,539,167,14649788,-99.4807,30.0375,2025-07-03T10:00:00Z,3,10,7_3,0,2025,7
186625,539,167,14649788,-99.4807,30.0375,2025-07-03T11:00:00Z,3,11,7_3,0,2025,7
186625,539,167,14649788,-99.4807,30.0375,2025-07-03T12:00:00Z,3,12,7_3,0,2025,7
186625,539,167,14649788,-99.4807,30.0375,2025-07-03T13:00:00Z,3,13,7_3,0,2025,7
186625,539,167,14649788,-99.4807,30.0375,2025-07-03T14:00:00Z,3,14,7_3,0,2025,7
186625,539,167,14649788,-99.4807,30.0375,2025-07-03T15:00:00Z,3,15,7_3,0,2025,7
186625,539,167,14649788,-99.4807,30.0375,2025-07-03T16:00:00Z,3,16,7_3,0.25,2025,7
186625,539,167,14649788,-99.4807,30.0375,2025-07-03T17:00:00Z,3,17,7_3,0,2025,7
186625,539,167,14649788,-99.4807,30.0375,2025-07-03T18:00:00Z,3,18,7_3,0,2025,7
186625,539,167,14649788,-99.4807,30.0375,2025-07-03T19:00:00Z,3,19,7_3,0,2025,7
186625,539,167,14649788,-99.4807,30.0375,2025-07-03T20:00:00Z,3,20,7_3,0,2025,7
186625,539,167,14649788,-99.4807,30.0375,2025-07-03T21:00:00Z,3,21,7_3,0,2025,7
186625,539,167,14649788,-99.4807,30.0375,2025-07-03T22:00:00Z,3,22,7_3,0,2025,7
186625,539,167,14649788,-99.4807,30.0375,2025-07-03T23:00:00Z,3,23,7_3,0,2025,7
186625,539,167,14649788,-99.4807,30.0375,2025-07-04T00:00:00Z,4,0,7_4,0,2025,7
186625,539,167,14649788,-99.4807,30.0375,2025-07-04T01:00:00Z,4,1,7_4,0,2025,7
186625,539,167,14649788,-99.4807,30.0375,2025-07-04T02:00:00Z,4,2,7_4,0,2025,7
186625,539,167,14649788,-99.4807,30.0375,2025-07-04T03:00:00Z,4,3,7_4,0,2025,7
186625,539,167,14649788,-99.4807,30.0375,2025-07-04T04:00:00Z,4,4,7_4,0,2025,7
186625,539,167,14649788,-99.4807,30.0375,2025-07-04T05:00:00Z,4,5,7_4,0.875,2025,7
186625,539,167,14649788,-99.4807,30.0375,2025-07-04T06:00:00Z,4,6,7_4,11.5,2025,7
186625,539,167,14649788,-99.4807,30.0375,2025-07-04T07:00:00Z,4,7,7_4,27.375,2025,7
186625,539,167,14649788,-99.4807,30.0375,2025-07-04T08:00:00Z,4,8,7_4,31.875,2025,7
186625,539,167,14649788,-99.4807,30.0375,2025-07-04T09:00:00Z,4,9,7_4,55.25,2025,7
186625,539,167,14649788,-99.4807,30.0375,2025-07-04T10:00:00Z,4,10,7_4,11,2025,7
186625,539,167,14649788,-99.4807,30.0375,2025-07-04T11:00:00Z,4,11,7_4,4.25,2025,7
186625,539,167,14649788,-99.4807,30.0375,2025-07-04T12:00:00Z,4,12,7_4,4.25,2025,7
186625,539,167,14649788,-99.4807,30.0375,2025-07-04T13:00:00Z,4,13,7_4,2.25,2025,7
186625,539,167,14649788,-99.4807,30.0375,2025-07-04T14:00:00Z,4,14,7_4,2.5,2025,7
186625,539,167,14649788,-99.4807,30.0375,2025-07-04T15:00:00Z,4,15,7_4,13.25,2025,7
186625,539,167,14649788,-99.4807,30.0375,2025-07-04T16:00:00Z,4,16,7_4,15.625,2025,7
186625,539,167,14649788,-99.4807,30.0375,2025-07-04T17:00:00Z,4,17,7_4,6.875,2025,7
186625,539,167,14649788,-99.4807,30.0375,2025-07-04T18:00:00Z,4,18,7_4,1.25,2025,7
186625,539,167,14649788,-99.4807,30.0375,2025-07-04T19:00:00Z,4,19,7_4,0.375,2025,7
186625,539,167,14649788,-99.4807,30.0375,2025-07-04T20:00:00Z,4,20,7_4,0.125,2025,7
186625,539,167,14649788,-99.4807,30.0375,2025-07-04T21:00:00Z,4,21,7_4,0.125,2025,7
186625,539,167,14649788,-99.4807,30.0375,2025-07-04T22:00:00Z,4,22,7_4,0.125,2025,7
186625,539,167,14649788,-99.4807,30.0375,2025-07-04T23:00:00Z,4,23,7_4,0,2025,7
186626,540,167,14648798,-99.4411,30.0342,2025-07-01T00:00:00Z,1,0,7_1,1.625,2025,7
186626,540,167,14648798,-99.4411,30.0342,2025-07-01T01:00:00Z,1,1,7_1,0.375,2025,7
186626,540,167,14648798,-99.4411,30.0342,2025-07-01T02:00:00Z,1,2,7_1,0,2025,7
186626,540,167,14648798,-99.4411,30.0342,2025-07-01T03:00:00Z,1,3,7_1,0,2025,7
186626,540,167,14648798,-99.4411,30.0342,2025-07-01T04:00:00Z,1,4,7_1,0,2025,7
186626,540,167,14648798,-99.4411,30.0342,2025-07-01T05:00:00Z,1,5,7_1,0,2025,7
186626,540,167,14648798,-99.4411,30.0342,2025-07-01T06:00:00Z,1,6,7_1,0,2025,7
186626,540,167,14648798,-99.4411,30.0342,2025-07-01T07:00:00Z,1,7,7_1,0.375,2025,7
186626,540,167,14648798,-99.4411,30.0342,2025-07-01T08:00:00Z,1,8,7_1,0.875,2025,7
186626,540,167,14648798,-99.4411,30.0342,2025-07-01T09:00:00Z,1,9,7_1,0.75,2025,7
186626,540,167,14648798,-99.4411,30.0342,2025-07-01T10:00:00Z,1,10,7_1,0.75,2025,7
186626,540,167,14648798,-99.4411,30.0342,2025-07-01T11:00:00Z,1,11,7_1,0,2025,7
186626,540,167,14648798,-99.4411,30.0342,2025-07-01T12:00:00Z,1,12,7_1,0,2025,7
186626,540,167,14648798,-99.4411,30.0342,2025-07-01T13:00:00Z,1,13,7_1,0,2025,7
186626,540,167,14648798,-99.4411,30.0342,2025-07-01T14:00:00Z,1,14,7_1,0,2025,7
186626,540,167,14648798,-99.4411,30.0342,2025-07-01T15:00:00Z,1,15,7_1,0,2025,7
186626,540,167,14648798,-99.4411,30.0342,2025-07-01T16:00:00Z,1,16,7_1,0,2025,7
186626,540,167,14648798,-99.4411,30.0342,2025-07-01T17:00:00Z,1,17,7_1,0,2025,7
186626,540,167,14648798,-99.4411,30.0342,2025-07-01T18:00:00Z,1,18,7_1,0,2025,7
186626,540,167,14648798,-99.4411,30.0342,2025-07-01T19:00:00Z,1,19,7_1,0,2025,7
186626,540,167,14648798,-99.4411,30.0342,2025-07-01T20:00:00Z,1,20,7_1,0,2025,7
186626,540,167,14648798,-99.4411,30.0342,2025-07-01T21:00:00Z,1,21,7_1,0,2025,7
186626,540,167,14648798,-99.4411,30.0342,2025-07-01T22:00:00Z,1,22,7_1,0,2025,7
186626,540,167,14648798,-99.4411,30.0342,2025-07-01T23:00:00Z,1,23,7_1,0,2025,7
186626,540,167,14648798,-99.4411,30.0342,2025-07-02T00:00:00Z,2,0,7_2,0,2025,7
186626,540,167,14648798,-99.4411,30.0342,2025-07-02T01:00:00Z,2,1,7_2,0.125,2025,7
186626,540,167,14648798,-99.4411,30.0342,2025-07-02T02:00:00Z,2,2,7_2,0.25,2025,7
186626,540,167,14648798,-99.4411,30.0342,2025-07-02T03:00:00Z,2,3,7_2,1.25,2025,7
186626,540,167,14648798,-99.4411,30.0342,2025-07-02T04:00:00Z,2,4,7_2,0.375,2025,7
186626,540,167,14648798,-99.4411,30.0342,2025-07-02T05:00:00Z,2,5,7_2,0,2025,7
186626,540,167,14648798,-99.4411,30.0342,2025-07-02T06:00:00Z,2,6,7_2,0,2025,7
186626,540,167,14648798,-99.4411,30.0342,2025-07-02T07:00:00Z,2,7,7_2,0,2025,7
186626,540,167,14648798,-99.4411,30.0342,2025-07-02T08:00:00Z,2,8,7_2,0,2025,7
186626,540,167,14648798,-99.4411,30.0342,2025-07-02T09:00:00Z,2,9,7_2,0,2025,7
186626,540,167,14648798,-99.4411,30.0342,2025-07-02T10:00:00Z,2,10,7_2,0,2025,7
186626,540,167,14648798,-99.4411,30.0342,2025-07-02T11:00:00Z,2,11,7_2,0,2025,7
186626,540,167,14648798,-99.4411,30.0342,2025-07-02T12:00:00Z,2,12,7_2,0.25,2025,7
186626,540,167,14648798,-99.4411,30.0342,2025-07-02T13:00:00Z,2,13,7_2,0.375,2025,7
186626,540,167,14648798,-99.4411,30.0342,2025-07-02T14:00:00Z,2,14,7_2,0.625,2025,7
186626,540,167,14648798,-99.4411,30.0342,2025-07-02T15:00:00Z,2,15,7_2,0.125,2025,7
186626,540,167,14648798,-99.4411,30.0342,2025-07-02T16:00:00Z,2,16,7_2,0,2025,7
186626,540,167,14648798,-99.4411,30.0342,2025-07-02T17:00:00Z,2,17,7_2,0.75,2025,7
186626,540,167,14648798,-99.4411,30.0342,2025-07-02T18:00:00Z,2,18,7_2,5.625,2025,7
186626,540,167,14648798,-99.4411,30.0342,2025-07-02T19:00:00Z,2,19,7_2,0.375,2025,7
186626,540,167,14648798,-99.4411,30.0342,2025-07-02T20:00:00Z,2,20,7_2,2,2025,7
186626,540,167,14648798,-99.4411,30.0342,2025-07-02T21:00:00Z,2,21,7_2,3,2025,7
186626,540,167,14648798,-99.4411,30.0342,2025-07-02T22:00:00Z,2,22,7_2,0.125,2025,7
186626,540,167,14648798,-99.4411,30.0342,2025-07-02T23:00:00Z,2,23,7_2,0,2025,7
186626,540,167,14648798,-99.4411,30.0342,2025-07-03T00:00:00Z,3,0,7_3,1.125,2025,7
186626,540,167,14648798,-99.4411,30.0342,2025-07-03T01:00:00Z,3,1,7_3,0,2025,7
186626,540,167,14648798,-99.4411,30.0342,2025-07-03T02:00:00Z,3,2,7_3,0,2025,7
186626,540,167,14648798,-99.4411,30.0342,2025-07-03T03:00:00Z,3,3,7_3,0,2025,7
186626,540,167,14648798,-99.4411,30.0342,2025-07-03T04:00:00Z,3,4,7_3,0,2025,7
186626,540,167,14648798,-99.4411,30.0342,2025-07-03T05:00:00Z,3,5,7_3,0,2025,7
186626,540,167,14648798,-99.4411,30.0342,2025-07-03T06:00:00Z,3,6,7_3,0,2025,7
186626,540,167,14648798,-99.4411,30.0342,2025-07-03T07:00:00Z,3,7,7_3,0,2025,7
186626,540,167,14648798,-99.4411,30.0342,2025-07-03T08:00:00Z,3,8,7_3,0,2025,7
186626,540,167,14648798,-99.4411,30.0342,2025-07-03T09:00:00Z,3,9,7_3,0,2025,7
186626,540,167,14648798,-99.4411,30.0342,2025-07-03T10:00:00Z,3,10,7_3,0,2025,7
186626,540,167,14648798,-99.4411,30.0342,2025-07-03T11:00:00Z,3,11,7_3,0,2025,7
186626,540,167,14648798,-99.4411,30.0342,2025-07-03T12:00:00Z,3,12,7_3,0,2025,7
186626,540,167,14648798,-99.4411,30.0342,2025-07-03T13:00:00Z,3,13,7_3,0,2025,7
186626,540,167,14648798,-99.4411,30.0342,2025-07-03T14:00:00Z,3,14,7_3,0,2025,7
186626,540,167,14648798,-99.4411,30.0342,2025-07-03T15:00:00Z,3,15,7_3,0,2025,7
186626,540,167,14648798,-99.4411,30.0342,2025-07-03T16:00:00Z,3,16,7_3,0.25,2025,7
186626,540,167,14648798,-99.4411,30.0342,2025-07-03T17:00:00Z,3,17,7_3,0,2025,7
186626,540,167,14648798,-99.4411,30.0342,2025-07-03T18:00:00Z,3,18,7_3,0,2025,7
186626,540,167,14648798,-99.4411,30.0342,2025-07-03T19:00:00Z,3,19,7_3,0.125,2025,7
186626,540,167,14648798,-99.4411,30.0342,2025-07-03T20:00:00Z,3,20,7_3,0.125,2025,7
186626,540,167,14648798,-99.4411,30.0342,2025-07-03T21:00:00Z,3,21,7_3,0,2025,7
186626,540,167,14648798,-99.4411,30.0342,2025-07-03T22:00:00Z,3,22,7_3,0,2025,7
186626,540,167,14648798,-99.4411,30.0342,2025-07-03T23:00:00Z,3,23,7_3,0,2025,7
186626,540,167,14648798,-99.4411,30.0342,2025-07-04T00:00:00Z,4,0,7_4,0,2025,7
186626,540,167,14648798,-99.4411,30.0342,2025-07-04T01:00:00Z,4,1,7_4,0,2025,7
186626,540,167,14648798,-99.4411,30.0342,2025-07-04T02:00:00Z,4,2,7_4,0,2025,7
186626,540,167,14648798,-99.4411,30.0342,2025-07-04T03:00:00Z,4,3,7_4,0,2025,7
186626,540,167,14648798,-99.4411,30.0342,2025-07-04T04:00:00Z,4,4,7_4,0,2025,7
186626,540,167,14648798,-99.4411,30.0342,2025-07-04T05:00:00Z,4,5,7_4,1.125,2025,7
186626,540,167,14648798,-99.4411,30.0342,2025-07-04T06:00:00Z,4,6,7_4,13.625,2025,7
186626,540,167,14648798,-99.4411,30.0342,2025-07-04T07:00:00Z,4,7,7_4,32.5,2025,7
186626,540,167,14648798,-99.4411,30.0342,2025-07-04T08:00:00Z,4,8,7_4,49.625,2025,7
186626,540,167,14648798,-99.4411,30.0342,2025-07-04T09:00:00Z,4,9,7_4,81.25,2025,7
186626,540,167,14648798,-99.4411,30.0342,2025-07-04T10:00:00Z,4,10,7_4,17.375,2025,7
186626,540,167,14648798,-99.4411,30.0342,2025-07-04T11:00:00Z,4,11,7_4,3.875,2025,7
186626,540,167,14648798,-99.4411,30.0342,2025-07-04T12:00:00Z,4,12,7_4,4.625,2025,7
186626,540,167,14648798,-99.4411,30.0342,2025-07-04T13:00:00Z,4,13,7_4,2.25,2025,7
186626,540,167,14648798,-99.4411,30.0342,2025-07-04T14:00:00Z,4,14,7_4,2.125,2025,7
186626,540,167,14648798,-99.4411,30.0342,2025-07-04T15:00:00Z,4,15,7_4,13.125,2025,7
186626,540,167,14648798,-99.4411,30.0342,2025-07-04T16:00:00Z,4,16,7_4,16.625,2025,7
186626,540,167,14648798,-99.4411,30.0342,2025-07-04T17:00:00Z,4,17,7_4,7.375,2025,7
186626,540,167,14648798,-99.4411,30.0342,2025-07-04T18:00:00Z,4,18,7_4,1.25,2025,7
186626,540,167,14648798,-99.4411,30.0342,2025-07-04T19:00:00Z,4,19,7_4,0.875,2025,7
186626,540,167,14648798,-99.4411,30.0342,2025-07-04T20:00:00Z,4,20,7_4,0.125,2025,7
186626,540,167,14648798,-99.4411,30.0342,2025-07-04T21:00:00Z,4,21,7_4,0.125,2025,7
186626,540,167,14648798,-99.4411,30.0342,2025-07-04T22:00:00Z,4,22,7_4,0.125,2025,7
186626,540,167,14648798,-99.4411,30.0342,2025-07-04T23:00:00Z,4,23,7_4,0,2025,7
186627,541,167,14647800,-99.4015,30.0308,2025-07-01T00:00:00Z,1,0,7_1,1.125,2025,7
186627,541,167,14647800,-99.4015,30.0308,2025-07-01T01:00:00Z,1,1,7_1,0.5,2025,7
186627,541,167,14647800,-99.4015,30.0308,2025-07-01T02:00:00Z,1,2,7_1,0,2025,7
186627,541,167,14647800,-99.4015,30.0308,2025-07-01T03:00:00Z,1,3,7_1,0,2025,7
186627,541,167,14647800,-99.4015,30.0308,2025-07-01T04:00:00Z,1,4,7_1,0,2025,7
186627,541,167,14647800,-99.4015,30.0308,2025-07-01T05:00:00Z,1,5,7_1,0,2025,7
186627,541,167,14647800,-99.4015,30.0308,2025-07-01T06:00:00Z,1,6,7_1,0,2025,7
186627,541,167,14647800,-99.4015,30.0308,2025-07-01T07:00:00Z,1,7,7_1,0.25,2025,7
186627,541,167,14647800,-99.4015,30.0308,2025-07-01T08:00:00Z,1,8,7_1,0.875,2025,7
186627,541,167,14647800,-99.4015,30.0308,2025-07-01T09:00:00Z,1,9,7_1,0.75,2025,7
186627,541,167,14647800,-99.4015,30.0308,2025-07-01T10:00:00Z,1,10,7_1,0.5,2025,7
186627,541,167,14647800,-99.4015,30.0308,2025-07-01T11:00:00Z,1,11,7_1,0,2025,7
186627,541,167,14647800,-99.4015,30.0308,2025-07-01T12:00:00Z,1,12,7_1,0,2025,7
186627,541,167,14647800,-99.4015,30.0308,2025-07-01T13:00:00Z,1,13,7_1,0,2025,7
186627,541,167,14647800,-99.4015,30.0308,2025-07-01T14:00:00Z,1,14,7_1,0,2025,7
186627,541,167,14647800,-99.4015,30.0308,2025-07-01T15:00:00Z,1,15,7_1,0,2025,7
186627,541,167,14647800,-99.4015,30.0308,2025-07-01T16:00:00Z,1,16,7_1,0,2025,7
186627,541,167,14647800,-99.4015,30.0308,2025-07-01T17:00:00Z,1,17,7_1,0,2025,7
186627,541,167,14647800,-99.4015,30.0308,2025-07-01T18:00:00Z,1,18,7_1,0,2025,7
186627,541,167,14647800,-99.4015,30.0308,2025-07-01T19:00:00Z,1,19,7_1,0,2025,7
186627,541,167,14647800,-99.4015,30.0308,2025-07-01T20:00:00Z,1,20,7_1,0,2025,7
186627,541,167,14647800,-99.4015,30.0308,2025-07-01T21:00:00Z,1,21,7_1,0,2025,7
186627,541,167,14647800,-99.4015,30.0308,2025-07-01T22:00:00Z,1,22,7_1,0,2025,7
186627,541,167,14647800,-99.4015,30.0308,2025-07-01T23:00:00Z,1,23,7_1,0,2025,7
186627,541,167,14647800,-99.4015,30.0308,2025-07-02T00:00:00Z,2,0,7_2,0,2025,7
186627,541,167,14647800,-99.4015,30.0308,2025-07-02T01:00:00Z,2,1,7_2,0.125,2025,7
186627,541,167,14647800,-99.4015,30.0308,2025-07-02T02:00:00Z,2,2,7_2,0.25,2025,7
186627,541,167,14647800,-99.4015,30.0308,2025-07-02T03:00:00Z,2,3,7_2,1.125,2025,7
186627,541,167,14647800,-99.4015,30.0308,2025-07-02T04:00:00Z,2,4,7_2,0.25,2025,7
186627,541,167,14647800,-99.4015,30.0308,2025-07-02T05:00:00Z,2,5,7_2,0,2025,7
186627,541,167,14647800,-99.4015,30.0308,2025-07-02T06:00:00Z,2,6,7_2,0,2025,7
186627,541,167,14647800,-99.4015,30.0308,2025-07-02T07:00:00Z,2,7,7_2,0,2025,7
186627,541,167,14647800,-99.4015,30.0308,2025-07-02T08:00:00Z,2,8,7_2,0,2025,7
186627,541,167,14647800,-99.4015,30.0308,2025-07-02T09:00:00Z,2,9,7_2,0,2025,7
186627,541,167,14647800,-99.4015,30.0308,2025-07-02T10:00:00Z,2,10,7_2,0,2025,7
186627,541,167,14647800,-99.4015,30.0308,2025-07-02T11:00:00Z,2,11,7_2,0,2025,7
186627,541,167,14647800,-99.4015,30.0308,2025-07-02T12:00:00Z,2,12,7_2,0.5,2025,7
186627,541,167,14647800,-99.4015,30.0308,2025-07-02T13:00:00Z,2,13,7_2,0.5,2025,7
186627,541,167,14647800,-99.4015,30.0308,2025-07-02T14:00:00Z,2,14,7_2,0.5,2025,7
186627,541,167,14647800,-99.4015,30.0308,2025-07-02T15:00:00Z,2,15,7_2,0.625,2025,7
186627,541,167,14647800,-99.4015,30.0308,2025-07-02T16:00:00Z,2,16,7_2,0,2025,7
186627,541,167,14647800,-99.4015,30.0308,2025-07-02T17:00:00Z,2,17,7_2,0.625,2025,7
186627,541,167,14647800,-99.4015,30.0308,2025-07-02T18:00:00Z,2,18,7_2,5.875,2025,7
186627,541,167,14647800,-99.4015,30.0308,2025-07-02T19:00:00Z,2,19,7_2,1,2025,7
186627,541,167,14647800,-99.4015,30.0308,2025-07-02T20:00:00Z,2,20,7_2,1.5,2025,7
186627,541,167,14647800,-99.4015,30.0308,2025-07-02T21:00:00Z,2,21,7_2,2,2025,7
186627,541,167,14647800,-99.4015,30.0308,2025-07-02T22:00:00Z,2,22,7_2,0,2025,7
186627,541,167,14647800,-99.4015,30.0308,2025-07-02T23:00:00Z,2,23,7_2,0,2025,7
186627,541,167,14647800,-99.4015,30.0308,2025-07-03T00:00:00Z,3,0,7_3,1,2025,7
186627,541,167,14647800,-99.4015,30.0308,2025-07-03T01:00:00Z,3,1,7_3,0,2025,7
186627,541,167,14647800,-99.4015,30.0308,2025-07-03T02:00:00Z,3,2,7_3,0,2025,7
186627,541,167,14647800,-99.4015,30.0308,2025-07-03T03:00:00Z,3,3,7_3,0,2025,7
186627,541,167,14647800,-99.4015,30.0308,2025-07-03T04:00:00Z,3,4,7_3,0,2025,7
186627,541,167,14647800,-99.4015,30.0308,2025-07-03T05:00:00Z,3,5,7_3,0,2025,7
186627,541,167,14647800,-99.4015,30.0308,2025-07-03T06:00:00Z,3,6,7_3,0,2025,7
186627,541,167,14647800,-99.4015,30.0308,2025-07-03T07:00:00Z,3,7,7_3,0,2025,7
186627,541,167,14647800,-99.4015,30.0308,2025-07-03T08:00:00Z,3,8,7_3,0,2025,7
186627,541,167,14647800,-99.4015,30.0308,2025-07-03T09:00:00Z,3,9,7_3,0,2025,7
186627,541,167,14647800,-99.4015,30.0308,2025-07-03T10:00:00Z,3,10,7_3,0.125,2025,7
186627,541,167,14647800,-99.4015,30.0308,2025-07-03T11:00:00Z,3,11,7_3,0,2025,7
186627,541,167,14647800,-99.4015,30.0308,2025-07-03T12:00:00Z,3,12,7_3,0,2025,7
186627,541,167,14647800,-99.4015,30.0308,2025-07-03T13:00:00Z,3,13,7_3,0,2025,7
186627,541,167,14647800,-99.4015,30.0308,2025-07-03T14:00:00Z,3,14,7_3,0,2025,7
186627,541,167,14647800,-99.4015,30.0308,2025-07-03T15:00:00Z,3,15,7_3,0,2025,7
186627,541,167,14647800,-99.4015,30.0308,2025-07-03T16:00:00Z,3,16,7_3,0.125,2025,7
186627,541,167,14647800,-99.4015,30.0308,2025-07-03T17:00:00Z,3,17,7_3,0,2025,7
186627,541,167,14647800,-99.4015,30.0308,2025-07-03T18:00:00Z,3,18,7_3,0,2025,7
186627,541,167,14647800,-99.4015,30.0308,2025-07-03T19:00:00Z,3,19,7_3,0.125,2025,7
186627,541,167,14647800,-99.4015,30.0308,2025-07-03T20:00:00Z,3,20,7_3,0.125,2025,7
186627,541,167,14647800,-99.4015,30.0308,2025-07-03T21:00:00Z,3,21,7_3,0,2025,7
186627,541,167,14647800,-99.4015,30.0308,2025-07-03T22:00:00Z,3,22,7_3,0,2025,7
186627,541,167,14647800,-99.4015,30.0308,2025-07-03T23:00:00Z,3,23,7_3,0,2025,7
186627,541,167,14647800,-99.4015,30.0308,2025-07-04T00:00:00Z,4,0,7_4,0,2025,7
186627,541,167,14647800,-99.4015,30.0308,2025-07-04T01:00:00Z,4,1,7_4,0,2025,7
186627,541,167,14647800,-99.4015,30.0308,2025-07-04T02:00:00Z,4,2,7_4,0,2025,7
186627,541,167,14647800,-99.4015,30.0308,2025-07-04T03:00:00Z,4,3,7_4,0,2025,7
186627,541,167,14647800,-99.4015,30.0308,2025-07-04T04:00:00Z,4,4,7_4,0,2025,7
186627,541,167,14647800,-99.4015,30.0308,2025-07-04T05:00:00Z,4,5,7_4,3.625,2025,7
186627,541,167,14647800,-99.4015,30.0308,2025-07-04T06:00:00Z,4,6,7_4,11.375,2025,7
186627,541,167,14647800,-99.4015,30.0308,2025-07-04T07:00:00Z,4,7,7_4,34.75,2025,7
186627,541,167,14647800,-99.4015,30.0308,2025-07-04T08:00:00Z,4,8,7_4,72.5,2025,7
186627,541,167,14647800,-99.4015,30.0308,2025-07-04T09:00:00Z,4,9,7_4,85.75,2025,7
186627,541,167,14647800,-99.4015,30.0308,2025-07-04T10:00:00Z,4,10,7_4,24.125,2025,7
186627,541,167,14647800,-99.4015,30.0308,2025-07-04T11:00:00Z,4,11,7_4,2.875,2025,7
186627,541,167,14647800,-99.4015,30.0308,2025-07-04T12:00:00Z,4,12,7_4,4.625,2025,7
186627,541,167,14647800,-99.4015,30.0308,2025-07-04T13:00:00Z,4,13,7_4,2,2025,7
186627,541,167,14647800,-99.4015,30.0308,2025-07-04T14:00:00Z,4,14,7_4,1.875,2025,7
186627,541,167,14647800,-99.4015,30.0308,2025-07-04T15:00:00Z,4,15,7_4,11.5,2025,7
186627,541,167,14647800,-99.4015,30.0308,2025-07-04T16:00:00Z,4,16,7_4,16.375,2025,7
186627,541,167,14647800,-99.4015,30.0308,2025-07-04T17:00:00Z,4,17,7_4,8,2025,7
186627,541,167,14647800,-99.4015,30.0308,2025-07-04T18:00:00Z,4,18,7_4,1.25,2025,7
186627,541,167,14647800,-99.4015,30.0308,2025-07-04T19:00:00Z,4,19,7_4,1.375,2025,7
186627,541,167,14647800,-99.4015,30.0308,2025-07-04T20:00:00Z,4,20,7_4,0.25,2025,7
186627,541,167,14647800,-99.4015,30.0308,2025-07-04T21:00:00Z,4,21,7_4,0.125,2025,7
186627,541,167,14647800,-99.4015,30.0308,2025-07-04T22:00:00Z,4,22,7_4,0.25,2025,7
186627,541,167,14647800,-99.4015,30.0308,2025-07-04T23:00:00Z,4,23,7_4,0,2025,7
186628,542,167,14646796,-99.3619,30.0274,2025-07-01T00:00:00Z,1,0,7_1,0.75,2025,7
186628,542,167,14646796,-99.3619,30.0274,2025-07-01T01:00:00Z,1,1,7_1,0.5,2025,7
186628,542,167,14646796,-99.3619,30.0274,2025-07-01T02:00:00Z,1,2,7_1,0,2025,7
186628,542,167,14646796,-99.3619,30.0274,2025-07-01T03:00:00Z,1,3,7_1,0,2025,7
186628,542,167,14646796,-99.3619,30.0274,2025-07-01T04:00:00Z,1,4,7_1,0,2025,7
186628,542,167,14646796,-99.3619,30.0274,2025-07-01T05:00:00Z,1,5,7_1,0,2025,7
186628,542,167,14646796,-99.3619,30.0274,2025-07-01T06:00:00Z,1,6,7_1,0,2025,7
186628,542,167,14646796,-99.3619,30.0274,2025-07-01T07:00:00Z,1,7,7_1,0,2025,7
186628,542,167,14646796,-99.3619,30.0274,2025-07-01T08:00:00Z,1,8,7_1,0.75,2025,7
186628,542,167,14646796,-99.3619,30.0274,2025-07-01T09:00:00Z,1,9,7_1,0.5,2025,7
186628,542,167,14646796,-99.3619,30.0274,2025-07-01T10:00:00Z,1,10,7_1,0.125,2025,7
186628,542,167,14646796,-99.3619,30.0274,2025-07-01T11:00:00Z,1,11,7_1,0,2025,7
186628,542,167,14646796,-99.3619,30.0274,2025-07-01T12:00:00Z,1,12,7_1,0,2025,7
186628,542,167,14646796,-99.3619,30.0274,2025-07-01T13:00:00Z,1,13,7_1,0,2025,7
186628,542,167,14646796,-99.3619,30.0274,2025-07-01T14:00:00Z,1,14,7_1,0,2025,7
186628,542,167,14646796,-99.3619,30.0274,2025-07-01T15:00:00Z,1,15,7_1,0,2025,7
186628,542,167,14646796,-99.3619,30.0274,2025-07-01T16:00:00Z,1,16,7_1,0,2025,7
186628,542,167,14646796,-99.3619,30.0274,2025-07-01T17:00:00Z,1,17,7_1,0,2025,7
186628,542,167,14646796,-99.3619,30.0274,2025-07-01T18:00:00Z,1,18,7_1,0,2025,7
186628,542,167,14646796,-99.3619,30.0274,2025-07-01T19:00:00Z,1,19,7_1,0,2025,7
186628,542,167,14646796,-99.3619,30.0274,2025-07-01T20:00:00Z,1,20,7_1,0,2025,7
186628,542,167,14646796,-99.3619,30.0274,2025-07-01T21:00:00Z,1,21,7_1,0,2025,7
186628,542,167,14646796,-99.3619,30.0274,2025-07-01T22:00:00Z,1,22,7_1,0,2025,7
186628,542,167,14646796,-99.3619,30.0274,2025-07-01T23:00:00Z,1,23,7_1,0,2025,7
186628,542,167,14646796,-99.3619,30.0274,2025-07-02T00:00:00Z,2,0,7_2,0,2025,7
186628,542,167,14646796,-99.3619,30.0274,2025-07-02T01:00:00Z,2,1,7_2,0,2025,7
186628,542,167,14646796,-99.3619,30.0274,2025-07-02T02:00:00Z,2,2,7_2,0.25,2025,7
186628,542,167,14646796,-99.3619,30.0274,2025-07-02T03:00:00Z,2,3,7_2,0.75,2025,7
186628,542,167,14646796,-99.3619,30.0274,2025-07-02T04:00:00Z,2,4,7_2,0,2025,7
186628,542,167,14646796,-99.3619,30.0274,2025-07-02T05:00:00Z,2,5,7_2,0,2025,7
186628,542,167,14646796,-99.3619,30.0274,2025-07-02T06:00:00Z,2,6,7_2,0,2025,7
186628,542,167,14646796,-99.3619,30.0274,2025-07-02T07:00:00Z,2,7,7_2,0,2025,7
186628,542,167,14646796,-99.3619,30.0274,2025-07-02T08:00:00Z,2,8,7_2,0,2025,7
186628,542,167,14646796,-99.3619,30.0274,2025-07-02T09:00:00Z,2,9,7_2,0,2025,7
186628,542,167,14646796,-99.3619,30.0274,2025-07-02T10:00:00Z,2,10,7_2,0,2025,7
186628,542,167,14646796,-99.3619,30.0274,2025-07-02T11:00:00Z,2,11,7_2,0,2025,7
186628,542,167,14646796,-99.3619,30.0274,2025-07-02T12:00:00Z,2,12,7_2,0.375,2025,7
186628,542,167,14646796,-99.3619,30.0274,2025-07-02T13:00:00Z,2,13,7_2,0.375,2025,7
186628,542,167,14646796,-99.3619,30.0274,2025-07-02T14:00:00Z,2,14,7_2,0.5,2025,7
186628,542,167,14646796,-99.3619,30.0274,2025-07-02T15:00:00Z,2,15,7_2,0.5,2025,7
186628,542,167,14646796,-99.3619,30.0274,2025-07-02T16:00:00Z,2,16,7_2,0,2025,7
186628,542,167,14646796,-99.3619,30.0274,2025-07-02T17:00:00Z,2,17,7_2,0.625,2025,7
186628,542,167,14646796,-99.3619,30.0274,2025-07-02T18:00:00Z,2,18,7_2,4.375,2025,7
186628,542,167,14646796,-99.3619,30.0274,2025-07-02T19:00:00Z,2,19,7_2,0.625,2025,7
186628,542,167,14646796,-99.3619,30.0274,2025-07-02T20:00:00Z,2,20,7_2,1.375,2025,7
186628,542,167,14646796,-99.3619,30.0274,2025-07-02T21:00:00Z,2,21,7_2,1.25,2025,7
186628,542,167,14646796,-99.3619,30.0274,2025-07-02T22:00:00Z,2,22,7_2,0,2025,7
186628,542,167,14646796,-99.3619,30.0274,2025-07-02T23:00:00Z,2,23,7_2,0,2025,7
186628,542,167,14646796,-99.3619,30.0274,2025-07-03T00:00:00Z,3,0,7_3,2.125,2025,7
186628,542,167,14646796,-99.3619,30.0274,2025-07-03T01:00:00Z,3,1,7_3,0,2025,7
186628,542,167,14646796,-99.3619,30.0274,2025-07-03T02:00:00Z,3,2,7_3,0,2025,7
186628,542,167,14646796,-99.3619,30.0274,2025-07-03T03:00:00Z,3,3,7_3,0,2025,7
186628,542,167,14646796,-99.3619,30.0274,2025-07-03T04:00:00Z,3,4,7_3,0,2025,7
186628,542,167,14646796,-99.3619,30.0274,2025-07-03T05:00:00Z,3,5,7_3,0,2025,7
186628,542,167,14646796,-99.3619,30.0274,2025-07-03T06:00:00Z,3,6,7_3,0,2025,7
186628,542,167,14646796,-99.3619,30.0274,2025-07-03T07:00:00Z,3,7,7_3,0,2025,7
186628,542,167,14646796,-99.3619,30.0274,2025-07-03T08:00:00Z,3,8,7_3,0,2025,7
186628,542,167,14646796,-99.3619,30.0274,2025-07-03T09:00:00Z,3,9,7_3,0,2025,7
186628,542,167,14646796,-99.3619,30.0274,2025-07-03T10:00:00Z,3,10,7_3,0.125,2025,7
186628,542,167,14646796,-99.3619,30.0274,2025-07-03T11:00:00Z,3,11,7_3,0,2025,7
186628,542,167,14646796,-99.3619,30.0274,2025-07-03T12:00:00Z,3,12,7_3,0,2025,7
186628,542,167,14646796,-99.3619,30.0274,2025-07-03T13:00:00Z,3,13,7_3,0,2025,7
186628,542,167,14646796,-99.3619,30.0274,2025-07-03T14:00:00Z,3,14,7_3,0,2025,7
186628,542,167,14646796,-99.3619,30.0274,2025-07-03T15:00:00Z,3,15,7_3,0,2025,7
186628,542,167,14646796,-99.3619,30.0274,2025-07-03T16:00:00Z,3,16,7_3,0.125,2025,7
186628,542,167,14646796,-99.3619,30.0274,2025-07-03T17:00:00Z,3,17,7_3,0,2025,7
186628,542,167,14646796,-99.3619,30.0274,2025-07-03T18:00:00Z,3,18,7_3,0,2025,7
186628,542,167,14646796,-99.3619,30.0274,2025-07-03T19:00:00Z,3,19,7_3,0.125,2025,7
186628,542,167,14646796,-99.3619,30.0274,2025-07-03T20:00:00Z,3,20,7_3,0.125,2025,7
186628,542,167,14646796,-99.3619,30.0274,2025-07-03T21:00:00Z,3,21,7_3,0,2025,7
186628,542,167,14646796,-99.3619,30.0274,2025-07-03T22:00:00Z,3,22,7_3,0,2025,7
186628,542,167,14646796,-99.3619,30.0274,2025-07-03T23:00:00Z,3,23,7_3,0,2025,7
186628,542,167,14646796,-99.3619,30.0274,2025-07-04T00:00:00Z,4,0,7_4,0,2025,7
186628,542,167,14646796,-99.3619,30.0274,2025-07-04T01:00:00Z,4,1,7_4,0,2025,7
186628,542,167,14646796,-99.3619,30.0274,2025-07-04T02:00:00Z,4,2,7_4,0,2025,7
186628,542,167,14646796,-99.3619,30.0274,2025-07-04T03:00:00Z,4,3,7_4,0,2025,7
186628,542,167,14646796,-99.3619,30.0274,2025-07-04T04:00:00Z,4,4,7_4,0,2025,7
186628,542,167,14646796,-99.3619,30.0274,2025-07-04T05:00:00Z,4,5,7_4,4.375,2025,7
186628,542,167,14646796,-99.3619,30.0274,2025-07-04T06:00:00Z,4,6,7_4,10.75,2025,7
186628,542,167,14646796,-99.3619,30.0274,2025-07-04T07:00:00Z,4,7,7_4,50.125,2025,7
186628,542,167,14646796,-99.3619,30.0274,2025-07-04T08:00:00Z,4,8,7_4,93,2025,7
186628,542,167,14646796,-99.3619,30.0274,2025-07-04T09:00:00Z,4,9,7_4,84.125,2025,7
186628,542,167,14646796,-99.3619,30.0274,2025-07-04T10:00:00Z,4,10,7_4,22,2025,7
186628,542,167,14646796,-99.3619,30.0274,2025-07-04T11:00:00Z,4,11,7_4,3,2025,7
186628,542,167,14646796,-99.3619,30.0274,2025-07-04T12:00:00Z,4,12,7_4,4.625,2025,7
186628,542,167,14646796,-99.3619,30.0274,2025-07-04T13:00:00Z,4,13,7_4,2,2025,7
186628,542,167,14646796,-99.3619,30.0274,2025-07-04T14:00:00Z,4,14,7_4,1.75,2025,7
186628,542,167,14646796,-99.3619,30.0274,2025-07-04T15:00:00Z,4,15,7_4,9,2025,7
186628,542,167,14646796,-99.3619,30.0274,2025-07-04T16:00:00Z,4,16,7_4,16.125,2025,7
186628,542,167,14646796,-99.3619,30.0274,2025-07-04T17:00:00Z,4,17,7_4,6.875,2025,7
186628,542,167,14646796,-99.3619,30.0274,2025-07-04T18:00:00Z,4,18,7_4,1.5,2025,7
186628,542,167,14646796,-99.3619,30.0274,2025-07-04T19:00:00Z,4,19,7_4,1.625,2025,7
186628,542,167,14646796,-99.3619,30.0274,2025-07-04T20:00:00Z,4,20,7_4,0.25,2025,7
186628,542,167,14646796,-99.3619,30.0274,2025-07-04T21:00:00Z,4,21,7_4,0.25,2025,7
186628,542,167,14646796,-99.3619,30.0274,2025-07-04T22:00:00Z,4,22,7_4,0.5,2025,7
186628,542,167,14646796,-99.3619,30.0274,2025-07-04T23:00:00Z,4,23,7_4,0,2025,7
186629,543,167,1434956,-99.3223,30.0241,2025-07-01T00:00:00Z,1,0,7_1,0.75,2025,7
186629,543,167,1434956,-99.3223,30.0241,2025-07-01T01:00:00Z,1,1,7_1,0.625,2025,7
186629,543,167,1434956,-99.3223,30.0241,2025-07-01T02:00:00Z,1,2,7_1,0,2025,7
186629,543,167,1434956,-99.3223,30.0241,2025-07-01T03:00:00Z,1,3,7_1,0,2025,7
186629,543,167,1434956,-99.3223,30.0241,2025-07-01T04:00:00Z,1,4,7_1,0,2025,7
186629,543,167,1434956,-99.3223,30.0241,2025-07-01T05:00:00Z,1,5,7_1,0,2025,7
186629,543,167,1434956,-99.3223,30.0241,2025-07-01T06:00:00Z,1,6,7_1,0,2025,7
186629,543,167,1434956,-99.3223,30.0241,2025-07-01T07:00:00Z,1,7,7_1,0,2025,7
186629,543,167,1434956,-99.3223,30.0241,2025-07-01T08:00:00Z,1,8,7_1,0.625,2025,7
186629,543,167,1434956,-99.3223,30.0241,2025-07-01T09:00:00Z,1,9,7_1,0.375,2025,7
186629,543,167,1434956,-99.3223,30.0241,2025-07-01T10:00:00Z,1,10,7_1,0,2025,7
186629,543,167,1434956,-99.3223,30.0241,2025-07-01T11:00:00Z,1,11,7_1,0,2025,7
186629,543,167,1434956,-99.3223,30.0241,2025-07-01T12:00:00Z,1,12,7_1,0,2025,7
186629,543,167,1434956,-99.3223,30.0241,2025-07-01T13:00:00Z,1,13,7_1,0,2025,7
186629,543,167,1434956,-99.3223,30.0241,2025-07-01T14:00:00Z,1,14,7_1,0,2025,7
186629,543,167,1434956,-99.3223,30.0241,2025-07-01T15:00:00Z,1,15,7_1,0,2025,7
186629,543,167,1434956,-99.3223,30.0241,2025-07-01T16:00:00Z,1,16,7_1,0,2025,7
186629,543,167,1434956,-99.3223,30.0241,2025-07-01T17:00:00Z,1,17,7_1,0,2025,7
186629,543,167,1434956,-99.3223,30.0241,2025-07-01T18:00:00Z,1,18,7_1,0,2025,7
186629,543,167,1434956,-99.3223,30.0241,2025-07-01T19:00:00Z,1,19,7_1,0,2025,7
186629,543,167,1434956,-99.3223,30.0241,2025-07-01T20:00:00Z,1,20,7_1,0,2025,7
186629,543,167,1434956,-99.3223,30.0241,2025-07-01T21:00:00Z,1,21,7_1,0,2025,7
186629,543,167,1434956,-99.3223,30.0241,2025-07-01T22:00:00Z,1,22,7_1,0,2025,7
186629,543,167,1434956,-99.3223,30.0241,2025-07-01T23:00:00Z,1,23,7_1,0,2025,7
186629,543,167,1434956,-99.3223,30.0241,2025-07-02T00:00:00Z,2,0,7_2,0,2025,7
186629,543,167,1434956,-99.3223,30.0241,2025-07-02T01:00:00Z,2,1,7_2,0,2025,7
186629,543,167,1434956,-99.3223,30.0241,2025-07-02T02:00:00Z,2,2,7_2,0.25,2025,7
186629,543,167,1434956,-99.3223,30.0241,2025-07-02T03:00:00Z,2,3,7_2,0.75,2025,7
186629,543,167,1434956,-99.3223,30.0241,2025-07-02T04:00:00Z,2,4,7_2,0,2025,7
186629,543,167,1434956,-99.3223,30.0241,2025-07-02T05:00:00Z,2,5,7_2,0,2025,7
186629,543,167,1434956,-99.3223,30.0241,2025-07-02T06:00:00Z,2,6,7_2,0,2025,7
186629,543,167,1434956,-99.3223,30.0241,2025-07-02T07:00:00Z,2,7,7_2,0,2025,7
186629,543,167,1434956,-99.3223,30.0241,2025-07-02T08:00:00Z,2,8,7_2,0,2025,7
186629,543,167,1434956,-99.3223,30.0241,2025-07-02T09:00:00Z,2,9,7_2,0,2025,7
186629,543,167,1434956,-99.3223,30.0241,2025-07-02T10:00:00Z,2,10,7_2,0,2025,7
186629,543,167,1434956,-99.3223,30.0241,2025-07-02T11:00:00Z,2,11,7_2,0,2025,7
186629,543,167,1434956,-99.3223,30.0241,2025-07-02T12:00:00Z,2,12,7_2,0.125,2025,7
186629,543,167,1434956,-99.3223,30.0241,2025-07-02T13:00:00Z,2,13,7_2,0.25,2025,7
186629,543,167,1434956,-99.3223,30.0241,2025-07-02T14:00:00Z,2,14,7_2,0.25,2025,7
186629,543,167,1434956,-99.3223,30.0241,2025-07-02T15:00:00Z,2,15,7_2,0.25,2025,7
186629,543,167,1434956,-99.3223,30.0241,2025-07-02T16:00:00Z,2,16,7_2,0,2025,7
186629,543,167,1434956,-99.3223,30.0241,2025-07-02T17:00:00Z,2,17,7_2,0.625,2025,7
186629,543,167,1434956,-99.3223,30.0241,2025-07-02T18:00:00Z,2,18,7_2,4,2025,7
186629,543,167,1434956,-99.3223,30.0241,2025-07-02T19:00:00Z,2,19,7_2,0.375,2025,7
186629,543,167,1434956,-99.3223,30.0241,2025-07-02T20:00:00Z,2,20,7_2,1.625,2025,7
186629,543,167,1434956,-99.3223,30.0241,2025-07-02T21:00:00Z,2,21,7_2,0.75,2025,7
186629,543,167,1434956,-99.3223,30.0241,2025-07-02T22:00:00Z,2,22,7_2,0,2025,7
186629,543,167,1434956,-99.3223,30.0241,2025-07-02T23:00:00Z,2,23,7_2,0,2025,7
186629,543,167,1434956,-99.3223,30.0241,2025-07-03T00:00:00Z,3,0,7_3,0.375,2025,7
186629,543,167,1434956,-99.3223,30.0241,2025-07-03T01:00:00Z,3,1,7_3,0,2025,7
186629,543,167,1434956,-99.3223,30.0241,2025-07-03T02:00:00Z,3,2,7_3,0,2025,7
186629,543,167,1434956,-99.3223,30.0241,2025-07-03T03:00:00Z,3,3,7_3,0,2025,7
186629,543,167,1434956,-99.3223,30.0241,2025-07-03T04:00:00Z,3,4,7_3,0,2025,7
186629,543,167,1434956,-99.3223,30.0241,2025-07-03T05:00:00Z,3,5,7_3,0,2025,7
186629,543,167,1434956,-99.3223,30.0241,2025-07-03T06:00:00Z,3,6,7_3,0,2025,7
186629,543,167,1434956,-99.3223,30.0241,2025-07-03T07:00:00Z,3,7,7_3,0,2025,7
186629,543,167,1434956,-99.3223,30.0241,2025-07-03T08:00:00Z,3,8,7_3,0,2025,7
186629,543,167,1434956,-99.3223,30.0241,2025-07-03T09:00:00Z,3,9,7_3,0,2025,7
186629,543,167,1434956,-99.3223,30.0241,2025-07-03T10:00:00Z,3,10,7_3,0,2025,7
186629,543,167,1434956,-99.3223,30.0241,2025-07-03T11:00:00Z,3,11,7_3,0,2025,7
186629,543,167,1434956,-99.3223,30.0241,2025-07-03T12:00:00Z,3,12,7_3,0,2025,7
186629,543,167,1434956,-99.3223,30.0241,2025-07-03T13:00:00Z,3,13,7_3,0,2025,7
186629,543,167,1434956,-99.3223,30.0241,2025-07-03T14:00:00Z,3,14,7_3,0,2025,7
186629,543,167,1434956,-99.3223,30.0241,2025-07-03T15:00:00Z,3,15,7_3,0.125,2025,7
186629,543,167,1434956,-99.3223,30.0241,2025-07-03T16:00:00Z,3,16,7_3,0.25,2025,7
186629,543,167,1434956,-99.3223,30.0241,2025-07-03T17:00:00Z,3,17,7_3,0,2025,7
186629,543,167,1434956,-99.3223,30.0241,2025-07-03T18:00:00Z,3,18,7_3,0,2025,7
186629,543,167,1434956,-99.3223,30.0241,2025-07-03T19:00:00Z,3,19,7_3,0.375,2025,7
186629,543,167,1434956,-99.3223,30.0241,2025-07-03T20:00:00Z,3,20,7_3,0.125,2025,7
186629,543,167,1434956,-99.3223,30.0241,2025-07-03T21:00:00Z,3,21,7_3,0,2025,7
186629,543,167,1434956,-99.3223,30.0241,2025-07-03T22:00:00Z,3,22,7_3,0,2025,7
186629,543,167,1434956,-99.3223,30.0241,2025-07-03T23:00:00Z,3,23,7_3,0,2025,7
186629,543,167,1434956,-99.3223,30.0241,2025-07-04T00:00:00Z,4,0,7_4,0,2025,7
186629,543,167,1434956,-99.3223,30.0241,2025-07-04T01:00:00Z,4,1,7_4,0,2025,7
186629,543,167,1434956,-99.3223,30.0241,2025-07-04T02:00:00Z,4,2,7_4,0,2025,7
186629,543,167,1434956,-99.3223,30.0241,2025-07-04T03:00:00Z,4,3,7_4,0,2025,7
186629,543,167,1434956,-99.3223,30.0241,2025-07-04T04:00:00Z,4,4,7_4,0,2025,7
186629,543,167,1434956,-99.3223,30.0241,2025-07-04T05:00:00Z,4,5,7_4,4.625,2025,7
186629,543,167,1434956,-99.3223,30.0241,2025-07-04T06:00:00Z,4,6,7_4,12.625,2025,7
186629,543,167,1434956,-99.3223,30.0241,2025-07-04T07:00:00Z,4,7,7_4,49.875,2025,7
186629,543,167,1434956,-99.3223,30.0241,2025-07-04T08:00:00Z,4,8,7_4,84.5,2025,7
186629,543,167,1434956,-99.3223,30.0241,2025-07-04T09:00:00Z,4,9,7_4,55,2025,7
186629,543,167,1434956,-99.3223,30.0241,2025-07-04T10:00:00Z,4,10,7_4,19.25,2025,7
186629,543,167,1434956,-99.3223,30.0241,2025-07-04T11:00:00Z,4,11,7_4,2.375,2025,7
186629,543,167,1434956,-99.3223,30.0241,2025-07-04T12:00:00Z,4,12,7_4,5.625,2025,7
186629,543,167,1434956,-99.3223,30.0241,2025-07-04T13:00:00Z,4,13,7_4,2,2025,7
186629,543,167,1434956,-99.3223,30.0241,2025-07-04T14:00:00Z,4,14,7_4,1.625,2025,7
186629,543,167,1434956,-99.3223,30.0241,2025-07-04T15:00:00Z,4,15,7_4,7.375,2025,7
186629,543,167,1434956,-99.3223,30.0241,2025-07-04T16:00:00Z,4,16,7_4,16.625,2025,7
186629,543,167,1434956,-99.3223,30.0241,2025-07-04T17:00:00Z,4,17,7_4,6.375,2025,7
186629,543,167,1434956,-99.3223,30.0241,2025-07-04T18:00:00Z,4,18,7_4,1.5,2025,7
186629,543,167,1434956,-99.3223,30.0241,2025-07-04T19:00:00Z,4,19,7_4,1.5,2025,7
186629,543,167,1434956,-99.3223,30.0241,2025-07-04T20:00:00Z,4,20,7_4,0.25,2025,7
186629,543,167,1434956,-99.3223,30.0241,2025-07-04T21:00:00Z,4,21,7_4,0.25,2025,7
186629,543,167,1434956,-99.3223,30.0241,2025-07-04T22:00:00Z,4,22,7_4,0.625,2025,7
186629,543,167,1434956,-99.3223,30.0241,2025-07-04T23:00:00Z,4,23,7_4,0,2025,7
187741,534,168,4397708,-99.675,30.0881,2025-07-01T00:00:00Z,1,0,7_1,2,2025,7
187741,534,168,4397708,-99.675,30.0881,2025-07-01T01:00:00Z,1,1,7_1,0.25,2025,7
187741,534,168,4397708,-99.675,30.0881,2025-07-01T02:00:00Z,1,2,7_1,0,2025,7
187741,534,168,4397708,-99.675,30.0881,2025-07-01T03:00:00Z,1,3,7_1,0,2025,7
187741,534,168,4397708,-99.675,30.0881,2025-07-01T04:00:00Z,1,4,7_1,0,2025,7
187741,534,168,4397708,-99.675,30.0881,2025-07-01T05:00:00Z,1,5,7_1,0,2025,7
187741,534,168,4397708,-99.675,30.0881,2025-07-01T06:00:00Z,1,6,7_1,0,2025,7
187741,534,168,4397708,-99.675,30.0881,2025-07-01T07:00:00Z,1,7,7_1,0,2025,7
187741,534,168,4397708,-99.675,30.0881,2025-07-01T08:00:00Z,1,8,7_1,0.25,2025,7
187741,534,168,4397708,-99.675,30.0881,2025-07-01T09:00:00Z,1,9,7_1,0.75,2025,7
187741,534,168,4397708,-99.675,30.0881,2025-07-01T10:00:00Z,1,10,7_1,1,2025,7
187741,534,168,4397708,-99.675,30.0881,2025-07-01T11:00:00Z,1,11,7_1,0.125,2025,7
187741,534,168,4397708,-99.675,30.0881,2025-07-01T12:00:00Z,1,12,7_1,0,2025,7
187741,534,168,4397708,-99.675,30.0881,2025-07-01T13:00:00Z,1,13,7_1,0,2025,7
187741,534,168,4397708,-99.675,30.0881,2025-07-01T14:00:00Z,1,14,7_1,0,2025,7
187741,534,168,4397708,-99.675,30.0881,2025-07-01T15:00:00Z,1,15,7_1,0,2025,7
187741,534,168,4397708,-99.675,30.0881,2025-07-01T16:00:00Z,1,16,7_1,0.125,2025,7
187741,534,168,4397708,-99.675,30.0881,2025-07-01T17:00:00Z,1,17,7_1,1,2025,7
187741,534,168,4397708,-99.675,30.0881,2025-07-01T18:00:00Z,1,18,7_1,0.125,2025,7
187741,534,168,4397708,-99.675,30.0881,2025-07-01T19:00:00Z,1,19,7_1,0.125,2025,7
187741,534,168,4397708,-99.675,30.0881,2025-07-01T20:00:00Z,1,20,7_1,0,2025,7
187741,534,168,4397708,-99.675,30.0881,2025-07-01T21:00:00Z,1,21,7_1,0.75,2025,7
187741,534,168,4397708,-99.675,30.0881,2025-07-01T22:00:00Z,1,22,7_1,0.25,2025,7
187741,534,168,4397708,-99.675,30.0881,2025-07-01T23:00:00Z,1,23,7_1,0,2025,7
187741,534,168,4397708,-99.675,30.0881,2025-07-02T00:00:00Z,2,0,7_2,0,2025,7
187741,534,168,4397708,-99.675,30.0881,2025-07-02T01:00:00Z,2,1,7_2,0,2025,7
187741,534,168,4397708,-99.675,30.0881,2025-07-02T02:00:00Z,2,2,7_2,0,2025,7
187741,534,168,4397708,-99.675,30.0881,2025-07-02T03:00:00Z,2,3,7_2,0,2025,7
187741,534,168,4397708,-99.675,30.0881,2025-07-02T04:00:00Z,2,4,7_2,0.75,2025,7
187741,534,168,4397708,-99.675,30.0881,2025-07-02T05:00:00Z,2,5,7_2,0,2025,7
187741,534,168,4397708,-99.675,30.0881,2025-07-02T06:00:00Z,2,6,7_2,0,2025,7
187741,534,168,4397708,-99.675,30.0881,2025-07-02T07:00:00Z,2,7,7_2,0,2025,7
187741,534,168,4397708,-99.675,30.0881,2025-07-02T08:00:00Z,2,8,7_2,0,2025,7
187741,534,168,4397708,-99.675,30.0881,2025-07-02T09:00:00Z,2,9,7_2,0,2025,7
187741,534,168,4397708,-99.675,30.0881,2025-07-02T10:00:00Z,2,10,7_2,0,2025,7
187741,534,168,4397708,-99.675,30.0881,2025-07-02T11:00:00Z,2,11,7_2,0,2025,7
187741,534,168,4397708,-99.675,30.0881,2025-07-02T12:00:00Z,2,12,7_2,0.125,2025,7
187741,534,168,4397708,-99.675,30.0881,2025-07-02T13:00:00Z,2,13,7_2,0.125,2025,7
187741,534,168,4397708,-99.675,30.0881,2025-07-02T14:00:00Z,2,14,7_2,1.25,2025,7
187741,534,168,4397708,-99.675,30.0881,2025-07-02T15:00:00Z,2,15,7_2,0,2025,7
187741,534,168,4397708,-99.675,30.0881,2025-07-02T16:00:00Z,2,16,7_2,0,2025,7
187741,534,168,4397708,-99.675,30.0881,2025-07-02T17:00:00Z,2,17,7_2,1.625,2025,7
187741,534,168,4397708,-99.675,30.0881,2025-07-02T18:00:00Z,2,18,7_2,3.125,2025,7
187741,534,168,4397708,-99.675,30.0881,2025-07-02T19:00:00Z,2,19,7_2,0.125,2025,7
187741,534,168,4397708,-99.675,30.0881,2025-07-02T20:00:00Z,2,20,7_2,6.25,2025,7
187741,534,168,4397708,-99.675,30.0881,2025-07-02T21:00:00Z,2,21,7_2,1.625,2025,7
187741,534,168,4397708,-99.675,30.0881,2025-07-02T22:00:00Z,2,22,7_2,1,2025,7
187741,534,168,4397708,-99.675,30.0881,2025-07-02T23:00:00Z,2,23,7_2,1.25,2025,7
187741,534,168,4397708,-99.675,30.0881,2025-07-03T00:00:00Z,3,0,7_3,0,2025,7
187741,534,168,4397708,-99.675,30.0881,2025-07-03T01:00:00Z,3,1,7_3,0,2025,7
187741,534,168,4397708,-99.675,30.0881,2025-07-03T02:00:00Z,3,2,7_3,0,2025,7
187741,534,168,4397708,-99.675,30.0881,2025-07-03T03:00:00Z,3,3,7_3,0,2025,7
187741,534,168,4397708,-99.675,30.0881,2025-07-03T04:00:00Z,3,4,7_3,0,2025,7
187741,534,168,4397708,-99.675,30.0881,2025-07-03T05:00:00Z,3,5,7_3,0,2025,7
187741,534,168,4397708,-99.675,30.0881,2025-07-03T06:00:00Z,3,6,7_3,0,2025,7
187741,534,168,4397708,-99.675,30.0881,2025-07-03T07:00:00Z,3,7,7_3,0,2025,7
187741,534,168,4397708,-99.675,30.0881,2025-07-03T08:00:00Z,3,8,7_3,0,2025,7
187741,534,168,4397708,-99.675,30.0881,2025-07-03T09:00:00Z,3,9,7_3,0,2025,7
187741,534,168,4397708,-99.675,30.0881,2025-07-03T10:00:00Z,3,10,7_3,0,2025,7
187741,534,168,4397708,-99.675,30.0881,2025-07-03T11:00:00Z,3,11,7_3,0,2025,7
187741,534,168,4397708,-99.675,30.0881,2025-07-03T12:00:00Z,3,12,7_3,0,2025,7
187741,534,168,4397708,-99.675,30.0881,2025-07-03T13:00:00Z,3,13,7_3,0,2025,7
187741,534,168,4397708,-99.675,30.0881,2025-07-03T14:00:00Z,3,14,7_3,0,2025,7
187741,534,168,4397708,-99.675,30.0881,2025-07-03T15:00:00Z,3,15,7_3,0,2025,7
187741,534,168,4397708,-99.675,30.0881,2025-07-03T16:00:00Z,3,16,7_3,0,2025,7
187741,534,168,4397708,-99.675,30.0881,2025-07-03T17:00:00Z,3,17,7_3,0,2025,7
187741,534,168,4397708,-99.675,30.0881,2025-07-03T18:00:00Z,3,18,7_3,1.375,2025,7
187741,534,168,4397708,-99.675,30.0881,2025-07-03T19:00:00Z,3,19,7_3,0,2025,7
187741,534,168,4397708,-99.675,30.0881,2025-07-03T20:00:00Z,3,20,7_3,0,2025,7
187741,534,168,4397708,-99.675,30.0881,2025-07-03T21:00:00Z,3,21,7_3,0,2025,7
187741,534,168,4397708,-99.675,30.0881,2025-07-03T22:00:00Z,3,22,7_3,0,2025,7
187741,534,168,4397708,-99.675,30.0881,2025-07-03T23:00:00Z,3,23,7_3,0,2025,7
187741,534,168,4397708,-99.675,30.0881,2025-07-04T00:00:00Z,4,0,7_4,0.125,2025,7
187741,534,168,4397708,-99.675,30.0881,2025-07-04T01:00:00Z,4,1,7_4,0,2025,7
187741,534,168,4397708,-99.675,30.0881,2025-07-04T02:00:00Z,4,2,7_4,0,2025,7
187741,534,168,4397708,-99.675,30.0881,2025-07-04T03:00:00Z,4,3,7_4,0,2025,7
187741,534,168,4397708,-99.675,30.0881,2025-07-04T04:00:00Z,4,4,7_4,0,2025,7
187741,534,168,4397708,-99.675,30.0881,2025-07-04T05:00:00Z,4,5,7_4,0.25,2025,7
187741,534,168,4397708,-99.675,30.0881,2025-07-04T06:00:00Z,4,6,7_4,0,2025,7
187741,534,168,4397708,-99.675,30.0881,2025-07-04T07:00:00Z,4,7,7_4,0,2025,7
187741,534,168,4397708,-99.675,30.0881,2025-07-04T08:00:00Z,4,8,7_4,1.75,2025,7
187741,534,168,4397708,-99.675,30.0881,2025-07-04T09:00:00Z,4,9,7_4,0.75,2025,7
187741,534,168,4397708,-99.675,30.0881,2025-07-04T10:00:00Z,4,10,7_4,7.5,2025,7
187741,534,168,4397708,-99.675,30.0881,2025-07-04T11:00:00Z,4,11,7_4,12.875,2025,7
187741,534,168,4397708,-99.675,30.0881,2025-07-04T12:00:00Z,4,12,7_4,16.875,2025,7
187741,534,168,4397708,-99.675,30.0881,2025-07-04T13:00:00Z,4,13,7_4,2,2025,7
187741,534,168,4397708,-99.675,30.0881,2025-07-04T14:00:00Z,4,14,7_4,4.125,2025,7
187741,534,168,4397708,-99.675,30.0881,2025-07-04T15:00:00Z,4,15,7_4,9.375,2025,7
187741,534,168,4397708,-99.675,30.0881,2025-07-04T16:00:00Z,4,16,7_4,11,2025,7
187741,534,168,4397708,-99.675,30.0881,2025-07-04T17:00:00Z,4,17,7_4,4.125,2025,7
187741,534,168,4397708,-99.675,30.0881,2025-07-04T18:00:00Z,4,18,7_4,0.375,2025,7
187741,534,168,4397708,-99.675,30.0881,2025-07-04T19:00:00Z,4,19,7_4,0,2025,7
187741,534,168,4397708,-99.675,30.0881,2025-07-04T20:00:00Z,4,20,7_4,0,2025,7
187741,534,168,4397708,-99.675,30.0881,2025-07-04T21:00:00Z,4,21,7_4,0,2025,7
187741,534,168,4397708,-99.675,30.0881,2025-07-04T22:00:00Z,4,22,7_4,0,2025,7
187741,534,168,4397708,-99.675,30.0881,2025-07-04T23:00:00Z,4,23,7_4,0,2025,7
187742,535,168,14307172,-99.6354,30.0849,2025-07-01T00:00:00Z,1,0,7_1,2.25,2025,7
187742,535,168,14307172,-99.6354,30.0849,2025-07-01T01:00:00Z,1,1,7_1,0.25,2025,7
187742,535,168,14307172,-99.6354,30.0849,2025-07-01T02:00:00Z,1,2,7_1,0,2025,7
187742,535,168,14307172,-99.6354,30.0849,2025-07-01T03:00:00Z,1,3,7_1,0,2025,7
187742,535,168,14307172,-99.6354,30.0849,2025-07-01T04:00:00Z,1,4,7_1,0,2025,7
187742,535,168,14307172,-99.6354,30.0849,2025-07-01T05:00:00Z,1,5,7_1,0,2025,7
187742,535,168,14307172,-99.6354,30.0849,2025-07-01T06:00:00Z,1,6,7_1,0,2025,7
187742,535,168,14307172,-99.6354,30.0849,2025-07-01T07:00:00Z,1,7,7_1,0,2025,7
187742,535,168,14307172,-99.6354,30.0849,2025-07-01T08:00:00Z,1,8,7_1,0.25,2025,7
187742,535,168,14307172,-99.6354,30.0849,2025-07-01T09:00:00Z,1,9,7_1,0.625,2025,7
187742,535,168,14307172,-99.6354,30.0849,2025-07-01T10:00:00Z,1,10,7_1,1,2025,7
187742,535,168,14307172,-99.6354,30.0849,2025-07-01T11:00:00Z,1,11,7_1,0,2025,7
187742,535,168,14307172,-99.6354,30.0849,2025-07-01T12:00:00Z,1,12,7_1,0,2025,7
187742,535,168,14307172,-99.6354,30.0849,2025-07-01T13:00:00Z,1,13,7_1,0,2025,7
187742,535,168,14307172,-99.6354,30.0849,2025-07-01T14:00:00Z,1,14,7_1,0,2025,7
187742,535,168,14307172,-99.6354,30.0849,2025-07-01T15:00:00Z,1,15,7_1,0,2025,7
187742,535,168,14307172,-99.6354,30.0849,2025-07-01T16:00:00Z,1,16,7_1,0,2025,7
187742,535,168,14307172,-99.6354,30.0849,2025-07-01T17:00:00Z,1,17,7_1,1,2025,7
187742,535,168,14307172,-99.6354,30.0849,2025-07-01T18:00:00Z,1,18,7_1,0.375,2025,7
187742,535,168,14307172,-99.6354,30.0849,2025-07-01T19:00:00Z,1,19,7_1,0.125,2025,7
187742,535,168,14307172,-99.6354,30.0849,2025-07-01T20:00:00Z,1,20,7_1,0,2025,7
187742,535,168,14307172,-99.6354,30.0849,2025-07-01T21:00:00Z,1,21,7_1,0.5,2025,7
187742,535,168,14307172,-99.6354,30.0849,2025-07-01T22:00:00Z,1,22,7_1,0,2025,7
187742,535,168,14307172,-99.6354,30.0849,2025-07-01T23:00:00Z,1,23,7_1,0,2025,7
187742,535,168,14307172,-99.6354,30.0849,2025-07-02T00:00:00Z,2,0,7_2,0,2025,7
187742,535,168,14307172,-99.6354,30.0849,2025-07-02T01:00:00Z,2,1,7_2,0,2025,7
187742,535,168,14307172,-99.6354,30.0849,2025-07-02T02:00:00Z,2,2,7_2,0,2025,7
187742,535,168,14307172,-99.6354,30.0849,2025-07-02T03:00:00Z,2,3,7_2,0,2025,7
187742,535,168,14307172,-99.6354,30.0849,2025-07-02T04:00:00Z,2,4,7_2,0.5,2025,7
187742,535,168,14307172,-99.6354,30.0849,2025-07-02T05:00:00Z,2,5,7_2,0,2025,7
187742,535,168,14307172,-99.6354,30.0849,2025-07-02T06:00:00Z,2,6,7_2,0,2025,7
187742,535,168,14307172,-99.6354,30.0849,2025-07-02T07:00:00Z,2,7,7_2,0,2025,7
187742,535,168,14307172,-99.6354,30.0849,2025-07-02T08:00:00Z,2,8,7_2,0,2025,7
187742,535,168,14307172,-99.6354,30.0849,2025-07-02T09:00:00Z,2,9,7_2,0,2025,7
187742,535,168,14307172,-99.6354,30.0849,2025-07-02T10:00:00Z,2,10,7_2,0,2025,7
187742,535,168,14307172,-99.6354,30.0849,2025-07-02T11:00:00Z,2,11,7_2,0,2025,7
187742,535,168,14307172,-99.6354,30.0849,2025-07-02T12:00:00Z,2,12,7_2,0.125,2025,7
187742,535,168,14307172,-99.6354,30.0849,2025-07-02T13:00:00Z,2,13,7_2,0.25,2025,7
187742,535,168,14307172,-99.6354,30.0849,2025-07-02T14:00:00Z,2,14,7_2,0.625,2025,7
187742,535,168,14307172,-99.6354,30.0849,2025-07-02T15:00:00Z,2,15,7_2,0,2025,7
187742,535,168,14307172,-99.6354,30.0849,2025-07-02T16:00:00Z,2,16,7_2,0,2025,7
187742,535,168,14307172,-99.6354,30.0849,2025-07-02T17:00:00Z,2,17,7_2,0.75,2025,7
187742,535,168,14307172,-99.6354,30.0849,2025-07-02T18:00:00Z,2,18,7_2,4.375,2025,7
187742,535,168,14307172,-99.6354,30.0849,2025-07-02T19:00:00Z,2,19,7_2,0.625,2025,7
187742,535,168,14307172,-99.6354,30.0849,2025-07-02T20:00:00Z,2,20,7_2,10.5,2025,7
187742,535,168,14307172,-99.6354,30.0849,2025-07-02T21:00:00Z,2,21,7_2,2.375,2025,7
187742,535,168,14307172,-99.6354,30.0849,2025-07-02T22:00:00Z,2,22,7_2,1.25,2025,7
187742,535,168,14307172,-99.6354,30.0849,2025-07-02T23:00:00Z,2,23,7_2,1,2025,7
187742,535,168,14307172,-99.6354,30.0849,2025-07-03T00:00:00Z,3,0,7_3,0,2025,7
187742,535,168,14307172,-99.6354,30.0849,2025-07-03T01:00:00Z,3,1,7_3,0,2025,7
187742,535,168,14307172,-99.6354,30.0849,2025-07-03T02:00:00Z,3,2,7_3,0,2025,7
187742,535,168,14307172,-99.6354,30.0849,2025-07-03T03:00:00Z,3,3,7_3,0,2025,7
187742,535,168,14307172,-99.6354,30.0849,2025-07-03T04:00:00Z,3,4,7_3,0,2025,7
187742,535,168,14307172,-99.6354,30.0849,2025-07-03T05:00:00Z,3,5,7_3,0,2025,7
187742,535,168,14307172,-99.6354,30.0849,2025-07-03T06:00:00Z,3,6,7_3,0,2025,7
187742,535,168,14307172,-99.6354,30.0849,2025-07-03T07:00:00Z,3,7,7_3,0,2025,7
187742,535,168,14307172,-99.6354,30.0849,2025-07-03T08:00:00Z,3,8,7_3,0,2025,7
187742,535,168,14307172,-99.6354,30.0849,2025-07-03T09:00:00Z,3,9,7_3,0,2025,7
187742,535,168,14307172,-99.6354,30.0849,2025-07-03T10:00:00Z,3,10,7_3,0,2025,7
187742,535,168,14307172,-99.6354,30.0849,2025-07-03T11:00:00Z,3,11,7_3,0,2025,7
187742,535,168,14307172,-99.6354,30.0849,2025-07-03T12:00:00Z,3,12,7_3,0,2025,7
187742,535,168,14307172,-99.6354,30.0849,2025-07-03T13:00:00Z,3,13,7_3,0,2025,7
187742,535,168,14307172,-99.6354,30.0849,2025-07-03T14:00:00Z,3,14,7_3,0,2025,7
187742,535,168,14307172,-99.6354,30.0849,2025-07-03T15:00:00Z,3,15,7_3,0,2025,7
187742,535,168,14307172,-99.6354,30.0849,2025-07-03T16:00:00Z,3,16,7_3,0,2025,7
187742,535,168,14307172,-99.6354,30.0849,2025-07-03T17:00:00Z,3,17,7_3,0,2025,7
187742,535,168,14307172,-99.6354,30.0849,2025-07-03T18:00:00Z,3,18,7_3,1.25,2025,7
187742,535,168,14307172,-99.6354,30.0849,2025-07-03T19:00:00Z,3,19,7_3,0,2025,7
187742,535,168,14307172,-99.6354,30.0849,2025-07-03T20:00:00Z,3,20,7_3,0.25,2025,7
187742,535,168,14307172,-99.6354,30.0849,2025-07-03T21:00:00Z,3,21,7_3,0,2025,7
187742,535,168,14307172,-99.6354,30.0849,2025-07-03T22:00:00Z,3,22,7_3,0,2025,7
187742,535,168,14307172,-99.6354,30.0849,2025-07-03T23:00:00Z,3,23,7_3,0,2025,7
187742,535,168,14307172,-99.6354,30.0849,2025-07-04T00:00:00Z,4,0,7_4,0.125,2025,7
187742,535,168,14307172,-99.6354,30.0849,2025-07-04T01:00:00Z,4,1,7_4,0,2025,7
187742,535,168,14307172,-99.6354,30.0849,2025-07-04T02:00:00Z,4,2,7_4,0,2025,7
187742,535,168,14307172,-99.6354,30.0849,2025-07-04T03:00:00Z,4,3,7_4,0,2025,7
187742,535,168,14307172,-99.6354,30.0849,2025-07-04T04:00:00Z,4,4,7_4,0,2025,7
187742,535,168,14307172,-99.6354,30.0849,2025-07-04T05:00:00Z,4,5,7_4,0.25,2025,7
187742,535,168,14307172,-99.6354,30.0849,2025-07-04T06:00:00Z,4,6,7_4,0,2025,7
187742,535,168,14307172,-99.6354,30.0849,2025-07-04T07:00:00Z,4,7,7_4,0,2025,7
187742,535,168,14307172,-99.6354,30.0849,2025-07-04T08:00:00Z,4,8,7_4,7.125,2025,7
187742,535,168,14307172,-99.6354,30.0849,2025-07-04T09:00:00Z,4,9,7_4,5,2025,7
187742,535,168,14307172,-99.6354,30.0849,2025-07-04T10:00:00Z,4,10,7_4,6.25,2025,7
187742,535,168,14307172,-99.6354,30.0849,2025-07-04T11:00:00Z,4,11,7_4,13.25,2025,7
187742,535,168,14307172,-99.6354,30.0849,2025-07-04T12:00:00Z,4,12,7_4,15.25,2025,7
187742,535,168,14307172,-99.6354,30.0849,2025-07-04T13:00:00Z,4,13,7_4,2.25,2025,7
187742,535,168,14307172,-99.6354,30.0849,2025-07-04T14:00:00Z,4,14,7_4,4.875,2025,7
187742,535,168,14307172,-99.6354,30.0849,2025-07-04T15:00:00Z,4,15,7_4,9.75,2025,7
187742,535,168,14307172,-99.6354,30.0849,2025-07-04T16:00:00Z,4,16,7_4,12.5,2025,7
187742,535,168,14307172,-99.6354,30.0849,2025-07-04T17:00:00Z,4,17,7_4,5,2025,7
187742,535,168,14307172,-99.6354,30.0849,2025-07-04T18:00:00Z,4,18,7_4,0.5,2025,7
187742,535,168,14307172,-99.6354,30.0849,2025-07-04T19:00:00Z,4,19,7_4,0,2025,7
187742,535,168,14307172,-99.6354,30.0849,2025-07-04T20:00:00Z,4,20,7_4,0,2025,7
187742,535,168,14307172,-99.6354,30.0849,2025-07-04T21:00:00Z,4,21,7_4,0,2025,7
187742,535,168,14307172,-99.6354,30.0849,2025-07-04T22:00:00Z,4,22,7_4,0,2025,7
187742,535,168,14307172,-99.6354,30.0849,2025-07-04T23:00:00Z,4,23,7_4,0,2025,7
187743,536,168,14662938,-99.5957,30.0816,2025-07-01T00:00:00Z,1,0,7_1,2.125,2025,7
187743,536,168,14662938,-99.5957,30.0816,2025-07-01T01:00:00Z,1,1,7_1,0.25,2025,7
187743,536,168,14662938,-99.5957,30.0816,2025-07-01T02:00:00Z,1,2,7_1,0,2025,7
187743,536,168,14662938,-99.5957,30.0816,2025-07-01T03:00:00Z,1,3,7_1,0,2025,7
187743,536,168,14662938,-99.5957,30.0816,2025-07-01T04:00:00Z,1,4,7_1,0,2025,7
187743,536,168,14662938,-99.5957,30.0816,2025-07-01T05:00:00Z,1,5,7_1,0,2025,7
187743,536,168,14662938,-99.5957,30.0816,2025-07-01T06:00:00Z,1,6,7_1,0,2025,7
187743,536,168,14662938,-99.5957,30.0816,2025-07-01T07:00:00Z,1,7,7_1,0,2025,7
187743,536,168,14662938,-99.5957,30.0816,2025-07-01T08:00:00Z,1,8,7_1,0.125,2025,7
187743,536,168,14662938,-99.5957,30.0816,2025-07-01T09:00:00Z,1,9,7_1,0.375,2025,7
187743,536,168,14662938,-99.5957,30.0816,2025-07-01T10:00:00Z,1,10,7_1,1.125,2025,7
187743,536,168,14662938,-99.5957,30.0816,2025-07-01T11:00:00Z,1,11,7_1,0,2025,7
187743,536,168,14662938,-99.5957,30.0816,2025-07-01T12:00:00Z,1,12,7_1,0,2025,7
187743,536,168,14662938,-99.5957,30.0816,2025-07-01T13:00:00Z,1,13,7_1,0,2025,7
187743,536,168,14662938,-99.5957,30.0816,2025-07-01T14:00:00Z,1,14,7_1,0,2025,7
187743,536,168,14662938,-99.5957,30.0816,2025-07-01T15:00:00Z,1,15,7_1,0,2025,7
187743,536,168,14662938,-99.5957,30.0816,2025-07-01T16:00:00Z,1,16,7_1,0,2025,7
187743,536,168,14662938,-99.5957,30.0816,2025-07-01T17:00:00Z,1,17,7_1,1,2025,7
187743,536,168,14662938,-99.5957,30.0816,2025-07-01T18:00:00Z,1,18,7_1,0.375,2025,7
187743,536,168,14662938,-99.5957,30.0816,2025-07-01T19:00:00Z,1,19,7_1,0,2025,7
187743,536,168,14662938,-99.5957,30.0816,2025-07-01T20:00:00Z,1,20,7_1,0,2025,7
187743,536,168,14662938,-99.5957,30.0816,2025-07-01T21:00:00Z,1,21,7_1,0.25,2025,7
187743,536,168,14662938,-99.5957,30.0816,2025-07-01T22:00:00Z,1,22,7_1,0,2025,7
187743,536,168,14662938,-99.5957,30.0816,2025-07-01T23:00:00Z,1,23,7_1,0,2025,7
187743,536,168,14662938,-99.5957,30.0816,2025-07-02T00:00:00Z,2,0,7_2,0,2025,7
187743,536,168,14662938,-99.5957,30.0816,2025-07-02T01:00:00Z,2,1,7_2,0,2025,7
187743,536,168,14662938,-99.5957,30.0816,2025-07-02T02:00:00Z,2,2,7_2,0,2025,7
187743,536,168,14662938,-99.5957,30.0816,2025-07-02T03:00:00Z,2,3,7_2,0.375,2025,7
187743,536,168,14662938,-99.5957,30.0816,2025-07-02T04:00:00Z,2,4,7_2,0.5,2025,7
187743,536,168,14662938,-99.5957,30.0816,2025-07-02T05:00:00Z,2,5,7_2,0,2025,7
187743,536,168,14662938,-99.5957,30.0816,2025-07-02T06:00:00Z,2,6,7_2,0,2025,7
187743,536,168,14662938,-99.5957,30.0816,2025-07-02T07:00:00Z,2,7,7_2,0,2025,7
187743,536,168,14662938,-99.5957,30.0816,2025-07-02T08:00:00Z,2,8,7_2,0,2025,7
187743,536,168,14662938,-99.5957,30.0816,2025-07-02T09:00:00Z,2,9,7_2,0,2025,7
187743,536,168,14662938,-99.5957,30.0816,2025-07-02T10:00:00Z,2,10,7_2,0,2025,7
187743,536,168,14662938,-99.5957,30.0816,2025-07-02T11:00:00Z,2,11,7_2,0,2025,7
187743,536,168,14662938,-99.5957,30.0816,2025-07-02T12:00:00Z,2,12,7_2,0,2025,7
187743,536,168,14662938,-99.5957,30.0816,2025-07-02T13:00:00Z,2,13,7_2,0.25,2025,7
187743,536,168,14662938,-99.5957,30.0816,2025-07-02T14:00:00Z,2,14,7_2,0,2025,7
187743,536,168,14662938,-99.5957,30.0816,2025-07-02T15:00:00Z,2,15,7_2,0,2025,7
187743,536,168,14662938,-99.5957,30.0816,2025-07-02T16:00:00Z,2,16,7_2,0,2025,7
187743,536,168,14662938,-99.5957,30.0816,2025-07-02T17:00:00Z,2,17,7_2,0.125,2025,7
187743,536,168,14662938,-99.5957,30.0816,2025-07-02T18:00:00Z,2,18,7_2,3,2025,7
187743,536,168,14662938,-99.5957,30.0816,2025-07-02T19:00:00Z,2,19,7_2,0.375,2025,7
187743,536,168,14662938,-99.5957,30.0816,2025-07-02T20:00:00Z,2,20,7_2,13.625,2025,7
187743,536,168,14662938,-99.5957,30.0816,2025-07-02T21:00:00Z,2,21,7_2,2.625,2025,7
187743,536,168,14662938,-99.5957,30.0816,2025-07-02T22:00:00Z,2,22,7_2,1.5,2025,7
187743,536,168,14662938,-99.5957,30.0816,2025-07-02T23:00:00Z,2,23,7_2,0.75,2025,7
187743,536,168,14662938,-99.5957,30.0816,2025-07-03T00:00:00Z,3,0,7_3,0,2025,7
187743,536,168,14662938,-99.5957,30.0816,2025-07-03T01:00:00Z,3,1,7_3,0,2025,7
187743,536,168,14662938,-99.5957,30.0816,2025-07-03T02:00:00Z,3,2,7_3,0,2025,7
187743,536,168,14662938,-99.5957,30.0816,2025-07-03T03:00:00Z,3,3,7_3,0,2025,7
187743,536,168,14662938,-99.5957,30.0816,2025-07-03T04:00:00Z,3,4,7_3,0,2025,7
187743,536,168,14662938,-99.5957,30.0816,2025-07-03T05:00:00Z,3,5,7_3,0,2025,7
187743,536,168,14662938,-99.5957,30.0816,2025-07-03T06:00:00Z,3,6,7_3,0,2025,7
187743,536,168,14662938,-99.5957,30.0816,2025-07-03T07:00:00Z,3,7,7_3,0,2025,7
187743,536,168,14662938,-99.5957,30.0816,2025-07-03T08:00:00Z,3,8,7_3,0,2025,7
187743,536,168,14662938,-99.5957,30.0816,2025-07-03T09:00:00Z,3,9,7_3,0,2025,7
187743,536,168,14662938,-99.5957,30.0816,2025-07-03T10:00:00Z,3,10,7_3,0,2025,7
187743,536,168,14662938,-99.5957,30.0816,2025-07-03T11:00:00Z,3,11,7_3,0,2025,7
187743,536,168,14662938,-99.5957,30.0816,2025-07-03T12:00:00Z,3,12,7_3,0,2025,7
187743,536,168,14662938,-99.5957,30.0816,2025-07-03T13:00:00Z,3,13,7_3,0,2025,7
187743,536,168,14662938,-99.5957,30.0816,2025-07-03T14:00:00Z,3,14,7_3,0,2025,7
187743,536,168,14662938,-99.5957,30.0816,2025-07-03T15:00:00Z,3,15,7_3,0,2025,7
187743,536,168,14662938,-99.5957,30.0816,2025-07-03T16:00:00Z,3,16,7_3,0,2025,7
187743,536,168,14662938,-99.5957,30.0816,2025-07-03T17:00:00Z,3,17,7_3,0,2025,7
187743,536,168,14662938,-99.5957,30.0816,2025-07-03T18:00:00Z,3,18,7_3,0.375,2025,7
187743,536,168,14662938,-99.5957,30.0816,2025-07-03T19:00:00Z,3,19,7_3,0,2025,7
187743,536,168,14662938,-99.5957,30.0816,2025-07-03T20:00:00Z,3,20,7_3,0.125,2025,7
187743,536,168,14662938,-99.5957,30.0816,2025-07-03T21:00:00Z,3,21,7_3,0,2025,7
187743,536,168,14662938,-99.5957,30.0816,2025-07-03T22:00:00Z,3,22,7_3,0,2025,7
187743,536,168,14662938,-99.5957,30.0816,2025-07-03T23:00:00Z,3,23,7_3,0,2025,7
187743,536,168,14662938,-99.5957,30.0816,2025-07-04T00:00:00Z,4,0,7_4,0,2025,7
187743,536,168,14662938,-99.5957,30.0816,2025-07-04T01:00:00Z,4,1,7_4,0,2025,7
187743,536,168,14662938,-99.5957,30.0816,2025-07-04T02:00:00Z,4,2,7_4,0,2025,7
187743,536,168,14662938,-99.5957,30.0816,2025-07-04T03:00:00Z,4,3,7_4,0,2025,7
187743,536,168,14662938,-99.5957,30.0816,2025-07-04T04:00:00Z,4,4,7_4,0,2025,7
187743,536,168,14662938,-99.5957,30.0816,2025-07-04T05:00:00Z,4,5,7_4,0.375,2025,7
187743,536,168,14662938,-99.5957,30.0816,2025-07-04T06:00:00Z,4,6,7_4,0.125,2025,7
187743,536,168,14662938,-99.5957,30.0816,2025-07-04T07:00:00Z,4,7,7_4,1.375,2025,7
187743,536,168,14662938,-99.5957,30.0816,2025-07-04T08:00:00Z,4,8,7_4,11.25,2025,7
187743,536,168,14662938,-99.5957,30.0816,2025-07-04T09:00:00Z,4,9,7_4,13.25,2025,7
187743,536,168,14662938,-99.5957,30.0816,2025-07-04T10:00:00Z,4,10,7_4,4.75,2025,7
187743,536,168,14662938,-99.5957,30.0816,2025-07-04T11:00:00Z,4,11,7_4,9.375,2025,7
187743,536,168,14662938,-99.5957,30.0816,2025-07-04T12:00:00Z,4,12,7_4,11.75,2025,7
187743,536,168,14662938,-99.5957,30.0816,2025-07-04T13:00:00Z,4,13,7_4,2.625,2025,7
187743,536,168,14662938,-99.5957,30.0816,2025-07-04T14:00:00Z,4,14,7_4,5,2025,7
187743,536,168,14662938,-99.5957,30.0816,2025-07-04T15:00:00Z,4,15,7_4,9.5,2025,7
187743,536,168,14662938,-99.5957,30.0816,2025-07-04T16:00:00Z,4,16,7_4,15.125,2025,7
187743,536,168,14662938,-99.5957,30.0816,2025-07-04T17:00:00Z,4,17,7_4,5.5,2025,7
187743,536,168,14662938,-99.5957,30.0816,2025-07-04T18:00:00Z,4,18,7_4,0.75,2025,7
187743,536,168,14662938,-99.5957,30.0816,2025-07-04T19:00:00Z,4,19,7_4,0.125,2025,7
187743,536,168,14662938,-99.5957,30.0816,2025-07-04T20:00:00Z,4,20,7_4,0,2025,7
187743,536,168,14662938,-99.5957,30.0816,2025-07-04T21:00:00Z,4,21,7_4,0,2025,7
187743,536,168,14662938,-99.5957,30.0816,2025-07-04T22:00:00Z,4,22,7_4,0,2025,7
187743,536,168,14662938,-99.5957,30.0816,2025-07-04T23:00:00Z,4,23,7_4,0,2025,7
187744,537,168,14661968,-99.5561,30.0784,2025-07-01T00:00:00Z,1,0,7_1,2.5,2025,7
187744,537,168,14661968,-99.5561,30.0784,2025-07-01T01:00:00Z,1,1,7_1,0.25,2025,7
187744,537,168,14661968,-99.5561,30.0784,2025-07-01T02:00:00Z,1,2,7_1,0,2025,7
187744,537,168,14661968,-99.5561,30.0784,2025-07-01T03:00:00Z,1,3,7_1,0,2025,7
187744,537,168,14661968,-99.5561,30.0784,2025-07-01T04:00:00Z,1,4,7_1,0,2025,7
187744,537,168,14661968,-99.5561,30.0784,2025-07-01T05:00:00Z,1,5,7_1,0,2025,7
187744,537,168,14661968,-99.5561,30.0784,2025-07-01T06:00:00Z,1,6,7_1,0,2025,7
187744,537,168,14661968,-99.5561,30.0784,2025-07-01T07:00:00Z,1,7,7_1,0,2025,7
187744,537,168,14661968,-99.5561,30.0784,2025-07-01T08:00:00Z,1,8,7_1,0.5,2025,7
187744,537,168,14661968,-99.5561,30.0784,2025-07-01T09:00:00Z,1,9,7_1,0.375,2025,7
187744,537,168,14661968,-99.5561,30.0784,2025-07-01T10:00:00Z,1,10,7_1,1.75,2025,7
187744,537,168,14661968,-99.5561,30.0784,2025-07-01T11:00:00Z,1,11,7_1,0.125,2025,7
187744,537,168,14661968,-99.5561,30.0784,2025-07-01T12:00:00Z,1,12,7_1,0,2025,7
187744,537,168,14661968,-99.5561,30.0784,2025-07-01T13:00:00Z,1,13,7_1,0,2025,7
187744,537,168,14661968,-99.5561,30.0784,2025-07-01T14:00:00Z,1,14,7_1,0,2025,7
187744,537,168,14661968,-99.5561,30.0784,2025-07-01T15:00:00Z,1,15,7_1,0,2025,7
187744,537,168,14661968,-99.5561,30.0784,2025-07-01T16:00:00Z,1,16,7_1,0,2025,7
187744,537,168,14661968,-99.5561,30.0784,2025-07-01T17:00:00Z,1,17,7_1,1,2025,7
187744,537,168,14661968,-99.5561,30.0784,2025-07-01T18:00:00Z,1,18,7_1,0.375,2025,7
187744,537,168,14661968,-99.5561,30.0784,2025-07-01T19:00:00Z,1,19,7_1,0.125,2025,7
187744,537,168,14661968,-99.5561,30.0784,2025-07-01T20:00:00Z,1,20,7_1,0,2025,7
187744,537,168,14661968,-99.5561,30.0784,2025-07-01T21:00:00Z,1,21,7_1,0,2025,7
187744,537,168,14661968,-99.5561,30.0784,2025-07-01T22:00:00Z,1,22,7_1,0,2025,7
187744,537,168,14661968,-99.5561,30.0784,2025-07-01T23:00:00Z,1,23,7_1,0,2025,7
187744,537,168,14661968,-99.5561,30.0784,2025-07-02T00:00:00Z,2,0,7_2,0,2025,7
187744,537,168,14661968,-99.5561,30.0784,2025-07-02T01:00:00Z,2,1,7_2,0,2025,7
187744,537,168,14661968,-99.5561,30.0784,2025-07-02T02:00:00Z,2,2,7_2,0,2025,7
187744,537,168,14661968,-99.5561,30.0784,2025-07-02T03:00:00Z,2,3,7_2,0.625,2025,7
187744,537,168,14661968,-99.5561,30.0784,2025-07-02T04:00:00Z,2,4,7_2,0.625,2025,7
187744,537,168,14661968,-99.5561,30.0784,2025-07-02T05:00:00Z,2,5,7_2,0,2025,7
187744,537,168,14661968,-99.5561,30.0784,2025-07-02T06:00:00Z,2,6,7_2,0,2025,7
187744,537,168,14661968,-99.5561,30.0784,2025-07-02T07:00:00Z,2,7,7_2,0,2025,7
187744,537,168,14661968,-99.5561,30.0784,2025-07-02T08:00:00Z,2,8,7_2,0,2025,7
187744,537,168,14661968,-99.5561,30.0784,2025-07-02T09:00:00Z,2,9,7_2,0,2025,7
187744,537,168,14661968,-99.5561,30.0784,2025-07-02T10:00:00Z,2,10,7_2,0,2025,7
187744,537,168,14661968,-99.5561,30.0784,2025-07-02T11:00:00Z,2,11,7_2,0,2025,7
187744,537,168,14661968,-99.5561,30.0784,2025-07-02T12:00:00Z,2,12,7_2,0.125,2025,7
187744,537,168,14661968,-99.5561,30.0784,2025-07-02T13:00:00Z,2,13,7_2,0,2025,7
187744,537,168,14661968,-99.5561,30.0784,2025-07-02T14:00:00Z,2,14,7_2,0,2025,7
187744,537,168,14661968,-99.5561,30.0784,2025-07-02T15:00:00Z,2,15,7_2,0,2025,7
187744,537,168,14661968,-99.5561,30.0784,2025-07-02T16:00:00Z,2,16,7_2,0,2025,7
187744,537,168,14661968,-99.5561,30.0784,2025-07-02T17:00:00Z,2,17,7_2,0.375,2025,7
187744,537,168,14661968,-99.5561,30.0784,2025-07-02T18:00:00Z,2,18,7_2,3.25,2025,7
187744,537,168,14661968,-99.5561,30.0784,2025-07-02T19:00:00Z,2,19,7_2,0.25,2025,7
187744,537,168,14661968,-99.5561,30.0784,2025-07-02T20:00:00Z,2,20,7_2,10.375,2025,7
187744,537,168,14661968,-99.5561,30.0784,2025-07-02T21:00:00Z,2,21,7_2,3.125,2025,7
187744,537,168,14661968,-99.5561,30.0784,2025-07-02T22:00:00Z,2,22,7_2,1.75,2025,7
187744,537,168,14661968,-99.5561,30.0784,2025-07-02T23:00:00Z,2,23,7_2,0.625,2025,7
187744,537,168,14661968,-99.5561,30.0784,2025-07-03T00:00:00Z,3,0,7_3,0.375,2025,7
187744,537,168,14661968,-99.5561,30.0784,2025-07-03T01:00:00Z,3,1,7_3,0,2025,7
187744,537,168,14661968,-99.5561,30.0784,2025-07-03T02:00:00Z,3,2,7_3,0,2025,7
187744,537,168,14661968,-99.5561,30.0784,2025-07-03T03:00:00Z,3,3,7_3,0,2025,7
187744,537,168,14661968,-99.5561,30.0784,2025-07-03T04:00:00Z,3,4,7_3,0,2025,7
187744,537,168,14661968,-99.5561,30.0784,2025-07-03T05:00:00Z,3,5,7_3,0,2025,7
187744,537,168,14661968,-99.5561,30.0784,2025-07-03T06:00:00Z,3,6,7_3,0,2025,7
187744,537,168,14661968,-99.5561,30.0784,2025-07-03T07:00:00Z,3,7,7_3,0,2025,7
187744,537,168,14661968,-99.5561,30.0784,2025-07-03T08:00:00Z,3,8,7_3,0,2025,7
187744,537,168,14661968,-99.5561,30.0784,2025-07-03T09:00:00Z,3,9,7_3,0.375,2025,7
187744,537,168,14661968,-99.5561,30.0784,2025-07-03T10:00:00Z,3,10,7_3,0,2025,7
187744,537,168,14661968,-99.5561,30.0784,2025-07-03T11:00:00Z,3,11,7_3,0,2025,7
187744,537,168,14661968,-99.5561,30.0784,2025-07-03T12:00:00Z,3,12,7_3,0,2025,7
187744,537,168,14661968,-99.5561,30.0784,2025-07-03T13:00:00Z,3,13,7_3,0,2025,7
187744,537,168,14661968,-99.5561,30.0784,2025-07-03T14:00:00Z,3,14,7_3,0,2025,7
187744,537,168,14661968,-99.5561,30.0784,2025-07-03T15:00:00Z,3,15,7_3,0,2025,7
187744,537,168,14661968,-99.5561,30.0784,2025-07-03T16:00:00Z,3,16,7_3,0.375,2025,7
187744,537,168,14661968,-99.5561,30.0784,2025-07-03T17:00:00Z,3,17,7_3,0,2025,7
187744,537,168,14661968,-99.5561,30.0784,2025-07-03T18:00:00Z,3,18,7_3,0,2025,7
187744,537,168,14661968,-99.5561,30.0784,2025-07-03T19:00:00Z,3,19,7_3,0,2025,7
187744,537,168,14661968,-99.5561,30.0784,2025-07-03T20:00:00Z,3,20,7_3,0,2025,7
187744,537,168,14661968,-99.5561,30.0784,2025-07-03T21:00:00Z,3,21,7_3,0,2025,7
187744,537,168,14661968,-99.5561,30.0784,2025-07-03T22:00:00Z,3,22,7_3,0,2025,7
187744,537,168,14661968,-99.5561,30.0784,2025-07-03T23:00:00Z,3,23,7_3,0,2025,7
187744,537,168,14661968,-99.5561,30.0784,2025-07-04T00:00:00Z,4,0,7_4,0,2025,7
187744,537,168,14661968,-99.5561,30.0784,2025-07-04T01:00:00Z,4,1,7_4,0,2025,7
187744,537,168,14661968,-99.5561,30.0784,2025-07-04T02:00:00Z,4,2,7_4,0,2025,7
187744,537,168,14661968,-99.5561,30.0784,2025-07-04T03:00:00Z,4,3,7_4,0,2025,7
187744,537,168,14661968,-99.5561,30.0784,2025-07-04T04:00:00Z,4,4,7_4,0,2025,7
187744,537,168,14661968,-99.5561,30.0784,2025-07-04T05:00:00Z,4,5,7_4,0.375,2025,7
187744,537,168,14661968,-99.5561,30.0784,2025-07-04T06:00:00Z,4,6,7_4,0.875,2025,7
187744,537,168,14661968,-99.5561,30.0784,2025-07-04T07:00:00Z,4,7,7_4,6.75,2025,7
187744,537,168,14661968,-99.5561,30.0784,2025-07-04T08:00:00Z,4,8,7_4,17.125,2025,7
187744,537,168,14661968,-99.5561,30.0784,2025-07-04T09:00:00Z,4,9,7_4,24.875,2025,7
187744,537,168,14661968,-99.5561,30.0784,2025-07-04T10:00:00Z,4,10,7_4,4.5,2025,7
187744,537,168,14661968,-99.5561,30.0784,2025-07-04T11:00:00Z,4,11,7_4,6.625,2025,7
187744,537,168,14661968,-99.5561,30.0784,2025-07-04T12:00:00Z,4,12,7_4,8.5,2025,7
187744,537,168,14661968,-99.5561,30.0784,2025-07-04T13:00:00Z,4,13,7_4,2.75,2025,7
187744,537,168,14661968,-99.5561,30.0784,2025-07-04T14:00:00Z,4,14,7_4,5.625,2025,7
187744,537,168,14661968,-99.5561,30.0784,2025-07-04T15:00:00Z,4,15,7_4,11.75,2025,7
187744,537,168,14661968,-99.5561,30.0784,2025-07-04T16:00:00Z,4,16,7_4,16.75,2025,7
187744,537,168,14661968,-99.5561,30.0784,2025-07-04T17:00:00Z,4,17,7_4,6.25,2025,7
187744,537,168,14661968,-99.5561,30.0784,2025-07-04T18:00:00Z,4,18,7_4,0.875,2025,7
187744,537,168,14661968,-99.5561,30.0784,2025-07-04T19:00:00Z,4,19,7_4,0.25,2025,7
187744,537,168,14661968,-99.5561,30.0784,2025-07-04T20:00:00Z,4,20,7_4,0,2025,7
187744,537,168,14661968,-99.5561,30.0784,2025-07-04T21:00:00Z,4,21,7_4,0,2025,7
187744,537,168,14661968,-99.5561,30.0784,2025-07-04T22:00:00Z,4,22,7_4,0,2025,7
187744,537,168,14661968,-99.5561,30.0784,2025-07-04T23:00:00Z,4,23,7_4,0,2025,7
187745,538,168,14660990,-99.5165,30.0751,2025-07-01T00:00:00Z,1,0,7_1,3,2025,7
187745,538,168,14660990,-99.5165,30.0751,2025-07-01T01:00:00Z,1,1,7_1,0.375,2025,7
187745,538,168,14660990,-99.5165,30.0751,2025-07-01T02:00:00Z,1,2,7_1,0,2025,7
187745,538,168,14660990,-99.5165,30.0751,2025-07-01T03:00:00Z,1,3,7_1,0,2025,7
187745,538,168,14660990,-99.5165,30.0751,2025-07-01T04:00:00Z,1,4,7_1,0,2025,7
187745,538,168,14660990,-99.5165,30.0751,2025-07-01T05:00:00Z,1,5,7_1,0,2025,7
187745,538,168,14660990,-99.5165,30.0751,2025-07-01T06:00:00Z,1,6,7_1,0,2025,7
187745,538,168,14660990,-99.5165,30.0751,2025-07-01T07:00:00Z,1,7,7_1,0.125,2025,7
187745,538,168,14660990,-99.5165,30.0751,2025-07-01T08:00:00Z,1,8,7_1,1.125,2025,7
187745,538,168,14660990,-99.5165,30.0751,2025-07-01T09:00:00Z,1,9,7_1,0.5,2025,7
187745,538,168,14660990,-99.5165,30.0751,2025-07-01T10:00:00Z,1,10,7_1,1.5,2025,7
187745,538,168,14660990,-99.5165,30.0751,2025-07-01T11:00:00Z,1,11,7_1,0,2025,7
187745,538,168,14660990,-99.5165,30.0751,2025-07-01T12:00:00Z,1,12,7_1,0,2025,7
187745,538,168,14660990,-99.5165,30.0751,2025-07-01T13:00:00Z,1,13,7_1,0,2025,7
187745,538,168,14660990,-99.5165,30.0751,2025-07-01T14:00:00Z,1,14,7_1,0,2025,7
187745,538,168,14660990,-99.5165,30.0751,2025-07-01T15:00:00Z,1,15,7_1,0,2025,7
187745,538,168,14660990,-99.5165,30.0751,2025-07-01T16:00:00Z,1,16,7_1,0,2025,7
187745,538,168,14660990,-99.5165,30.0751,2025-07-01T17:00:00Z,1,17,7_1,0.5,2025,7
187745,538,168,14660990,-99.5165,30.0751,2025-07-01T18:00:00Z,1,18,7_1,0.375,2025,7
187745,538,168,14660990,-99.5165,30.0751,2025-07-01T19:00:00Z,1,19,7_1,0,2025,7
187745,538,168,14660990,-99.5165,30.0751,2025-07-01T20:00:00Z,1,20,7_1,0,2025,7
187745,538,168,14660990,-99.5165,30.0751,2025-07-01T21:00:00Z,1,21,7_1,0,2025,7
187745,538,168,14660990,-99.5165,30.0751,2025-07-01T22:00:00Z,1,22,7_1,0,2025,7
187745,538,168,14660990,-99.5165,30.0751,2025-07-01T23:00:00Z,1,23,7_1,0,2025,7
187745,538,168,14660990,-99.5165,30.0751,2025-07-02T00:00:00Z,2,0,7_2,0,2025,7
187745,538,168,14660990,-99.5165,30.0751,2025-07-02T01:00:00Z,2,1,7_2,0,2025,7
187745,538,168,14660990,-99.5165,30.0751,2025-07-02T02:00:00Z,2,2,7_2,0,2025,7
187745,538,168,14660990,-99.5165,30.0751,2025-07-02T03:00:00Z,2,3,7_2,0.875,2025,7
187745,538,168,14660990,-99.5165,30.0751,2025-07-02T04:00:00Z,2,4,7_2,0.5,2025,7
187745,538,168,14660990,-99.5165,30.0751,2025-07-02T05:00:00Z,2,5,7_2,0,2025,7
187745,538,168,14660990,-99.5165,30.0751,2025-07-02T06:00:00Z,2,6,7_2,0,2025,7
187745,538,168,14660990,-99.5165,30.0751,2025-07-02T07:00:00Z,2,7,7_2,0,2025,7
187745,538,168,14660990,-99.5165,30.0751,2025-07-02T08:00:00Z,2,8,7_2,0,2025,7
187745,538,168,14660990,-99.5165,30.0751,2025-07-02T09:00:00Z,2,9,7_2,0,2025,7
187745,538,168,14660990,-99.5165,30.0751,2025-07-02T10:00:00Z,2,10,7_2,0,2025,7
187745,538,168,14660990,-99.5165,30.0751,2025-07-02T11:00:00Z,2,11,7_2,0,2025,7
187745,538,168,14660990,-99.5165,30.0751,2025-07-02T12:00:00Z,2,12,7_2,0,2025,7
187745,538,168,14660990,-99.5165,30.0751,2025-07-02T13:00:00Z,2,13,7_2,0.5,2025,7
187745,538,168,14660990,-99.5165,30.0751,2025-07-02T14:00:00Z,2,14,7_2,0.25,2025,7
187745,538,168,14660990,-99.5165,30.0751,2025-07-02T15:00:00Z,2,15,7_2,0.125,2025,7
187745,538,168,14660990,-99.5165,30.0751,2025-07-02T16:00:00Z,2,16,7_2,0,2025,7
187745,538,168,14660990,-99.5165,30.0751,2025-07-02T17:00:00Z,2,17,7_2,0.75,2025,7
187745,538,168,14660990,-99.5165,30.0751,2025-07-02T18:00:00Z,2,18,7_2,3.875,2025,7
187745,538,168,14660990,-99.5165,30.0751,2025-07-02T19:00:00Z,2,19,7_2,0.125,2025,7
187745,538,168,14660990,-99.5165,30.0751,2025-07-02T20:00:00Z,2,20,7_2,4.125,2025,7
187745,538,168,14660990,-99.5165,30.0751,2025-07-02T21:00:00Z,2,21,7_2,4,2025,7
187745,538,168,14660990,-99.5165,30.0751,2025-07-02T22:00:00Z,2,22,7_2,1.5,2025,7
187745,538,168,14660990,-99.5165,30.0751,2025-07-02T23:00:00Z,2,23,7_2,0.25,2025,7
187745,538,168,14660990,-99.5165,30.0751,2025-07-03T00:00:00Z,3,0,7_3,1,2025,7
187745,538,168,14660990,-99.5165,30.0751,2025-07-03T01:00:00Z,3,1,7_3,0,2025,7
187745,538,168,14660990,-99.5165,30.0751,2025-07-03T02:00:00Z,3,2,7_3,0,2025,7
187745,538,168,14660990,-99.5165,30.0751,2025-07-03T03:00:00Z,3,3,7_3,0,2025,7
187745,538,168,14660990,-99.5165,30.0751,2025-07-03T04:00:00Z,3,4,7_3,0,2025,7
187745,538,168,14660990,-99.5165,30.0751,2025-07-03T05:00:00Z,3,5,7_3,0,2025,7
187745,538,168,14660990,-99.5165,30.0751,2025-07-03T06:00:00Z,3,6,7_3,0,2025,7
187745,538,168,14660990,-99.5165,30.0751,2025-07-03T07:00:00Z,3,7,7_3,0,2025,7
187745,538,168,14660990,-99.5165,30.0751,2025-07-03T08:00:00Z,3,8,7_3,0,2025,7
187745,538,168,14660990,-99.5165,30.0751,2025-07-03T09:00:00Z,3,9,7_3,0.125,2025,7
187745,538,168,14660990,-99.5165,30.0751,2025-07-03T10:00:00Z,3,10,7_3,0.25,2025,7
187745,538,168,14660990,-99.5165,30.0751,2025-07-03T11:00:00Z,3,11,7_3,0,2025,7
187745,538,168,14660990,-99.5165,30.0751,2025-07-03T12:00:00Z,3,12,7_3,0,2025,7
187745,538,168,14660990,-99.5165,30.0751,2025-07-03T13:00:00Z,3,13,7_3,0,2025,7
187745,538,168,14660990,-99.5165,30.0751,2025-07-03T14:00:00Z,3,14,7_3,0,2025,7
187745,538,168,14660990,-99.5165,30.0751,2025-07-03T15:00:00Z,3,15,7_3,0,2025,7
187745,538,168,14660990,-99.5165,30.0751,2025-07-03T16:00:00Z,3,16,7_3,0.125,2025,7
187745,538,168,14660990,-99.5165,30.0751,2025-07-03T17:00:00Z,3,17,7_3,0,2025,7
187745,538,168,14660990,-99.5165,30.0751,2025-07-03T18:00:00Z,3,18,7_3,0,2025,7
187745,538,168,14660990,-99.5165,30.0751,2025-07-03T19:00:00Z,3,19,7_3,0,2025,7
187745,538,168,14660990,-99.5165,30.0751,2025-07-03T20:00:00Z,3,20,7_3,0,2025,7
187745,538,168,14660990,-99.5165,30.0751,2025-07-03T21:00:00Z,3,21,7_3,0,2025,7
187745,538,168,14660990,-99.5165,30.0751,2025-07-03T22:00:00Z,3,22,7_3,0,2025,7
187745,538,168,14660990,-99.5165,30.0751,2025-07-03T23:00:00Z,3,23,7_3,0,2025,7
187745,538,168,14660990,-99.5165,30.0751,2025-07-04T00:00:00Z,4,0,7_4,0,2025,7
187745,538,168,14660990,-99.5165,30.0751,2025-07-04T01:00:00Z,4,1,7_4,0,2025,7
187745,538,168,14660990,-99.5165,30.0751,2025-07-04T02:00:00Z,4,2,7_4,0,2025,7
187745,538,168,14660990,-99.5165,30.0751,2025-07-04T03:00:00Z,4,3,7_4,0,2025,7
187745,538,168,14660990,-99.5165,30.0751,2025-07-04T04:00:00Z,4,4,7_4,0,2025,7
187745,538,168,14660990,-99.5165,30.0751,2025-07-04T05:00:00Z,4,5,7_4,0.75,2025,7
187745,538,168,14660990,-99.5165,30.0751,2025-07-04T06:00:00Z,4,6,7_4,4.625,2025,7
187745,538,168,14660990,-99.5165,30.0751,2025-07-04T07:00:00Z,4,7,7_4,11.125,2025,7
187745,538,168,14660990,-99.5165,30.0751,2025-07-04T08:00:00Z,4,8,7_4,15.875,2025,7
187745,538,168,14660990,-99.5165,30.0751,2025-07-04T09:00:00Z,4,9,7_4,39.375,2025,7
187745,538,168,14660990,-99.5165,30.0751,2025-07-04T10:00:00Z,4,10,7_4,8.5,2025,7
187745,538,168,14660990,-99.5165,30.0751,2025-07-04T11:00:00Z,4,11,7_4,5.375,2025,7
187745,538,168,14660990,-99.5165,30.0751,2025-07-04T12:00:00Z,4,12,7_4,5.125,2025,7
187745,538,168,14660990,-99.5165,30.0751,2025-07-04T13:00:00Z,4,13,7_4,2.75,2025,7
187745,538,168,14660990,-99.5165,30.0751,2025-07-04T14:00:00Z,4,14,7_4,4.25,2025,7
187745,538,168,14660990,-99.5165,30.0751,2025-07-04T15:00:00Z,4,15,7_4,14.25,2025,7
187745,538,168,14660990,-99.5165,30.0751,2025-07-04T16:00:00Z,4,16,7_4,17.625,2025,7
187745,538,168,14660990,-99.5165,30.0751,2025-07-04T17:00:00Z,4,17,7_4,6.625,2025,7
187745,538,168,14660990,-99.5165,30.0751,2025-07-04T18:00:00Z,4,18,7_4,1,2025,7
187745,538,168,14660990,-99.5165,30.0751,2025-07-04T19:00:00Z,4,19,7_4,0.25,2025,7
187745,538,168,14660990,-99.5165,30.0751,2025-07-04T20:00:00Z,4,20,7_4,0.125,2025,7
187745,538,168,14660990,-99.5165,30.0751,2025-07-04T21:00:00Z,4,21,7_4,0.125,2025,7
187745,538,168,14660990,-99.5165,30.0751,2025-07-04T22:00:00Z,4,22,7_4,0.125,2025,7
187745,538,168,14660990,-99.5165,30.0751,2025-07-04T23:00:00Z,4,23,7_4,0,2025,7
187746,539,168,14660006,-99.4768,30.0718,2025-07-01T00:00:00Z,1,0,7_1,2.5,2025,7
187746,539,168,14660006,-99.4768,30.0718,2025-07-01T01:00:00Z,1,1,7_1,0.375,2025,7
187746,539,168,14660006,-99.4768,30.0718,2025-07-01T02:00:00Z,1,2,7_1,0,2025,7
187746,539,168,14660006,-99.4768,30.0718,2025-07-01T03:00:00Z,1,3,7_1,0,2025,7
187746,539,168,14660006,-99.4768,30.0718,2025-07-01T04:00:00Z,1,4,7_1,0,2025,7
187746,539,168,14660006,-99.4768,30.0718,2025-07-01T05:00:00Z,1,5,7_1,0,2025,7
187746,539,168,14660006,-99.4768,30.0718,2025-07-01T06:00:00Z,1,6,7_1,0,2025,7
187746,539,168,14660006,-99.4768,30.0718,2025-07-01T07:00:00Z,1,7,7_1,0.125,2025,7
187746,539,168,14660006,-99.4768,30.0718,2025-07-01T08:00:00Z,1,8,7_1,1.25,2025,7
187746,539,168,14660006,-99.4768,30.0718,2025-07-01T09:00:00Z,1,9,7_1,0.625,2025,7
187746,539,168,14660006,-99.4768,30.0718,2025-07-01T10:00:00Z,1,10,7_1,0.75,2025,7
187746,539,168,14660006,-99.4768,30.0718,2025-07-01T11:00:00Z,1,11,7_1,0,2025,7
187746,539,168,14660006,-99.4768,30.0718,2025-07-01T12:00:00Z,1,12,7_1,0,2025,7
187746,539,168,14660006,-99.4768,30.0718,2025-07-01T13:00:00Z,1,13,7_1,0,2025,7
187746,539,168,14660006,-99.4768,30.0718,2025-07-01T14:00:00Z,1,14,7_1,0,2025,7
187746,539,168,14660006,-99.4768,30.0718,2025-07-01T15:00:00Z,1,15,7_1,0,2025,7
187746,539,168,14660006,-99.4768,30.0718,2025-07-01T16:00:00Z,1,16,7_1,0,2025,7
187746,539,168,14660006,-99.4768,30.0718,2025-07-01T17:00:00Z,1,17,7_1,0,2025,7
187746,539,168,14660006,-99.4768,30.0718,2025-07-01T18:00:00Z,1,18,7_1,0.25,2025,7
187746,539,168,14660006,-99.4768,30.0718,2025-07-01T19:00:00Z,1,19,7_1,0,2025,7
187746,539,168,14660006,-99.4768,30.0718,2025-07-01T20:00:00Z,1,20,7_1,0,2025,7
187746,539,168,14660006,-99.4768,30.0718,2025-07-01T21:00:00Z,1,21,7_1,0,2025,7
187746,539,168,14660006,-99.4768,30.0718,2025-07-01T22:00:00Z,1,22,7_1,0,2025,7
187746,539,168,14660006,-99.4768,30.0718,2025-07-01T23:00:00Z,1,23,7_1,0,2025,7
187746,539,168,14660006,-99.4768,30.0718,2025-07-02T00:00:00Z,2,0,7_2,0,2025,7
187746,539,168,14660006,-99.4768,30.0718,2025-07-02T01:00:00Z,2,1,7_2,0,2025,7
187746,539,168,14660006,-99.4768,30.0718,2025-07-02T02:00:00Z,2,2,7_2,0,2025,7
187746,539,168,14660006,-99.4768,30.0718,2025-07-02T03:00:00Z,2,3,7_2,1,2025,7
187746,539,168,14660006,-99.4768,30.0718,2025-07-02T04:00:00Z,2,4,7_2,0.375,2025,7
187746,539,168,14660006,-99.4768,30.0718,2025-07-02T05:00:00Z,2,5,7_2,0,2025,7
187746,539,168,14660006,-99.4768,30.0718,2025-07-02T06:00:00Z,2,6,7_2,0,2025,7
187746,539,168,14660006,-99.4768,30.0718,2025-07-02T07:00:00Z,2,7,7_2,0,2025,7
187746,539,168,14660006,-99.4768,30.0718,2025-07-02T08:00:00Z,2,8,7_2,0,2025,7
187746,539,168,14660006,-99.4768,30.0718,2025-07-02T09:00:00Z,2,9,7_2,0,2025,7
187746,539,168,14660006,-99.4768,30.0718,2025-07-02T10:00:00Z,2,10,7_2,0,2025,7
187746,539,168,14660006,-99.4768,30.0718,2025-07-02T11:00:00Z,2,11,7_2,0,2025,7
187746,539,168,14660006,-99.4768,30.0718,2025-07-02T12:00:00Z,2,12,7_2,0,2025,7
187746,539,168,14660006,-99.4768,30.0718,2025-07-02T13:00:00Z,2,13,7_2,0.5,2025,7
187746,539,168,14660006,-99.4768,30.0718,2025-07-02T14:00:00Z,2,14,7_2,0.5,2025,7
187746,539,168,14660006,-99.4768,30.0718,2025-07-02T15:00:00Z,2,15,7_2,0.125,2025,7
187746,539,168,14660006,-99.4768,30.0718,2025-07-02T16:00:00Z,2,16,7_2,0,2025,7
187746,539,168,14660006,-99.4768,30.0718,2025-07-02T17:00:00Z,2,17,7_2,0.125,2025,7
187746,539,168,14660006,-99.4768,30.0718,2025-07-02T18:00:00Z,2,18,7_2,4.875,2025,7
187746,539,168,14660006,-99.4768,30.0718,2025-07-02T19:00:00Z,2,19,7_2,0.25,2025,7
187746,539,168,14660006,-99.4768,30.0718,2025-07-02T20:00:00Z,2,20,7_2,1.25,2025,7
187746,539,168,14660006,-99.4768,30.0718,2025-07-02T21:00:00Z,2,21,7_2,4.25,2025,7
187746,539,168,14660006,-99.4768,30.0718,2025-07-02T22:00:00Z,2,22,7_2,1.375,2025,7
187746,539,168,14660006,-99.4768,30.0718,2025-07-02T23:00:00Z,2,23,7_2,0,2025,7
187746,539,168,14660006,-99.4768,30.0718,2025-07-03T00:00:00Z,3,0,7_3,1.375,2025,7
187746,539,168,14660006,-99.4768,30.0718,2025-07-03T01:00:00Z,3,1,7_3,0,2025,7
187746,539,168,14660006,-99.4768,30.0718,2025-07-03T02:00:00Z,3,2,7_3,0,2025,7
187746,539,168,14660006,-99.4768,30.0718,2025-07-03T03:00:00Z,3,3,7_3,0,2025,7
187746,539,168,14660006,-99.4768,30.0718,2025-07-03T04:00:00Z,3,4,7_3,0,2025,7
187746,539,168,14660006,-99.4768,30.0718,2025-07-03T05:00:00Z,3,5,7_3,0,2025,7
187746,539,168,14660006,-99.4768,30.0718,2025-07-03T06:00:00Z,3,6,7_3,0,2025,7
187746,539,168,14660006,-99.4768,30.0718,2025-07-03T07:00:00Z,3,7,7_3,0,2025,7
187746,539,168,14660006,-99.4768,30.0718,2025-07-03T08:00:00Z,3,8,7_3,0,2025,7
187746,539,168,14660006,-99.4768,30.0718,2025-07-03T09:00:00Z,3,9,7_3,0,2025,7
187746,539,168,14660006,-99.4768,30.0718,2025-07-03T10:00:00Z,3,10,7_3,0.125,2025,7
187746,539,168,14660006,-99.4768,30.0718,2025-07-03T11:00:00Z,3,11,7_3,0,2025,7
187746,539,168,14660006,-99.4768,30.0718,2025-07-03T12:00:00Z,3,12,7_3,0,2025,7
187746,539,168,14660006,-99.4768,30.0718,2025-07-03T13:00:00Z,3,13,7_3,0,2025,7
187746,539,168,14660006,-99.4768,30.0718,2025-07-03T14:00:00Z,3,14,7_3,0,2025,7
187746,539,168,14660006,-99.4768,30.0718,2025-07-03T15:00:00Z,3,15,7_3,0,2025,7
187746,539,168,14660006,-99.4768,30.0718,2025-07-03T16:00:00Z,3,16,7_3,0.125,2025,7
187746,539,168,14660006,-99.4768,30.0718,2025-07-03T17:00:00Z,3,17,7_3,0,2025,7
187746,539,168,14660006,-99.4768,30.0718,2025-07-03T18:00:00Z,3,18,7_3,0,2025,7
187746,539,168,14660006,-99.4768,30.0718,2025-07-03T19:00:00Z,3,19,7_3,0,2025,7
187746,539,168,14660006,-99.4768,30.0718,2025-07-03T20:00:00Z,3,20,7_3,0,2025,7
187746,539,168,14660006,-99.4768,30.0718,2025-07-03T21:00:00Z,3,21,7_3,0,2025,7
187746,539,168,14660006,-99.4768,30.0718,2025-07-03T22:00:00Z,3,22,7_3,0,2025,7
187746,539,168,14660006,-99.4768,30.0718,2025-07-03T23:00:00Z,3,23,7_3,0,2025,7
187746,539,168,14660006,-99.4768,30.0718,2025-07-04T00:00:00Z,4,0,7_4,0,2025,7
187746,539,168,14660006,-99.4768,30.0718,2025-07-04T01:00:00Z,4,1,7_4,0,2025,7
187746,539,168,14660006,-99.4768,30.0718,2025-07-04T02:00:00Z,4,2,7_4,0,2025,7
187746,539,168,14660006,-99.4768,30.0718,2025-07-04T03:00:00Z,4,3,7_4,0,2025,7
187746,539,168,14660006,-99.4768,30.0718,2025-07-04T04:00:00Z,4,4,7_4,0,2025,7
187746,539,168,14660006,-99.4768,30.0718,2025-07-04T05:00:00Z,4,5,7_4,0.75,2025,7
187746,539,168,14660006,-99.4768,30.0718,2025-07-04T06:00:00Z,4,6,7_4,8.25,2025,7
187746,539,168,14660006,-99.4768,30.0718,2025-07-04T07:00:00Z,4,7,7_4,19.875,2025,7
187746,539,168,14660006,-99.4768,30.0718,2025-07-04T08:00:00Z,4,8,7_4,23.25,2025,7
187746,539,168,14660006,-99.4768,30.0718,2025-07-04T09:00:00Z,4,9,7_4,48.125,2025,7
187746,539,168,14660006,-99.4768,30.0718,2025-07-04T10:00:00Z,4,10,7_4,20.625,2025,7
187746,539,168,14660006,-99.4768,30.0718,2025-07-04T11:00:00Z,4,11,7_4,5.75,2025,7
187746,539,168,14660006,-99.4768,30.0718,2025-07-04T12:00:00Z,4,12,7_4,4,2025,7
187746,539,168,14660006,-99.4768,30.0718,2025-07-04T13:00:00Z,4,13,7_4,2.625,2025,7
187746,539,168,14660006,-99.4768,30.0718,2025-07-04T14:00:00Z,4,14,7_4,3,2025,7
187746,539,168,14660006,-99.4768,30.0718,2025-07-04T15:00:00Z,4,15,7_4,17.125,2025,7
187746,539,168,14660006,-99.4768,30.0718,2025-07-04T16:00:00Z,4,16,7_4,18.625,2025,7
187746,539,168,14660006,-99.4768,30.0718,2025-07-04T17:00:00Z,4,17,7_4,7.125,2025,7
187746,539,168,14660006,-99.4768,30.0718,2025-07-04T18:00:00Z,4,18,7_4,1.125,2025,7
187746,539,168,14660006,-99.4768,30.0718,2025-07-04T19:00:00Z,4,19,7_4,0.375,2025,7
187746,539,168,14660006,-99.4768,30.0718,2025-07-04T20:00:00Z,4,20,7_4,0.125,2025,7
187746,539,168,14660006,-99.4768,30.0718,2025-07-04T21:00:00Z,4,21,7_4,0.125,2025,7
187746,539,168,14660006,-99.4768,30.0718,2025-07-04T22:00:00Z,4,22,7_4,0.125,2025,7
187746,539,168,14660006,-99.4768,30.0718,2025-07-04T23:00:00Z,4,23,7_4,0,2025,7
187747,540,168,14659014,-99.4372,30.0684,2025-07-01T00:00:00Z,1,0,7_1,1.5,2025,7
187747,540,168,14659014,-99.4372,30.0684,2025-07-01T01:00:00Z,1,1,7_1,0.375,2025,7
187747,540,168,14659014,-99.4372,30.0684,2025-07-01T02:00:00Z,1,2,7_1,0,2025,7
187747,540,168,14659014,-99.4372,30.0684,2025-07-01T03:00:00Z,1,3,7_1,0,2025,7
187747,540,168,14659014,-99.4372,30.0684,2025-07-01T04:00:00Z,1,4,7_1,0,2025,7
187747,540,168,14659014,-99.4372,30.0684,2025-07-01T05:00:00Z,1,5,7_1,0,2025,7
187747,540,168,14659014,-99.4372,30.0684,2025-07-01T06:00:00Z,1,6,7_1,0,2025,7
187747,540,168,14659014,-99.4372,30.0684,2025-07-01T07:00:00Z,1,7,7_1,0,2025,7
187747,540,168,14659014,-99.4372,30.0684,2025-07-01T08:00:00Z,1,8,7_1,1.125,2025,7
187747,540,168,14659014,-99.4372,30.0684,2025-07-01T09:00:00Z,1,9,7_1,0.75,2025,7
187747,540,168,14659014,-99.4372,30.0684,2025-07-01T10:00:00Z,1,10,7_1,0.75,2025,7
187747,540,168,14659014,-99.4372,30.0684,2025-07-01T11:00:00Z,1,11,7_1,0,2025,7
187747,540,168,14659014,-99.4372,30.0684,2025-07-01T12:00:00Z,1,12,7_1,0,2025,7
187747,540,168,14659014,-99.4372,30.0684,2025-07-01T13:00:00Z,1,13,7_1,0,2025,7
187747,540,168,14659014,-99.4372,30.0684,2025-07-01T14:00:00Z,1,14,7_1,0,2025,7
187747,540,168,14659014,-99.4372,30.0684,2025-07-01T15:00:00Z,1,15,7_1,0,2025,7
187747,540,168,14659014,-99.4372,30.0684,2025-07-01T16:00:00Z,1,16,7_1,0,2025,7
187747,540,168,14659014,-99.4372,30.0684,2025-07-01T17:00:00Z,1,17,7_1,0,2025,7
187747,540,168,14659014,-99.4372,30.0684,2025-07-01T18:00:00Z,1,18,7_1,0.125,2025,7
187747,540,168,14659014,-99.4372,30.0684,2025-07-01T19:00:00Z,1,19,7_1,0,2025,7
187747,540,168,14659014,-99.4372,30.0684,2025-07-01T20:00:00Z,1,20,7_1,0,2025,7
187747,540,168,14659014,-99.4372,30.0684,2025-07-01T21:00:00Z,1,21,7_1,0,2025,7
187747,540,168,14659014,-99.4372,30.0684,2025-07-01T22:00:00Z,1,22,7_1,0,2025,7
187747,540,168,14659014,-99.4372,30.0684,2025-07-01T23:00:00Z,1,23,7_1,0,2025,7
187747,540,168,14659014,-99.4372,30.0684,2025-07-02T00:00:00Z,2,0,7_2,0,2025,7
187747,540,168,14659014,-99.4372,30.0684,2025-07-02T01:00:00Z,2,1,7_2,0,2025,7
187747,540,168,14659014,-99.4372,30.0684,2025-07-02T02:00:00Z,2,2,7_2,0.25,2025,7
187747,540,168,14659014,-99.4372,30.0684,2025-07-02T03:00:00Z,2,3,7_2,0.75,2025,7
187747,540,168,14659014,-99.4372,30.0684,2025-07-02T04:00:00Z,2,4,7_2,0.25,2025,7
187747,540,168,14659014,-99.4372,30.0684,2025-07-02T05:00:00Z,2,5,7_2,0,2025,7
187747,540,168,14659014,-99.4372,30.0684,2025-07-02T06:00:00Z,2,6,7_2,0,2025,7
187747,540,168,14659014,-99.4372,30.0684,2025-07-02T07:00:00Z,2,7,7_2,0,2025,7
187747,540,168,14659014,-99.4372,30.0684,2025-07-02T08:00:00Z,2,8,7_2,0,2025,7
187747,540,168,14659014,-99.4372,30.0684,2025-07-02T09:00:00Z,2,9,7_2,0,2025,7
187747,540,168,14659014,-99.4372,30.0684,2025-07-02T10:00:00Z,2,10,7_2,0,2025,7
187747,540,168,14659014,-99.4372,30.0684,2025-07-02T11:00:00Z,2,11,7_2,0,2025,7
187747,540,168,14659014,-99.4372,30.0684,2025-07-02T12:00:00Z,2,12,7_2,0.125,2025,7
187747,540,168,14659014,-99.4372,30.0684,2025-07-02T13:00:00Z,2,13,7_2,0.5,2025,7
187747,540,168,14659014,-99.4372,30.0684,2025-07-02T14:00:00Z,2,14,7_2,0.375,2025,7
187747,540,168,14659014,-99.4372,30.0684,2025-07-02T15:00:00Z,2,15,7_2,0.5,2025,7
187747,540,168,14659014,-99.4372,30.0684,2025-07-02T16:00:00Z,2,16,7_2,0,2025,7
187747,540,168,14659014,-99.4372,30.0684,2025-07-02T17:00:00Z,2,17,7_2,0,2025,7
187747,540,168,14659014,-99.4372,30.0684,2025-07-02T18:00:00Z,2,18,7_2,5.875,2025,7
187747,540,168,14659014,-99.4372,30.0684,2025-07-02T19:00:00Z,2,19,7_2,0.75,2025,7
187747,540,168,14659014,-99.4372,30.0684,2025-07-02T20:00:00Z,2,20,7_2,0.75,2025,7
187747,540,168,14659014,-99.4372,30.0684,2025-07-02T21:00:00Z,2,21,7_2,2.75,2025,7
187747,540,168,14659014,-99.4372,30.0684,2025-07-02T22:00:00Z,2,22,7_2,0.75,2025,7
187747,540,168,14659014,-99.4372,30.0684,2025-07-02T23:00:00Z,2,23,7_2,0,2025,7
187747,540,168,14659014,-99.4372,30.0684,2025-07-03T00:00:00Z,3,0,7_3,1.375,2025,7
187747,540,168,14659014,-99.4372,30.0684,2025-07-03T01:00:00Z,3,1,7_3,0,2025,7
187747,540,168,14659014,-99.4372,30.0684,2025-07-03T02:00:00Z,3,2,7_3,0,2025,7
187747,540,168,14659014,-99.4372,30.0684,2025-07-03T03:00:00Z,3,3,7_3,0,2025,7
187747,540,168,14659014,-99.4372,30.0684,2025-07-03T04:00:00Z,3,4,7_3,0,2025,7
187747,540,168,14659014,-99.4372,30.0684,2025-07-03T05:00:00Z,3,5,7_3,0,2025,7
187747,540,168,14659014,-99.4372,30.0684,2025-07-03T06:00:00Z,3,6,7_3,0,2025,7
187747,540,168,14659014,-99.4372,30.0684,2025-07-03T07:00:00Z,3,7,7_3,0,2025,7
187747,540,168,14659014,-99.4372,30.0684,2025-07-03T08:00:00Z,3,8,7_3,0,2025,7
187747,540,168,14659014,-99.4372,30.0684,2025-07-03T09:00:00Z,3,9,7_3,0,2025,7
187747,540,168,14659014,-99.4372,30.0684,2025-07-03T10:00:00Z,3,10,7_3,0,2025,7
187747,540,168,14659014,-99.4372,30.0684,2025-07-03T11:00:00Z,3,11,7_3,0,2025,7
187747,540,168,14659014,-99.4372,30.0684,2025-07-03T12:00:00Z,3,12,7_3,0,2025,7
187747,540,168,14659014,-99.4372,30.0684,2025-07-03T13:00:00Z,3,13,7_3,0,2025,7
187747,540,168,14659014,-99.4372,30.0684,2025-07-03T14:00:00Z,3,14,7_3,0,2025,7
187747,540,168,14659014,-99.4372,30.0684,2025-07-03T15:00:00Z,3,15,7_3,0,2025,7
187747,540,168,14659014,-99.4372,30.0684,2025-07-03T16:00:00Z,3,16,7_3,0.125,2025,7
187747,540,168,14659014,-99.4372,30.0684,2025-07-03T17:00:00Z,3,17,7_3,0,2025,7
187747,540,168,14659014,-99.4372,30.0684,2025-07-03T18:00:00Z,3,18,7_3,0,2025,7
187747,540,168,14659014,-99.4372,30.0684,2025-07-03T19:00:00Z,3,19,7_3,0,2025,7
187747,540,168,14659014,-99.4372,30.0684,2025-07-03T20:00:00Z,3,20,7_3,0.125,2025,7
187747,540,168,14659014,-99.4372,30.0684,2025-07-03T21:00:00Z,3,21,7_3,0,2025,7
187747,540,168,14659014,-99.4372,30.0684,2025-07-03T22:00:00Z,3,22,7_3,0,2025,7
187747,540,168,14659014,-99.4372,30.0684,2025-07-03T23:00:00Z,3,23,7_3,0,2025,7
187747,540,168,14659014,-99.4372,30.0684,2025-07-04T00:00:00Z,4,0,7_4,0,2025,7
187747,540,168,14659014,-99.4372,30.0684,2025-07-04T01:00:00Z,4,1,7_4,0,2025,7
187747,540,168,14659014,-99.4372,30.0684,2025-07-04T02:00:00Z,4,2,7_4,0,2025,7
187747,540,168,14659014,-99.4372,30.0684,2025-07-04T03:00:00Z,4,3,7_4,0,2025,7
187747,540,168,14659014,-99.4372,30.0684,2025-07-04T04:00:00Z,4,4,7_4,0,2025,7
187747,540,168,14659014,-99.4372,30.0684,2025-07-04T05:00:00Z,4,5,7_4,0.875,2025,7
187747,540,168,14659014,-99.4372,30.0684,2025-07-04T06:00:00Z,4,6,7_4,10,2025,7
187747,540,168,14659014,-99.4372,30.0684,2025-07-04T07:00:00Z,4,7,7_4,29.875,2025,7
187747,540,168,14659014,-99.4372,30.0684,2025-07-04T08:00:00Z,4,8,7_4,40.875,2025,7
187747,540,168,14659014,-99.4372,30.0684,2025-07-04T09:00:00Z,4,9,7_4,54.375,2025,7
187747,540,168,14659014,-99.4372,30.0684,2025-07-04T10:00:00Z,4,10,7_4,34.375,2025,7
187747,540,168,14659014,-99.4372,30.0684,2025-07-04T11:00:00Z,4,11,7_4,5.125,2025,7
187747,540,168,14659014,-99.4372,30.0684,2025-07-04T12:00:00Z,4,12,7_4,4,2025,7
187747,540,168,14659014,-99.4372,30.0684,2025-07-04T13:00:00Z,4,13,7_4,2.5,2025,7
187747,540,168,14659014,-99.4372,30.0684,2025-07-04T14:00:00Z,4,14,7_4,2.375,2025,7
187747,540,168,14659014,-99.4372,30.0684,2025-07-04T15:00:00Z,4,15,7_4,17.375,2025,7
187747,540,168,14659014,-99.4372,30.0684,2025-07-04T16:00:00Z,4,16,7_4,19.875,2025,7
187747,540,168,14659014,-99.4372,30.0684,2025-07-04T17:00:00Z,4,17,7_4,8,2025,7
187747,540,168,14659014,-99.4372,30.0684,2025-07-04T18:00:00Z,4,18,7_4,1.125,2025,7
187747,540,168,14659014,-99.4372,30.0684,2025-07-04T19:00:00Z,4,19,7_4,0.5,2025,7
187747,540,168,14659014,-99.4372,30.0684,2025-07-04T20:00:00Z,4,20,7_4,0.125,2025,7
187747,540,168,14659014,-99.4372,30.0684,2025-07-04T21:00:00Z,4,21,7_4,0.125,2025,7
187747,540,168,14659014,-99.4372,30.0684,2025-07-04T22:00:00Z,4,22,7_4,0.25,2025,7
187747,540,168,14659014,-99.4372,30.0684,2025-07-04T23:00:00Z,4,23,7_4,0,2025,7
187748,541,168,14658016,-99.3976,30.0651,2025-07-01T00:00:00Z,1,0,7_1,1,2025,7
187748,541,168,14658016,-99.3976,30.0651,2025-07-01T01:00:00Z,1,1,7_1,0.375,2025,7
187748,541,168,14658016,-99.3976,30.0651,2025-07-01T02:00:00Z,1,2,7_1,0,2025,7
187748,541,168,14658016,-99.3976,30.0651,2025-07-01T03:00:00Z,1,3,7_1,0,2025,7
187748,541,168,14658016,-99.3976,30.0651,2025-07-01T04:00:00Z,1,4,7_1,0,2025,7
187748,541,168,14658016,-99.3976,30.0651,2025-07-01T05:00:00Z,1,5,7_1,0,2025,7
187748,541,168,14658016,-99.3976,30.0651,2025-07-01T06:00:00Z,1,6,7_1,0,2025,7
187748,541,168,14658016,-99.3976,30.0651,2025-07-01T07:00:00Z,1,7,7_1,0,2025,7
187748,541,168,14658016,-99.3976,30.0651,2025-07-01T08:00:00Z,1,8,7_1,1,2025,7
187748,541,168,14658016,-99.3976,30.0651,2025-07-01T09:00:00Z,1,9,7_1,0.625,2025,7
187748,541,168,14658016,-99.3976,30.0651,2025-07-01T10:00:00Z,1,10,7_1,0.375,2025,7
187748,541,168,14658016,-99.3976,30.0651,2025-07-01T11:00:00Z,1,11,7_1,0,2025,7
187748,541,168,14658016,-99.3976,30.0651,2025-07-01T12:00:00Z,1,12,7_1,0,2025,7
187748,541,168,14658016,-99.3976,30.0651,2025-07-01T13:00:00Z,1,13,7_1,0,2025,7
187748,541,168,14658016,-99.3976,30.0651,2025-07-01T14:00:00Z,1,14,7_1,0,2025,7
187748,541,168,14658016,-99.3976,30.0651,2025-07-01T15:00:00Z,1,15,7_1,0,2025,7
187748,541,168,14658016,-99.3976,30.0651,2025-07-01T16:00:00Z,1,16,7_1,0,2025,7
187748,541,168,14658016,-99.3976,30.0651,2025-07-01T17:00:00Z,1,17,7_1,0,2025,7
187748,541,168,14658016,-99.3976,30.0651,2025-07-01T18:00:00Z,1,18,7_1,0,2025,7
187748,541,168,14658016,-99.3976,30.0651,2025-07-01T19:00:00Z,1,19,7_1,0,2025,7
187748,541,168,14658016,-99.3976,30.0651,2025-07-01T20:00:00Z,1,20,7_1,0,2025,7
187748,541,168,14658016,-99.3976,30.0651,2025-07-01T21:00:00Z,1,21,7_1,0,2025,7
187748,541,168,14658016,-99.3976,30.0651,2025-07-01T22:00:00Z,1,22,7_1,0,2025,7
187748,541,168,14658016,-99.3976,30.0651,2025-07-01T23:00:00Z,1,23,7_1,0,2025,7
187748,541,168,14658016,-99.3976,30.0651,2025-07-02T00:00:00Z,2,0,7_2,0,2025,7
187748,541,168,14658016,-99.3976,30.0651,2025-07-02T01:00:00Z,2,1,7_2,0,2025,7
187748,541,168,14658016,-99.3976,30.0651,2025-07-02T02:00:00Z,2,2,7_2,0.125,2025,7
187748,541,168,14658016,-99.3976,30.0651,2025-07-02T03:00:00Z,2,3,7_2,0.625,2025,7
187748,541,168,14658016,-99.3976,30.0651,2025-07-02T04:00:00Z,2,4,7_2,0,2025,7
187748,541,168,14658016,-99.3976,30.0651,2025-07-02T05:00:00Z,2,5,7_2,0,2025,7
187748,541,168,14658016,-99.3976,30.0651,2025-07-02T06:00:00Z,2,6,7_2,0,2025,7
187748,541,168,14658016,-99.3976,30.0651,2025-07-02T07:00:00Z,2,7,7_2,0,2025,7
187748,541,168,14658016,-99.3976,30.0651,2025-07-02T08:00:00Z,2,8,7_2,0,2025,7
187748,541,168,14658016,-99.3976,30.0651,2025-07-02T09:00:00Z,2,9,7_2,0,2025,7
187748,541,168,14658016,-99.3976,30.0651,2025-07-02T10:00:00Z,2,10,7_2,0,2025,7
187748,541,168,14658016,-99.3976,30.0651,2025-07-02T11:00:00Z,2,11,7_2,0,2025,7
187748,541,168,14658016,-99.3976,30.0651,2025-07-02T12:00:00Z,2,12,7_2,0.125,2025,7
187748,541,168,14658016,-99.3976,30.0651,2025-07-02T13:00:00Z,2,13,7_2,0.5,2025,7
187748,541,168,14658016,-99.3976,30.0651,2025-07-02T14:00:00Z,2,14,7_2,0.5,2025,7
187748,541,168,14658016,-99.3976,30.0651,2025-07-02T15:00:00Z,2,15,7_2,0.5,2025,7
187748,541,168,14658016,-99.3976,30.0651,2025-07-02T16:00:00Z,2,16,7_2,0,2025,7
187748,541,168,14658016,-99.3976,30.0651,2025-07-02T17:00:00Z,2,17,7_2,0.375,2025,7
187748,541,168,14658016,-99.3976,30.0651,2025-07-02T18:00:00Z,2,18,7_2,4.75,2025,7
187748,541,168,14658016,-99.3976,30.0651,2025-07-02T19:00:00Z,2,19,7_2,0.75,2025,7
187748,541,168,14658016,-99.3976,30.0651,2025-07-02T20:00:00Z,2,20,7_2,1,2025,7
187748,541,168,14658016,-99.3976,30.0651,2025-07-02T21:00:00Z,2,21,7_2,2,2025,7
187748,541,168,14658016,-99.3976,30.0651,2025-07-02T22:00:00Z,2,22,7_2,0,2025,7
187748,541,168,14658016,-99.3976,30.0651,2025-07-02T23:00:00Z,2,23,7_2,0,2025,7
187748,541,168,14658016,-99.3976,30.0651,2025-07-03T00:00:00Z,3,0,7_3,2,2025,7
187748,541,168,14658016,-99.3976,30.0651,2025-07-03T01:00:00Z,3,1,7_3,0.25,2025,7
187748,541,168,14658016,-99.3976,30.0651,2025-07-03T02:00:00Z,3,2,7_3,0,2025,7
187748,541,168,14658016,-99.3976,30.0651,2025-07-03T03:00:00Z,3,3,7_3,0,2025,7
187748,541,168,14658016,-99.3976,30.0651,2025-07-03T04:00:00Z,3,4,7_3,0,2025,7
187748,541,168,14658016,-99.3976,30.0651,2025-07-03T05:00:00Z,3,5,7_3,0,2025,7
187748,541,168,14658016,-99.3976,30.0651,2025-07-03T06:00:00Z,3,6,7_3,0,2025,7
187748,541,168,14658016,-99.3976,30.0651,2025-07-03T07:00:00Z,3,7,7_3,0,2025,7
187748,541,168,14658016,-99.3976,30.0651,2025-07-03T08:00:00Z,3,8,7_3,0,2025,7
187748,541,168,14658016,-99.3976,30.0651,2025-07-03T09:00:00Z,3,9,7_3,0,2025,7
187748,541,168,14658016,-99.3976,30.0651,2025-07-03T10:00:00Z,3,10,7_3,0.25,2025,7
187748,541,168,14658016,-99.3976,30.0651,2025-07-03T11:00:00Z,3,11,7_3,0,2025,7
187748,541,168,14658016,-99.3976,30.0651,2025-07-03T12:00:00Z,3,12,7_3,0,2025,7
187748,541,168,14658016,-99.3976,30.0651,2025-07-03T13:00:00Z,3,13,7_3,0,2025,7
187748,541,168,14658016,-99.3976,30.0651,2025-07-03T14:00:00Z,3,14,7_3,0,2025,7
187748,541,168,14658016,-99.3976,30.0651,2025-07-03T15:00:00Z,3,15,7_3,0,2025,7
187748,541,168,14658016,-99.3976,30.0651,2025-07-03T16:00:00Z,3,16,7_3,0.125,2025,7
187748,541,168,14658016,-99.3976,30.0651,2025-07-03T17:00:00Z,3,17,7_3,0,2025,7
187748,541,168,14658016,-99.3976,30.0651,2025-07-03T18:00:00Z,3,18,7_3,0,2025,7
187748,541,168,14658016,-99.3976,30.0651,2025-07-03T19:00:00Z,3,19,7_3,0.125,2025,7
187748,541,168,14658016,-99.3976,30.0651,2025-07-03T20:00:00Z,3,20,7_3,0.125,2025,7
187748,541,168,14658016,-99.3976,30.0651,2025-07-03T21:00:00Z,3,21,7_3,0,2025,7
187748,541,168,14658016,-99.3976,30.0651,2025-07-03T22:00:00Z,3,22,7_3,0,2025,7
187748,541,168,14658016,-99.3976,30.0651,2025-07-03T23:00:00Z,3,23,7_3,0,2025,7
187748,541,168,14658016,-99.3976,30.0651,2025-07-04T00:00:00Z,4,0,7_4,0,2025,7
187748,541,168,14658016,-99.3976,30.0651,2025-07-04T01:00:00Z,4,1,7_4,0,2025,7
187748,541,168,14658016,-99.3976,30.0651,2025-07-04T02:00:00Z,4,2,7_4,0,2025,7
187748,541,168,14658016,-99.3976,30.0651,2025-07-04T03:00:00Z,4,3,7_4,0,2025,7
187748,541,168,14658016,-99.3976,30.0651,2025-07-04T04:00:00Z,4,4,7_4,0,2025,7
187748,541,168,14658016,-99.3976,30.0651,2025-07-04T05:00:00Z,4,5,7_4,1.125,2025,7
187748,541,168,14658016,-99.3976,30.0651,2025-07-04T06:00:00Z,4,6,7_4,9.75,2025,7
187748,541,168,14658016,-99.3976,30.0651,2025-07-04T07:00:00Z,4,7,7_4,35,2025,7
187748,541,168,14658016,-99.3976,30.0651,2025-07-04T08:00:00Z,4,8,7_4,57.375,2025,7
187748,541,168,14658016,-99.3976,30.0651,2025-07-04T09:00:00Z,4,9,7_4,53.625,2025,7
187748,541,168,14658016,-99.3976,30.0651,2025-07-04T10:00:00Z,4,10,7_4,46.25,2025,7
187748,541,168,14658016,-99.3976,30.0651,2025-07-04T11:00:00Z,4,11,7_4,3.375,2025,7
187748,541,168,14658016,-99.3976,30.0651,2025-07-04T12:00:00Z,4,12,7_4,4.125,2025,7
187748,541,168,14658016,-99.3976,30.0651,2025-07-04T13:00:00Z,4,13,7_4,2.25,2025,7
187748,541,168,14658016,-99.3976,30.0651,2025-07-04T14:00:00Z,4,14,7_4,2,2025,7
187748,541,168,14658016,-99.3976,30.0651,2025-07-04T15:00:00Z,4,15,7_4,14.75,2025,7
187748,541,168,14658016,-99.3976,30.0651,2025-07-04T16:00:00Z,4,16,7_4,22.625,2025,7
187748,541,168,14658016,-99.3976,30.0651,2025-07-04T17:00:00Z,4,17,7_4,9,2025,7
187748,541,168,14658016,-99.3976,30.0651,2025-07-04T18:00:00Z,4,18,7_4,1.25,2025,7
187748,541,168,14658016,-99.3976,30.0651,2025-07-04T19:00:00Z,4,19,7_4,0.875,2025,7
187748,541,168,14658016,-99.3976,30.0651,2025-07-04T20:00:00Z,4,20,7_4,0.25,2025,7
187748,541,168,14658016,-99.3976,30.0651,2025-07-04T21:00:00Z,4,21,7_4,0.25,2025,7
187748,541,168,14658016,-99.3976,30.0651,2025-07-04T22:00:00Z,4,22,7_4,0.5,2025,7
187748,541,168,14658016,-99.3976,30.0651,2025-07-04T23:00:00Z,4,23,7_4,0,2025,7
187749,542,168,14657010,-99.358,30.0617,2025-07-01T00:00:00Z,1,0,7_1,0.75,2025,7
187749,542,168,14657010,-99.358,30.0617,2025-07-01T01:00:00Z,1,1,7_1,0.5,2025,7
187749,542,168,14657010,-99.358,30.0617,2025-07-01T02:00:00Z,1,2,7_1,0,2025,7
187749,542,168,14657010,-99.358,30.0617,2025-07-01T03:00:00Z,1,3,7_1,0,2025,7
187749,542,168,14657010,-99.358,30.0617,2025-07-01T04:00:00Z,1,4,7_1,0,2025,7
187749,542,168,14657010,-99.358,30.0617,2025-07-01T05:00:00Z,1,5,7_1,0,2025,7
187749,542,168,14657010,-99.358,30.0617,2025-07-01T06:00:00Z,1,6,7_1,0,2025,7
187749,542,168,14657010,-99.358,30.0617,2025-07-01T07:00:00Z,1,7,7_1,0,2025,7
187749,542,168,14657010,-99.358,30.0617,2025-07-01T08:00:00Z,1,8,7_1,0.75,2025,7
187749,542,168,14657010,-99.358,30.0617,2025-07-01T09:00:00Z,1,9,7_1,0.5,2025,7
187749,542,168,14657010,-99.358,30.0617,2025-07-01T10:00:00Z,1,10,7_1,0,2025,7
187749,542,168,14657010,-99.358,30.0617,2025-07-01T11:00:00Z,1,11,7_1,0,2025,7
187749,542,168,14657010,-99.358,30.0617,2025-07-01T12:00:00Z,1,12,7_1,0,2025,7
187749,542,168,14657010,-99.358,30.0617,2025-07-01T13:00:00Z,1,13,7_1,0,2025,7
187749,542,168,14657010,-99.358,30.0617,2025-07-01T14:00:00Z,1,14,7_1,0,2025,7
187749,542,168,14657010,-99.358,30.0617,2025-07-01T15:00:00Z,1,15,7_1,0,2025,7
187749,542,168,14657010,-99.358,30.0617,2025-07-01T16:00:00Z,1,16,7_1,0,2025,7
187749,542,168,14657010,-99.358,30.0617,2025-07-01T17:00:00Z,1,17,7_1,0,2025,7
187749,542,168,14657010,-99.358,30.0617,2025-07-01T18:00:00Z,1,18,7_1,0,2025,7
187749,542,168,14657010,-99.358,30.0617,2025-07-01T19:00:00Z,1,19,7_1,0,2025,7
187749,542,168,14657010,-99.358,30.0617,2025-07-01T20:00:00Z,1,20,7_1,0,2025,7
187749,542,168,14657010,-99.358,30.0617,2025-07-01T21:00:00Z,1,21,7_1,0,2025,7
187749,542,168,14657010,-99.358,30.0617,2025-07-01T22:00:00Z,1,22,7_1,0,2025,7
187749,542,168,14657010,-99.358,30.0617,2025-07-01T23:00:00Z,1,23,7_1,0,2025,7
187749,542,168,14657010,-99.358,30.0617,2025-07-02T00:00:00Z,2,0,7_2,0,2025,7
187749,542,168,14657010,-99.358,30.0617,2025-07-02T01:00:00Z,2,1,7_2,0,2025,7
187749,542,168,14657010,-99.358,30.0617,2025-07-02T02:00:00Z,2,2,7_2,0.125,2025,7
187749,542,168,14657010,-99.358,30.0617,2025-07-02T03:00:00Z,2,3,7_2,0.5,2025,7
187749,542,168,14657010,-99.358,30.0617,2025-07-02T04:00:00Z,2,4,7_2,0,2025,7
187749,542,168,14657010,-99.358,30.0617,2025-07-02T05:00:00Z,2,5,7_2,0,2025,7
187749,542,168,14657010,-99.358,30.0617,2025-07-02T06:00:00Z,2,6,7_2,0,2025,7
187749,542,168,14657010,-99.358,30.0617,2025-07-02T07:00:00Z,2,7,7_2,0,2025,7
187749,542,168,14657010,-99.358,30.0617,2025-07-02T08:00:00Z,2,8,7_2,0,2025,7
187749,542,168,14657010,-99.358,30.0617,2025-07-02T09:00:00Z,2,9,7_2,0,2025,7
187749,542,168,14657010,-99.358,30.0617,2025-07-02T10:00:00Z,2,10,7_2,0,2025,7
187749,542,168,14657010,-99.358,30.0617,2025-07-02T11:00:00Z,2,11,7_2,0,2025,7
187749,542,168,14657010,-99.358,30.0617,2025-07-02T12:00:00Z,2,12,7_2,0.125,2025,7
187749,542,168,14657010,-99.358,30.0617,2025-07-02T13:00:00Z,2,13,7_2,0.125,2025,7
187749,542,168,14657010,-99.358,30.0617,2025-07-02T14:00:00Z,2,14,7_2,0.25,2025,7
187749,542,168,14657010,-99.358,30.0617,2025-07-02T15:00:00Z,2,15,7_2,0.5,2025,7
187749,542,168,14657010,-99.358,30.0617,2025-07-02T16:00:00Z,2,16,7_2,0,2025,7
187749,542,168,14657010,-99.358,30.0617,2025-07-02T17:00:00Z,2,17,7_2,0.25,2025,7
187749,542,168,14657010,-99.358,30.0617,2025-07-02T18:00:00Z,2,18,7_2,3.875,2025,7
187749,542,168,14657010,-99.358,30.0617,2025-07-02T19:00:00Z,2,19,7_2,0.5,2025,7
187749,542,168,14657010,-99.358,30.0617,2025-07-02T20:00:00Z,2,20,7_2,1.125,2025,7
187749,542,168,14657010,-99.358,30.0617,2025-07-02T21:00:00Z,2,21,7_2,1.125,2025,7
187749,542,168,14657010,-99.358,30.0617,2025-07-02T22:00:00Z,2,22,7_2,0,2025,7
187749,542,168,14657010,-99.358,30.0617,2025-07-02T23:00:00Z,2,23,7_2,0,2025,7
187749,542,168,14657010,-99.358,30.0617,2025-07-03T00:00:00Z,3,0,7_3,1.125,2025,7
187749,542,168,14657010,-99.358,30.0617,2025-07-03T01:00:00Z,3,1,7_3,0,2025,7
187749,542,168,14657010,-99.358,30.0617,2025-07-03T02:00:00Z,3,2,7_3,0,2025,7
187749,542,168,14657010,-99.358,30.0617,2025-07-03T03:00:00Z,3,3,7_3,0,2025,7
187749,542,168,14657010,-99.358,30.0617,2025-07-03T04:00:00Z,3,4,7_3,0,2025,7
187749,542,168,14657010,-99.358,30.0617,2025-07-03T05:00:00Z,3,5,7_3,0,2025,7
187749,542,168,14657010,-99.358,30.0617,2025-07-03T06:00:00Z,3,6,7_3,0,2025,7
187749,542,168,14657010,-99.358,30.0617,2025-07-03T07:00:00Z,3,7,7_3,0,2025,7
187749,542,168,14657010,-99.358,30.0617,2025-07-03T08:00:00Z,3,8,7_3,0,2025,7
187749,542,168,14657010,-99.358,30.0617,2025-07-03T09:00:00Z,3,9,7_3,0,2025,7
187749,542,168,14657010,-99.358,30.0617,2025-07-03T10:00:00Z,3,10,7_3,0.375,2025,7
187749,542,168,14657010,-99.358,30.0617,2025-07-03T11:00:00Z,3,11,7_3,0,2025,7
187749,542,168,14657010,-99.358,30.0617,2025-07-03T12:00:00Z,3,12,7_3,0,2025,7
187749,542,168,14657010,-99.358,30.0617,2025-07-03T13:00:00Z,3,13,7_3,0,2025,7
187749,542,168,14657010,-99.358,30.0617,2025-07-03T14:00:00Z,3,14,7_3,0,2025,7
187749,542,168,14657010,-99.358,30.0617,2025-07-03T15:00:00Z,3,15,7_3,0,2025,7
187749,542,168,14657010,-99.358,30.0617,2025-07-03T16:00:00Z,3,16,7_3,0.125,2025,7
187749,542,168,14657010,-99.358,30.0617,2025-07-03T17:00:00Z,3,17,7_3,0,2025,7
187749,542,168,14657010,-99.358,30.0617,2025-07-03T18:00:00Z,3,18,7_3,0,2025,7
187749,542,168,14657010,-99.358,30.0617,2025-07-03T19:00:00Z,3,19,7_3,0.25,2025,7
187749,542,168,14657010,-99.358,30.0617,2025-07-03T20:00:00Z,3,20,7_3,0.125,2025,7
187749,542,168,14657010,-99.358,30.0617,2025-07-03T21:00:00Z,3,21,7_3,0,2025,7
187749,542,168,14657010,-99.358,30.0617,2025-07-03T22:00:00Z,3,22,7_3,0,2025,7
187749,542,168,14657010,-99.358,30.0617,2025-07-03T23:00:00Z,3,23,7_3,0,2025,7
187749,542,168,14657010,-99.358,30.0617,2025-07-04T00:00:00Z,4,0,7_4,0,2025,7
187749,542,168,14657010,-99.358,30.0617,2025-07-04T01:00:00Z,4,1,7_4,0,2025,7
187749,542,168,14657010,-99.358,30.0617,2025-07-04T02:00:00Z,4,2,7_4,0,2025,7
187749,542,168,14657010,-99.358,30.0617,2025-07-04T03:00:00Z,4,3,7_4,0,2025,7
187749,542,168,14657010,-99.358,30.0617,2025-07-04T04:00:00Z,4,4,7_4,0,2025,7
187749,542,168,14657010,-99.358,30.0617,2025-07-04T05:00:00Z,4,5,7_4,1.625,2025,7
187749,542,168,14657010,-99.358,30.0617,2025-07-04T06:00:00Z,4,6,7_4,12.625,2025,7
187749,542,168,14657010,-99.358,30.0617,2025-07-04T07:00:00Z,4,7,7_4,33,2025,7
187749,542,168,14657010,-99.358,30.0617,2025-07-04T08:00:00Z,4,8,7_4,59.125,2025,7
187749,542,168,14657010,-99.358,30.0617,2025-07-04T09:00:00Z,4,9,7_4,50.875,2025,7
187749,542,168,14657010,-99.358,30.0617,2025-07-04T10:00:00Z,4,10,7_4,41.875,2025,7
187749,542,168,14657010,-99.358,30.0617,2025-07-04T11:00:00Z,4,11,7_4,2.625,2025,7
187749,542,168,14657010,-99.358,30.0617,2025-07-04T12:00:00Z,4,12,7_4,4.5,2025,7
187749,542,168,14657010,-99.358,30.0617,2025-07-04T13:00:00Z,4,13,7_4,1.875,2025,7
187749,542,168,14657010,-99.358,30.0617,2025-07-04T14:00:00Z,4,14,7_4,1.75,2025,7
187749,542,168,14657010,-99.358,30.0617,2025-07-04T15:00:00Z,4,15,7_4,12.125,2025,7
187749,542,168,14657010,-99.358,30.0617,2025-07-04T16:00:00Z,4,16,7_4,22.75,2025,7
187749,542,168,14657010,-99.358,30.0617,2025-07-04T17:00:00Z,4,17,7_4,8.25,2025,7
187749,542,168,14657010,-99.358,30.0617,2025-07-04T18:00:00Z,4,18,7_4,1.5,2025,7
187749,542,168,14657010,-99.358,30.0617,2025-07-04T19:00:00Z,4,19,7_4,1.25,2025,7
187749,542,168,14657010,-99.358,30.0617,2025-07-04T20:00:00Z,4,20,7_4,0.25,2025,7
187749,542,168,14657010,-99.358,30.0617,2025-07-04T21:00:00Z,4,21,7_4,0.375,2025,7
187749,542,168,14657010,-99.358,30.0617,2025-07-04T22:00:00Z,4,22,7_4,0.75,2025,7
187749,542,168,14657010,-99.358,30.0617,2025-07-04T23:00:00Z,4,23,7_4,0,2025,7
187750,543,168,3101705,-99.3184,30.0583,2025-07-01T00:00:00Z,1,0,7_1,0.75,2025,7
187750,543,168,3101705,-99.3184,30.0583,2025-07-01T01:00:00Z,1,1,7_1,0.25,2025,7
187750,543,168,3101705,-99.3184,30.0583,2025-07-01T02:00:00Z,1,2,7_1,0,2025,7
187750,543,168,3101705,-99.3184,30.0583,2025-07-01T03:00:00Z,1,3,7_1,0,2025,7
187750,543,168,3101705,-99.3184,30.0583,2025-07-01T04:00:00Z,1,4,7_1,0,2025,7
187750,543,168,3101705,-99.3184,30.0583,2025-07-01T05:00:00Z,1,5,7_1,0,2025,7
187750,543,168,3101705,-99.3184,30.0583,2025-07-01T06:00:00Z,1,6,7_1,0,2025,7
187750,543,168,3101705,-99.3184,30.0583,2025-07-01T07:00:00Z,1,7,7_1,0,2025,7
187750,543,168,3101705,-99.3184,30.0583,2025-07-01T08:00:00Z,1,8,7_1,0.625,2025,7
187750,543,168,3101705,-99.3184,30.0583,2025-07-01T09:00:00Z,1,9,7_1,0.25,2025,7
187750,543,168,3101705,-99.3184,30.0583,2025-07-01T10:00:00Z,1,10,7_1,0,2025,7
187750,543,168,3101705,-99.3184,30.0583,2025-07-01T11:00:00Z,1,11,7_1,0,2025,7
187750,543,168,3101705,-99.3184,30.0583,2025-07-01T12:00:00Z,1,12,7_1,0,2025,7
187750,543,168,3101705,-99.3184,30.0583,2025-07-01T13:00:00Z,1,13,7_1,0,2025,7
187750,543,168,3101705,-99.3184,30.0583,2025-07-01T14:00:00Z,1,14,7_1,0,2025,7
187750,543,168,3101705,-99.3184,30.0583,2025-07-01T15:00:00Z,1,15,7_1,0,2025,7
187750,543,168,3101705,-99.3184,30.0583,2025-07-01T16:00:00Z,1,16,7_1,0,2025,7
187750,543,168,3101705,-99.3184,30.0583,2025-07-01T17:00:00Z,1,17,7_1,0,2025,7
187750,543,168,3101705,-99.3184,30.0583,2025-07-01T18:00:00Z,1,18,7_1,0,2025,7
187750,543,168,3101705,-99.3184,30.0583,2025-07-01T19:00:00Z,1,19,7_1,0,2025,7
187750,543,168,3101705,-99.3184,30.0583,2025-07-01T20:00:00Z,1,20,7_1,0,2025,7
187750,543,168,3101705,-99.3184,30.0583,2025-07-01T21:00:00Z,1,21,7_1,0,2025,7
187750,543,168,3101705,-99.3184,30.0583,2025-07-01T22:00:00Z,1,22,7_1,0,2025,7
187750,543,168,3101705,-99.3184,30.0583,2025-07-01T23:00:00Z,1,23,7_1,0,2025,7
187750,543,168,3101705,-99.3184,30.0583,2025-07-02T00:00:00Z,2,0,7_2,0,2025,7
187750,543,168,3101705,-99.3184,30.0583,2025-07-02T01:00:00Z,2,1,7_2,0,2025,7
187750,543,168,3101705,-99.3184,30.0583,2025-07-02T02:00:00Z,2,2,7_2,0,2025,7
187750,543,168,3101705,-99.3184,30.0583,2025-07-02T03:00:00Z,2,3,7_2,0.625,2025,7
187750,543,168,3101705,-99.3184,30.0583,2025-07-02T04:00:00Z,2,4,7_2,0,2025,7
187750,543,168,3101705,-99.3184,30.0583,2025-07-02T05:00:00Z,2,5,7_2,0,2025,7
187750,543,168,3101705,-99.3184,30.0583,2025-07-02T06:00:00Z,2,6,7_2,0,2025,7
187750,543,168,3101705,-99.3184,30.0583,2025-07-02T07:00:00Z,2,7,7_2,0,2025,7
187750,543,168,3101705,-99.3184,30.0583,2025-07-02T08:00:00Z,2,8,7_2,0,2025,7
187750,543,168,3101705,-99.3184,30.0583,2025-07-02T09:00:00Z,2,9,7_2,0,2025,7
187750,543,168,3101705,-99.3184,30.0583,2025-07-02T10:00:00Z,2,10,7_2,0,2025,7
187750,543,168,3101705,-99.3184,30.0583,2025-07-02T11:00:00Z,2,11,7_2,0,2025,7
187750,543,168,3101705,-99.3184,30.0583,2025-07-02T12:00:00Z,2,12,7_2,0,2025,7
187750,543,168,3101705,-99.3184,30.0583,2025-07-02T13:00:00Z,2,13,7_2,0.25,2025,7
187750,543,168,3101705,-99.3184,30.0583,2025-07-02T14:00:00Z,2,14,7_2,0.125,2025,7
187750,543,168,3101705,-99.3184,30.0583,2025-07-02T15:00:00Z,2,15,7_2,0.25,2025,7
187750,543,168,3101705,-99.3184,30.0583,2025-07-02T16:00:00Z,2,16,7_2,0,2025,7
187750,543,168,3101705,-99.3184,30.0583,2025-07-02T17:00:00Z,2,17,7_2,0,2025,7
187750,543,168,3101705,-99.3184,30.0583,2025-07-02T18:00:00Z,2,18,7_2,2,2025,7
187750,543,168,3101705,-99.3184,30.0583,2025-07-02T19:00:00Z,2,19,7_2,0.75,2025,7
187750,543,168,3101705,-99.3184,30.0583,2025-07-02T20:00:00Z,2,20,7_2,0.25,2025,7
187750,543,168,3101705,-99.3184,30.0583,2025-07-02T21:00:00Z,2,21,7_2,1,2025,7
187750,543,168,3101705,-99.3184,30.0583,2025-07-02T22:00:00Z,2,22,7_2,0.625,2025,7
187750,543,168,3101705,-99.3184,30.0583,2025-07-02T23:00:00Z,2,23,7_2,0,2025,7
187750,543,168,3101705,-99.3184,30.0583,2025-07-03T00:00:00Z,3,0,7_3,0,2025,7
187750,543,168,3101705,-99.3184,30.0583,2025-07-03T01:00:00Z,3,1,7_3,0,2025,7
187750,543,168,3101705,-99.3184,30.0583,2025-07-03T02:00:00Z,3,2,7_3,0,2025,7
187750,543,168,3101705,-99.3184,30.0583,2025-07-03T03:00:00Z,3,3,7_3,0,2025,7
187750,543,168,3101705,-99.3184,30.0583,2025-07-03T04:00:00Z,3,4,7_3,0,2025,7
187750,543,168,3101705,-99.3184,30.0583,2025-07-03T05:00:00Z,3,5,7_3,0,2025,7
187750,543,168,3101705,-99.3184,30.0583,2025-07-03T06:00:00Z,3,6,7_3,0,2025,7
187750,543,168,3101705,-99.3184,30.0583,2025-07-03T07:00:00Z,3,7,7_3,0,2025,7
187750,543,168,3101705,-99.3184,30.0583,2025-07-03T08:00:00Z,3,8,7_3,0,2025,7
187750,543,168,3101705,-99.3184,30.0583,2025-07-03T09:00:00Z,3,9,7_3,0,2025,7
187750,543,168,3101705,-99.3184,30.0583,2025-07-03T10:00:00Z,3,10,7_3,0.375,2025,7
187750,543,168,3101705,-99.3184,30.0583,2025-07-03T11:00:00Z,3,11,7_3,0,2025,7
187750,543,168,3101705,-99.3184,30.0583,2025-07-03T12:00:00Z,3,12,7_3,0,2025,7
187750,543,168,3101705,-99.3184,30.0583,2025-07-03T13:00:00Z,3,13,7_3,0,2025,7
187750,543,168,3101705,-99.3184,30.0583,2025-07-03T14:00:00Z,3,14,7_3,0,2025,7
187750,543,168,3101705,-99.3184,30.0583,2025-07-03T15:00:00Z,3,15,7_3,0,2025,7
187750,543,168,3101705,-99.3184,30.0583,2025-07-03T16:00:00Z,3,16,7_3,0.25,2025,7
187750,543,168,3101705,-99.3184,30.0583,2025-07-03T17:00:00Z,3,17,7_3,0,2025,7
187750,543,168,3101705,-99.3184,30.0583,2025-07-03T18:00:00Z,3,18,7_3,0,2025,7
187750,543,168,3101705,-99.3184,30.0583,2025-07-03T19:00:00Z,3,19,7_3,0.125,2025,7
187750,543,168,3101705,-99.3184,30.0583,2025-07-03T20:00:00Z,3,20,7_3,0.5,2025,7
187750,543,168,3101705,-99.3184,30.0583,2025-07-03T21:00:00Z,3,21,7_3,0,2025,7
187750,543,168,3101705,-99.3184,30.0583,2025-07-03T22:00:00Z,3,22,7_3,0,2025,7
187750,543,168,3101705,-99.3184,30.0583,2025-07-03T23:00:00Z,3,23,7_3,0,2025,7
187750,543,168,3101705,-99.3184,30.0583,2025-07-04T00:00:00Z,4,0,7_4,0,2025,7
187750,543,168,3101705,-99.3184,30.0583,2025-07-04T01:00:00Z,4,1,7_4,0,2025,7
187750,543,168,3101705,-99.3184,30.0583,2025-07-04T02:00:00Z,4,2,7_4,0,2025,7
187750,543,168,3101705,-99.3184,30.0583,2025-07-04T03:00:00Z,4,3,7_4,0,2025,7
187750,543,168,3101705,-99.3184,30.0583,2025-07-04T04:00:00Z,4,4,7_4,0,2025,7
187750,543,168,3101705,-99.3184,30.0583,2025-07-04T05:00:00Z,4,5,7_4,2,2025,7
187750,543,168,3101705,-99.3184,30.0583,2025-07-04T06:00:00Z,4,6,7_4,13.75,2025,7
187750,543,168,3101705,-99.3184,30.0583,2025-07-04T07:00:00Z,4,7,7_4,39.125,2025,7
187750,543,168,3101705,-99.3184,30.0583,2025-07-04T08:00:00Z,4,8,7_4,62.5,2025,7
187750,543,168,3101705,-99.3184,30.0583,2025-07-04T09:00:00Z,4,9,7_4,47.25,2025,7
187750,543,168,3101705,-99.3184,30.0583,2025-07-04T10:00:00Z,4,10,7_4,37.875,2025,7
187750,543,168,3101705,-99.3184,30.0583,2025-07-04T11:00:00Z,4,11,7_4,2.375,2025,7
187750,543,168,3101705,-99.3184,30.0583,2025-07-04T12:00:00Z,4,12,7_4,5.25,2025,7
187750,543,168,3101705,-99.3184,30.0583,2025-07-04T13:00:00Z,4,13,7_4,1.875,2025,7
187750,543,168,3101705,-99.3184,30.0583,2025-07-04T14:00:00Z,4,14,7_4,1.5,2025,7
187750,543,168,3101705,-99.3184,30.0583,2025-07-04T15:00:00Z,4,15,7_4,10.375,2025,7
187750,543,168,3101705,-99.3184,30.0583,2025-07-04T16:00:00Z,4,16,7_4,23.75,2025,7
187750,543,168,3101705,-99.3184,30.0583,2025-07-04T17:00:00Z,4,17,7_4,6.875,2025,7
187750,543,168,3101705,-99.3184,30.0583,2025-07-04T18:00:00Z,4,18,7_4,1.625,2025,7
187750,543,168,3101705,-99.3184,30.0583,2025-07-04T19:00:00Z,4,19,7_4,1.25,2025,7
187750,543,168,3101705,-99.3184,30.0583,2025-07-04T20:00:00Z,4,20,7_4,0.25,2025,7
187750,543,168,3101705,-99.3184,30.0583,2025-07-04T21:00:00Z,4,21,7_4,0.625,2025,7
187750,543,168,3101705,-99.3184,30.0583,2025-07-04T22:00:00Z,4,22,7_4,1,2025,7
187750,543,168,3101705,-99.3184,30.0583,2025-07-04T23:00:00Z,4,23,7_4,0,2025,7
188863,535,169,2411946,-99.6317,30.1192,2025-07-01T00:00:00Z,1,0,7_1,2.25,2025,7
188863,535,169,2411946,-99.6317,30.1192,2025-07-01T01:00:00Z,1,1,7_1,0.75,2025,7
188863,535,169,2411946,-99.6317,30.1192,2025-07-01T02:00:00Z,1,2,7_1,0,2025,7
188863,535,169,2411946,-99.6317,30.1192,2025-07-01T03:00:00Z,1,3,7_1,0,2025,7
188863,535,169,2411946,-99.6317,30.1192,2025-07-01T04:00:00Z,1,4,7_1,0,2025,7
188863,535,169,2411946,-99.6317,30.1192,2025-07-01T05:00:00Z,1,5,7_1,0,2025,7
188863,535,169,2411946,-99.6317,30.1192,2025-07-01T06:00:00Z,1,6,7_1,0,2025,7
188863,535,169,2411946,-99.6317,30.1192,2025-07-01T07:00:00Z,1,7,7_1,0,2025,7
188863,535,169,2411946,-99.6317,30.1192,2025-07-01T08:00:00Z,1,8,7_1,0.125,2025,7
188863,535,169,2411946,-99.6317,30.1192,2025-07-01T09:00:00Z,1,9,7_1,0.375,2025,7
188863,535,169,2411946,-99.6317,30.1192,2025-07-01T10:00:00Z,1,10,7_1,1.125,2025,7
188863,535,169,2411946,-99.6317,30.1192,2025-07-01T11:00:00Z,1,11,7_1,0.125,2025,7
188863,535,169,2411946,-99.6317,30.1192,2025-07-01T12:00:00Z,1,12,7_1,0,2025,7
188863,535,169,2411946,-99.6317,30.1192,2025-07-01T13:00:00Z,1,13,7_1,0,2025,7
188863,535,169,2411946,-99.6317,30.1192,2025-07-01T14:00:00Z,1,14,7_1,0,2025,7
188863,535,169,2411946,-99.6317,30.1192,2025-07-01T15:00:00Z,1,15,7_1,0,2025,7
188863,535,169,2411946,-99.6317,30.1192,2025-07-01T16:00:00Z,1,16,7_1,0,2025,7
188863,535,169,2411946,-99.6317,30.1192,2025-07-01T17:00:00Z,1,17,7_1,1.125,2025,7
188863,535,169,2411946,-99.6317,30.1192,2025-07-01T18:00:00Z,1,18,7_1,0.375,2025,7
188863,535,169,2411946,-99.6317,30.1192,2025-07-01T19:00:00Z,1,19,7_1,0,2025,7
188863,535,169,2411946,-99.6317,30.1192,2025-07-01T20:00:00Z,1,20,7_1,0,2025,7
188863,535,169,2411946,-99.6317,30.1192,2025-07-01T21:00:00Z,1,21,7_1,0.125,2025,7
188863,535,169,2411946,-99.6317,30.1192,2025-07-01T22:00:00Z,1,22,7_1,0.25,2025,7
188863,535,169,2411946,-99.6317,30.1192,2025-07-01T23:00:00Z,1,23,7_1,0,2025,7
188863,535,169,2411946,-99.6317,30.1192,2025-07-02T00:00:00Z,2,0,7_2,0,2025,7
188863,535,169,2411946,-99.6317,30.1192,2025-07-02T01:00:00Z,2,1,7_2,0,2025,7
188863,535,169,2411946,-99.6317,30.1192,2025-07-02T02:00:00Z,2,2,7_2,0,2025,7
188863,535,169,2411946,-99.6317,30.1192,2025-07-02T03:00:00Z,2,3,7_2,0,2025,7
188863,535,169,2411946,-99.6317,30.1192,2025-07-02T04:00:00Z,2,4,7_2,0.75,2025,7
188863,535,169,2411946,-99.6317,30.1192,2025-07-02T05:00:00Z,2,5,7_2,0,2025,7
188863,535,169,2411946,-99.6317,30.1192,2025-07-02T06:00:00Z,2,6,7_2,0,2025,7
188863,535,169,2411946,-99.6317,30.1192,2025-07-02T07:00:00Z,2,7,7_2,0,2025,7
188863,535,169,2411946,-99.6317,30.1192,2025-07-02T08:00:00Z,2,8,7_2,0,2025,7
188863,535,169,2411946,-99.6317,30.1192,2025-07-02T09:00:00Z,2,9,7_2,0,2025,7
188863,535,169,2411946,-99.6317,30.1192,2025-07-02T10:00:00Z,2,10,7_2,0,2025,7
188863,535,169,2411946,-99.6317,30.1192,2025-07-02T11:00:00Z,2,11,7_2,0,2025,7
188863,535,169,2411946,-99.6317,30.1192,2025-07-02T12:00:00Z,2,12,7_2,0,2025,7
188863,535,169,2411946,-99.6317,30.1192,2025-07-02T13:00:00Z,2,13,7_2,0.25,2025,7
188863,535,169,2411946,-99.6317,30.1192,2025-07-02T14:00:00Z,2,14,7_2,0.125,2025,7
188863,535,169,2411946,-99.6317,30.1192,2025-07-02T15:00:00Z,2,15,7_2,0,2025,7
188863,535,169,2411946,-99.6317,30.1192,2025-07-02T16:00:00Z,2,16,7_2,0,2025,7
188863,535,169,2411946,-99.6317,30.1192,2025-07-02T17:00:00Z,2,17,7_2,0.125,2025,7
188863,535,169,2411946,-99.6317,30.1192,2025-07-02T18:00:00Z,2,18,7_2,5.125,2025,7
188863,535,169,2411946,-99.6317,30.1192,2025-07-02T19:00:00Z,2,19,7_2,0.75,2025,7
188863,535,169,2411946,-99.6317,30.1192,2025-07-02T20:00:00Z,2,20,7_2,11.375,2025,7
188863,535,169,2411946,-99.6317,30.1192,2025-07-02T21:00:00Z,2,21,7_2,2.125,2025,7
188863,535,169,2411946,-99.6317,30.1192,2025-07-02T22:00:00Z,2,22,7_2,1.5,2025,7
188863,535,169,2411946,-99.6317,30.1192,2025-07-02T23:00:00Z,2,23,7_2,1.125,2025,7
188863,535,169,2411946,-99.6317,30.1192,2025-07-03T00:00:00Z,3,0,7_3,0,2025,7
188863,535,169,2411946,-99.6317,30.1192,2025-07-03T01:00:00Z,3,1,7_3,0,2025,7
188863,535,169,2411946,-99.6317,30.1192,2025-07-03T02:00:00Z,3,2,7_3,0,2025,7
188863,535,169,2411946,-99.6317,30.1192,2025-07-03T03:00:00Z,3,3,7_3,0,2025,7
188863,535,169,2411946,-99.6317,30.1192,2025-07-03T04:00:00Z,3,4,7_3,0,2025,7
188863,535,169,2411946,-99.6317,30.1192,2025-07-03T05:00:00Z,3,5,7_3,0,2025,7
188863,535,169,2411946,-99.6317,30.1192,2025-07-03T06:00:00Z,3,6,7_3,0,2025,7
188863,535,169,2411946,-99.6317,30.1192,2025-07-03T07:00:00Z,3,7,7_3,0,2025,7
188863,535,169,2411946,-99.6317,30.1192,2025-07-03T08:00:00Z,3,8,7_3,0,2025,7
188863,535,169,2411946,-99.6317,30.1192,2025-07-03T09:00:00Z,3,9,7_3,0,2025,7
188863,535,169,2411946,-99.6317,30.1192,2025-07-03T10:00:00Z,3,10,7_3,0,2025,7
188863,535,169,2411946,-99.6317,30.1192,2025-07-03T11:00:00Z,3,11,7_3,0,2025,7
188863,535,169,2411946,-99.6317,30.1192,2025-07-03T12:00:00Z,3,12,7_3,0,2025,7
188863,535,169,2411946,-99.6317,30.1192,2025-07-03T13:00:00Z,3,13,7_3,0,2025,7
188863,535,169,2411946,-99.6317,30.1192,2025-07-03T14:00:00Z,3,14,7_3,0,2025,7
188863,535,169,2411946,-99.6317,30.1192,2025-07-03T15:00:00Z,3,15,7_3,0,2025,7
188863,535,169,2411946,-99.6317,30.1192,2025-07-03T16:00:00Z,3,16,7_3,0,2025,7
188863,535,169,2411946,-99.6317,30.1192,2025-07-03T17:00:00Z,3,17,7_3,0,2025,7
188863,535,169,2411946,-99.6317,30.1192,2025-07-03T18:00:00Z,3,18,7_3,0.75,2025,7
188863,535,169,2411946,-99.6317,30.1192,2025-07-03T19:00:00Z,3,19,7_3,0,2025,7
188863,535,169,2411946,-99.6317,30.1192,2025-07-03T20:00:00Z,3,20,7_3,0.25,2025,7
188863,535,169,2411946,-99.6317,30.1192,2025-07-03T21:00:00Z,3,21,7_3,0,2025,7
188863,535,169,2411946,-99.6317,30.1192,2025-07-03T22:00:00Z,3,22,7_3,0,2025,7
188863,535,169,2411946,-99.6317,30.1192,2025-07-03T23:00:00Z,3,23,7_3,0,2025,7
188863,535,169,2411946,-99.6317,30.1192,2025-07-04T00:00:00Z,4,0,7_4,0,2025,7
188863,535,169,2411946,-99.6317,30.1192,2025-07-04T01:00:00Z,4,1,7_4,0,2025,7
188863,535,169,2411946,-99.6317,30.1192,2025-07-04T02:00:00Z,4,2,7_4,0,2025,7
188863,535,169,2411946,-99.6317,30.1192,2025-07-04T03:00:00Z,4,3,7_4,0,2025,7
188863,535,169,2411946,-99.6317,30.1192,2025-07-04T04:00:00Z,4,4,7_4,0,2025,7
188863,535,169,2411946,-99.6317,30.1192,2025-07-04T05:00:00Z,4,5,7_4,0.25,2025,7
188863,535,169,2411946,-99.6317,30.1192,2025-07-04T06:00:00Z,4,6,7_4,0,2025,7
188863,535,169,2411946,-99.6317,30.1192,2025-07-04T07:00:00Z,4,7,7_4,0,2025,7
188863,535,169,2411946,-99.6317,30.1192,2025-07-04T08:00:00Z,4,8,7_4,6.25,2025,7
188863,535,169,2411946,-99.6317,30.1192,2025-07-04T09:00:00Z,4,9,7_4,2.25,2025,7
188863,535,169,2411946,-99.6317,30.1192,2025-07-04T10:00:00Z,4,10,7_4,4.75,2025,7
188863,535,169,2411946,-99.6317,30.1192,2025-07-04T11:00:00Z,4,11,7_4,12.75,2025,7
188863,535,169,2411946,-99.6317,30.1192,2025-07-04T12:00:00Z,4,12,7_4,19.875,2025,7
188863,535,169,2411946,-99.6317,30.1192,2025-07-04T13:00:00Z,4,13,7_4,2.25,2025,7
188863,535,169,2411946,-99.6317,30.1192,2025-07-04T14:00:00Z,4,14,7_4,5.25,2025,7
188863,535,169,2411946,-99.6317,30.1192,2025-07-04T15:00:00Z,4,15,7_4,11,2025,7
188863,535,169,2411946,-99.6317,30.1192,2025-07-04T16:00:00Z,4,16,7_4,12.625,2025,7
188863,535,169,2411946,-99.6317,30.1192,2025-07-04T17:00:00Z,4,17,7_4,4.25,2025,7
188863,535,169,2411946,-99.6317,30.1192,2025-07-04T18:00:00Z,4,18,7_4,0.625,2025,7
188863,535,169,2411946,-99.6317,30.1192,2025-07-04T19:00:00Z,4,19,7_4,0,2025,7
188863,535,169,2411946,-99.6317,30.1192,2025-07-04T20:00:00Z,4,20,7_4,0,2025,7
188863,535,169,2411946,-99.6317,30.1192,2025-07-04T21:00:00Z,4,21,7_4,0,2025,7
188863,535,169,2411946,-99.6317,30.1192,2025-07-04T22:00:00Z,4,22,7_4,0,2025,7
188863,535,169,2411946,-99.6317,30.1192,2025-07-04T23:00:00Z,4,23,7_4,0,2025,7
188864,536,169,7406808,-99.592,30.1159,2025-07-01T00:00:00Z,1,0,7_1,2.625,2025,7
188864,536,169,7406808,-99.592,30.1159,2025-07-01T01:00:00Z,1,1,7_1,0.875,2025,7
188864,536,169,7406808,-99.592,30.1159,2025-07-01T02:00:00Z,1,2,7_1,0,2025,7
188864,536,169,7406808,-99.592,30.1159,2025-07-01T03:00:00Z,1,3,7_1,0,2025,7
188864,536,169,7406808,-99.592,30.1159,2025-07-01T04:00:00Z,1,4,7_1,0,2025,7
188864,536,169,7406808,-99.592,30.1159,2025-07-01T05:00:00Z,1,5,7_1,0,2025,7
188864,536,169,7406808,-99.592,30.1159,2025-07-01T06:00:00Z,1,6,7_1,0,2025,7
188864,536,169,7406808,-99.592,30.1159,2025-07-01T07:00:00Z,1,7,7_1,0,2025,7
188864,536,169,7406808,-99.592,30.1159,2025-07-01T08:00:00Z,1,8,7_1,0.5,2025,7
188864,536,169,7406808,-99.592,30.1159,2025-07-01T09:00:00Z,1,9,7_1,0.375,2025,7
188864,536,169,7406808,-99.592,30.1159,2025-07-01T10:00:00Z,1,10,7_1,1.5,2025,7
188864,536,169,7406808,-99.592,30.1159,2025-07-01T11:00:00Z,1,11,7_1,0.25,2025,7
188864,536,169,7406808,-99.592,30.1159,2025-07-01T12:00:00Z,1,12,7_1,0,2025,7
188864,536,169,7406808,-99.592,30.1159,2025-07-01T13:00:00Z,1,13,7_1,0,2025,7
188864,536,169,7406808,-99.592,30.1159,2025-07-01T14:00:00Z,1,14,7_1,0,2025,7
188864,536,169,7406808,-99.592,30.1159,2025-07-01T15:00:00Z,1,15,7_1,0,2025,7
188864,536,169,7406808,-99.592,30.1159,2025-07-01T16:00:00Z,1,16,7_1,0,2025,7
188864,536,169,7406808,-99.592,30.1159,2025-07-01T17:00:00Z,1,17,7_1,1.25,2025,7
188864,536,169,7406808,-99.592,30.1159,2025-07-01T18:00:00Z,1,18,7_1,0.5,2025,7
188864,536,169,7406808,-99.592,30.1159,2025-07-01T19:00:00Z,1,19,7_1,0,2025,7
188864,536,169,7406808,-99.592,30.1159,2025-07-01T20:00:00Z,1,20,7_1,0,2025,7
188864,536,169,7406808,-99.592,30.1159,2025-07-01T21:00:00Z,1,21,7_1,0,2025,7
188864,536,169,7406808,-99.592,30.1159,2025-07-01T22:00:00Z,1,22,7_1,0,2025,7
188864,536,169,7406808,-99.592,30.1159,2025-07-01T23:00:00Z,1,23,7_1,0,2025,7
188864,536,169,7406808,-99.592,30.1159,2025-07-02T00:00:00Z,2,0,7_2,0,2025,7
188864,536,169,7406808,-99.592,30.1159,2025-07-02T01:00:00Z,2,1,7_2,0,2025,7
188864,536,169,7406808,-99.592,30.1159,2025-07-02T02:00:00Z,2,2,7_2,0,2025,7
188864,536,169,7406808,-99.592,30.1159,2025-07-02T03:00:00Z,2,3,7_2,0.125,2025,7
188864,536,169,7406808,-99.592,30.1159,2025-07-02T04:00:00Z,2,4,7_2,0.75,2025,7
188864,536,169,7406808,-99.592,30.1159,2025-07-02T05:00:00Z,2,5,7_2,0,2025,7
188864,536,169,7406808,-99.592,30.1159,2025-07-02T06:00:00Z,2,6,7_2,0,2025,7
188864,536,169,7406808,-99.592,30.1159,2025-07-02T07:00:00Z,2,7,7_2,0,2025,7
188864,536,169,7406808,-99.592,30.1159,2025-07-02T08:00:00Z,2,8,7_2,0,2025,7
188864,536,169,7406808,-99.592,30.1159,2025-07-02T09:00:00Z,2,9,7_2,0,2025,7
188864,536,169,7406808,-99.592,30.1159,2025-07-02T10:00:00Z,2,10,7_2,0,2025,7
188864,536,169,7406808,-99.592,30.1159,2025-07-02T11:00:00Z,2,11,7_2,0,2025,7
188864,536,169,7406808,-99.592,30.1159,2025-07-02T12:00:00Z,2,12,7_2,0,2025,7
188864,536,169,7406808,-99.592,30.1159,2025-07-02T13:00:00Z,2,13,7_2,0.125,2025,7
188864,536,169,7406808,-99.592,30.1159,2025-07-02T14:00:00Z,2,14,7_2,0,2025,7
188864,536,169,7406808,-99.592,30.1159,2025-07-02T15:00:00Z,2,15,7_2,0,2025,7
188864,536,169,7406808,-99.592,30.1159,2025-07-02T16:00:00Z,2,16,7_2,0,2025,7
188864,536,169,7406808,-99.592,30.1159,2025-07-02T17:00:00Z,2,17,7_2,0,2025,7
188864,536,169,7406808,-99.592,30.1159,2025-07-02T18:00:00Z,2,18,7_2,3.125,2025,7
188864,536,169,7406808,-99.592,30.1159,2025-07-02T19:00:00Z,2,19,7_2,0.375,2025,7
188864,536,169,7406808,-99.592,30.1159,2025-07-02T20:00:00Z,2,20,7_2,12.5,2025,7
188864,536,169,7406808,-99.592,30.1159,2025-07-02T21:00:00Z,2,21,7_2,2.375,2025,7
188864,536,169,7406808,-99.592,30.1159,2025-07-02T22:00:00Z,2,22,7_2,1.5,2025,7
188864,536,169,7406808,-99.592,30.1159,2025-07-02T23:00:00Z,2,23,7_2,0.875,2025,7
188864,536,169,7406808,-99.592,30.1159,2025-07-03T00:00:00Z,3,0,7_3,0,2025,7
188864,536,169,7406808,-99.592,30.1159,2025-07-03T01:00:00Z,3,1,7_3,0,2025,7
188864,536,169,7406808,-99.592,30.1159,2025-07-03T02:00:00Z,3,2,7_3,0,2025,7
188864,536,169,7406808,-99.592,30.1159,2025-07-03T03:00:00Z,3,3,7_3,0,2025,7
188864,536,169,7406808,-99.592,30.1159,2025-07-03T04:00:00Z,3,4,7_3,0,2025,7
188864,536,169,7406808,-99.592,30.1159,2025-07-03T05:00:00Z,3,5,7_3,0,2025,7
188864,536,169,7406808,-99.592,30.1159,2025-07-03T06:00:00Z,3,6,7_3,0,2025,7
188864,536,169,7406808,-99.592,30.1159,2025-07-03T07:00:00Z,3,7,7_3,0,2025,7
188864,536,169,7406808,-99.592,30.1159,2025-07-03T08:00:00Z,3,8,7_3,0,2025,7
188864,536,169,7406808,-99.592,30.1159,2025-07-03T09:00:00Z,3,9,7_3,0,2025,7
188864,536,169,7406808,-99.592,30.1159,2025-07-03T10:00:00Z,3,10,7_3,0,2025,7
188864,536,169,7406808,-99.592,30.1159,2025-07-03T11:00:00Z,3,11,7_3,0,2025,7
188864,536,169,7406808,-99.592,30.1159,2025-07-03T12:00:00Z,3,12,7_3,0,2025,7
188864,536,169,7406808,-99.592,30.1159,2025-07-03T13:00:00Z,3,13,7_3,0,2025,7
188864,536,169,7406808,-99.592,30.1159,2025-07-03T14:00:00Z,3,14,7_3,0,2025,7
188864,536,169,7406808,-99.592,30.1159,2025-07-03T15:00:00Z,3,15,7_3,0,2025,7
188864,536,169,7406808,-99.592,30.1159,2025-07-03T16:00:00Z,3,16,7_3,0.25,2025,7
188864,536,169,7406808,-99.592,30.1159,2025-07-03T17:00:00Z,3,17,7_3,0,2025,7
188864,536,169,7406808,-99.592,30.1159,2025-07-03T18:00:00Z,3,18,7_3,0.375,2025,7
188864,536,169,7406808,-99.592,30.1159,2025-07-03T19:00:00Z,3,19,7_3,0,2025,7
188864,536,169,7406808,-99.592,30.1159,2025-07-03T20:00:00Z,3,20,7_3,0.125,2025,7
188864,536,169,7406808,-99.592,30.1159,2025-07-03T21:00:00Z,3,21,7_3,0,2025,7
188864,536,169,7406808,-99.592,30.1159,2025-07-03T22:00:00Z,3,22,7_3,0,2025,7
188864,536,169,7406808,-99.592,30.1159,2025-07-03T23:00:00Z,3,23,7_3,0,2025,7
188864,536,169,7406808,-99.592,30.1159,2025-07-04T00:00:00Z,4,0,7_4,0.125,2025,7
188864,536,169,7406808,-99.592,30.1159,2025-07-04T01:00:00Z,4,1,7_4,0,2025,7
188864,536,169,7406808,-99.592,30.1159,2025-07-04T02:00:00Z,4,2,7_4,0,2025,7
188864,536,169,7406808,-99.592,30.1159,2025-07-04T03:00:00Z,4,3,7_4,0,2025,7
188864,536,169,7406808,-99.592,30.1159,2025-07-04T04:00:00Z,4,4,7_4,0,2025,7
188864,536,169,7406808,-99.592,30.1159,2025-07-04T05:00:00Z,4,5,7_4,0.25,2025,7
188864,536,169,7406808,-99.592,30.1159,2025-07-04T06:00:00Z,4,6,7_4,0,2025,7
188864,536,169,7406808,-99.592,30.1159,2025-07-04T07:00:00Z,4,7,7_4,0.125,2025,7
188864,536,169,7406808,-99.592,30.1159,2025-07-04T08:00:00Z,4,8,7_4,9,2025,7
188864,536,169,7406808,-99.592,30.1159,2025-07-04T09:00:00Z,4,9,7_4,7.75,2025,7
188864,536,169,7406808,-99.592,30.1159,2025-07-04T10:00:00Z,4,10,7_4,2,2025,7
188864,536,169,7406808,-99.592,30.1159,2025-07-04T11:00:00Z,4,11,7_4,14.125,2025,7
188864,536,169,7406808,-99.592,30.1159,2025-07-04T12:00:00Z,4,12,7_4,19.875,2025,7
188864,536,169,7406808,-99.592,30.1159,2025-07-04T13:00:00Z,4,13,7_4,2.75,2025,7
188864,536,169,7406808,-99.592,30.1159,2025-07-04T14:00:00Z,4,14,7_4,5,2025,7
188864,536,169,7406808,-99.592,30.1159,2025-07-04T15:00:00Z,4,15,7_4,10.875,2025,7
188864,536,169,7406808,-99.592,30.1159,2025-07-04T16:00:00Z,4,16,7_4,14.25,2025,7
188864,536,169,7406808,-99.592,30.1159,2025-07-04T17:00:00Z,4,17,7_4,5.375,2025,7
188864,536,169,7406808,-99.592,30.1159,2025-07-04T18:00:00Z,4,18,7_4,0.75,2025,7
188864,536,169,7406808,-99.592,30.1159,2025-07-04T19:00:00Z,4,19,7_4,0.125,2025,7
188864,536,169,7406808,-99.592,30.1159,2025-07-04T20:00:00Z,4,20,7_4,0,2025,7
188864,536,169,7406808,-99.592,30.1159,2025-07-04T21:00:00Z,4,21,7_4,0,2025,7
188864,536,169,7406808,-99.592,30.1159,2025-07-04T22:00:00Z,4,22,7_4,0,2025,7
188864,536,169,7406808,-99.592,30.1159,2025-07-04T23:00:00Z,4,23,7_4,0,2025,7
188865,537,169,13577502,-99.5523,30.1127,2025-07-01T00:00:00Z,1,0,7_1,3.375,2025,7
188865,537,169,13577502,-99.5523,30.1127,2025-07-01T01:00:00Z,1,1,7_1,0.75,2025,7
188865,537,169,13577502,-99.5523,30.1127,2025-07-01T02:00:00Z,1,2,7_1,0,2025,7
188865,537,169,13577502,-99.5523,30.1127,2025-07-01T03:00:00Z,1,3,7_1,0,2025,7
188865,537,169,13577502,-99.5523,30.1127,2025-07-01T04:00:00Z,1,4,7_1,0,2025,7
188865,537,169,13577502,-99.5523,30.1127,2025-07-01T05:00:00Z,1,5,7_1,0,2025,7
188865,537,169,13577502,-99.5523,30.1127,2025-07-01T06:00:00Z,1,6,7_1,0,2025,7
188865,537,169,13577502,-99.5523,30.1127,2025-07-01T07:00:00Z,1,7,7_1,0,2025,7
188865,537,169,13577502,-99.5523,30.1127,2025-07-01T08:00:00Z,1,8,7_1,0.875,2025,7
188865,537,169,13577502,-99.5523,30.1127,2025-07-01T09:00:00Z,1,9,7_1,0.375,2025,7
188865,537,169,13577502,-99.5523,30.1127,2025-07-01T10:00:00Z,1,10,7_1,1.875,2025,7
188865,537,169,13577502,-99.5523,30.1127,2025-07-01T11:00:00Z,1,11,7_1,0.375,2025,7
188865,537,169,13577502,-99.5523,30.1127,2025-07-01T12:00:00Z,1,12,7_1,0,2025,7
188865,537,169,13577502,-99.5523,30.1127,2025-07-01T13:00:00Z,1,13,7_1,0,2025,7
188865,537,169,13577502,-99.5523,30.1127,2025-07-01T14:00:00Z,1,14,7_1,0,2025,7
188865,537,169,13577502,-99.5523,30.1127,2025-07-01T15:00:00Z,1,15,7_1,0,2025,7
188865,537,169,13577502,-99.5523,30.1127,2025-07-01T16:00:00Z,1,16,7_1,0,2025,7
188865,537,169,13577502,-99.5523,30.1127,2025-07-01T17:00:00Z,1,17,7_1,1.125,2025,7
188865,537,169,13577502,-99.5523,30.1127,2025-07-01T18:00:00Z,1,18,7_1,0.5,2025,7
188865,537,169,13577502,-99.5523,30.1127,2025-07-01T19:00:00Z,1,19,7_1,0,2025,7
188865,537,169,13577502,-99.5523,30.1127,2025-07-01T20:00:00Z,1,20,7_1,0,2025,7
188865,537,169,13577502,-99.5523,30.1127,2025-07-01T21:00:00Z,1,21,7_1,0,2025,7
188865,537,169,13577502,-99.5523,30.1127,2025-07-01T22:00:00Z,1,22,7_1,0,2025,7
188865,537,169,13577502,-99.5523,30.1127,2025-07-01T23:00:00Z,1,23,7_1,0,2025,7
188865,537,169,13577502,-99.5523,30.1127,2025-07-02T00:00:00Z,2,0,7_2,0,2025,7
188865,537,169,13577502,-99.5523,30.1127,2025-07-02T01:00:00Z,2,1,7_2,0,2025,7
188865,537,169,13577502,-99.5523,30.1127,2025-07-02T02:00:00Z,2,2,7_2,0,2025,7
188865,537,169,13577502,-99.5523,30.1127,2025-07-02T03:00:00Z,2,3,7_2,0.375,2025,7
188865,537,169,13577502,-99.5523,30.1127,2025-07-02T04:00:00Z,2,4,7_2,0.875,2025,7
188865,537,169,13577502,-99.5523,30.1127,2025-07-02T05:00:00Z,2,5,7_2,0,2025,7
188865,537,169,13577502,-99.5523,30.1127,2025-07-02T06:00:00Z,2,6,7_2,0,2025,7
188865,537,169,13577502,-99.5523,30.1127,2025-07-02T07:00:00Z,2,7,7_2,0,2025,7
188865,537,169,13577502,-99.5523,30.1127,2025-07-02T08:00:00Z,2,8,7_2,0,2025,7
188865,537,169,13577502,-99.5523,30.1127,2025-07-02T09:00:00Z,2,9,7_2,0,2025,7
188865,537,169,13577502,-99.5523,30.1127,2025-07-02T10:00:00Z,2,10,7_2,0,2025,7
188865,537,169,13577502,-99.5523,30.1127,2025-07-02T11:00:00Z,2,11,7_2,0,2025,7
188865,537,169,13577502,-99.5523,30.1127,2025-07-02T12:00:00Z,2,12,7_2,0,2025,7
188865,537,169,13577502,-99.5523,30.1127,2025-07-02T13:00:00Z,2,13,7_2,0.125,2025,7
188865,537,169,13577502,-99.5523,30.1127,2025-07-02T14:00:00Z,2,14,7_2,0,2025,7
188865,537,169,13577502,-99.5523,30.1127,2025-07-02T15:00:00Z,2,15,7_2,0,2025,7
188865,537,169,13577502,-99.5523,30.1127,2025-07-02T16:00:00Z,2,16,7_2,0,2025,7
188865,537,169,13577502,-99.5523,30.1127,2025-07-02T17:00:00Z,2,17,7_2,0,2025,7
188865,537,169,13577502,-99.5523,30.1127,2025-07-02T18:00:00Z,2,18,7_2,3.125,2025,7
188865,537,169,13577502,-99.5523,30.1127,2025-07-02T19:00:00Z,2,19,7_2,0.25,2025,7
188865,537,169,13577502,-99.5523,30.1127,2025-07-02T20:00:00Z,2,20,7_2,8,2025,7
188865,537,169,13577502,-99.5523,30.1127,2025-07-02T21:00:00Z,2,21,7_2,2.75,2025,7
188865,537,169,13577502,-99.5523,30.1127,2025-07-02T22:00:00Z,2,22,7_2,1.375,2025,7
188865,537,169,13577502,-99.5523,30.1127,2025-07-02T23:00:00Z,2,23,7_2,0.625,2025,7
188865,537,169,13577502,-99.5523,30.1127,2025-07-03T00:00:00Z,3,0,7_3,0.375,2025,7
188865,537,169,13577502,-99.5523,30.1127,2025-07-03T01:00:00Z,3,1,7_3,0,2025,7
188865,537,169,13577502,-99.5523,30.1127,2025-07-03T02:00:00Z,3,2,7_3,0,2025,7
188865,537,169,13577502,-99.5523,30.1127,2025-07-03T03:00:00Z,3,3,7_3,0,2025,7
188865,537,169,13577502,-99.5523,30.1127,2025-07-03T04:00:00Z,3,4,7_3,0,2025,7
188865,537,169,13577502,-99.5523,30.1127,2025-07-03T05:00:00Z,3,5,7_3,0,2025,7
188865,537,169,13577502,-99.5523,30.1127,2025-07-03T06:00:00Z,3,6,7_3,0,2025,7
188865,537,169,13577502,-99.5523,30.1127,2025-07-03T07:00:00Z,3,7,7_3,0,2025,7
188865,537,169,13577502,-99.5523,30.1127,2025-07-03T08:00:00Z,3,8,7_3,0,2025,7
188865,537,169,13577502,-99.5523,30.1127,2025-07-03T09:00:00Z,3,9,7_3,0,2025,7
188865,537,169,13577502,-99.5523,30.1127,2025-07-03T10:00:00Z,3,10,7_3,0,2025,7
188865,537,169,13577502,-99.5523,30.1127,2025-07-03T11:00:00Z,3,11,7_3,0,2025,7
188865,537,169,13577502,-99.5523,30.1127,2025-07-03T12:00:00Z,3,12,7_3,0,2025,7
188865,537,169,13577502,-99.5523,30.1127,2025-07-03T13:00:00Z,3,13,7_3,0,2025,7
188865,537,169,13577502,-99.5523,30.1127,2025-07-03T14:00:00Z,3,14,7_3,0,2025,7
188865,537,169,13577502,-99.5523,30.1127,2025-07-03T15:00:00Z,3,15,7_3,0,2025,7
188865,537,169,13577502,-99.5523,30.1127,2025-07-03T16:00:00Z,3,16,7_3,0.5,2025,7
188865,537,169,13577502,-99.5523,30.1127,2025-07-03T17:00:00Z,3,17,7_3,0,2025,7
188865,537,169,13577502,-99.5523,30.1127,2025-07-03T18:00:00Z,3,18,7_3,0,2025,7
188865,537,169,13577502,-99.5523,30.1127,2025-07-03T19:00:00Z,3,19,7_3,0,2025,7
188865,537,169,13577502,-99.5523,30.1127,2025-07-03T20:00:00Z,3,20,7_3,0,2025,7
188865,537,169,13577502,-99.5523,30.1127,2025-07-03T21:00:00Z,3,21,7_3,0,2025,7
188865,537,169,13577502,-99.5523,30.1127,2025-07-03T22:00:00Z,3,22,7_3,0,2025,7
188865,537,169,13577502,-99.5523,30.1127,2025-07-03T23:00:00Z,3,23,7_3,0,2025,7
188865,537,169,13577502,-99.5523,30.1127,2025-07-04T00:00:00Z,4,0,7_4,0,2025,7
188865,537,169,13577502,-99.5523,30.1127,2025-07-04T01:00:00Z,4,1,7_4,0,2025,7
188865,537,169,13577502,-99.5523,30.1127,2025-07-04T02:00:00Z,4,2,7_4,0,2025,7
188865,537,169,13577502,-99.5523,30.1127,2025-07-04T03:00:00Z,4,3,7_4,0,2025,7
188865,537,169,13577502,-99.5523,30.1127,2025-07-04T04:00:00Z,4,4,7_4,0,2025,7
188865,537,169,13577502,-99.5523,30.1127,2025-07-04T05:00:00Z,4,5,7_4,0.375,2025,7
188865,537,169,13577502,-99.5523,30.1127,2025-07-04T06:00:00Z,4,6,7_4,0,2025,7
188865,537,169,13577502,-99.5523,30.1127,2025-07-04T07:00:00Z,4,7,7_4,5.25,2025,7
188865,537,169,13577502,-99.5523,30.1127,2025-07-04T08:00:00Z,4,8,7_4,13,2025,7
188865,537,169,13577502,-99.5523,30.1127,2025-07-04T09:00:00Z,4,9,7_4,21.25,2025,7
188865,537,169,13577502,-99.5523,30.1127,2025-07-04T10:00:00Z,4,10,7_4,4.75,2025,7
188865,537,169,13577502,-99.5523,30.1127,2025-07-04T11:00:00Z,4,11,7_4,11.25,2025,7
188865,537,169,13577502,-99.5523,30.1127,2025-07-04T12:00:00Z,4,12,7_4,17.125,2025,7
188865,537,169,13577502,-99.5523,30.1127,2025-07-04T13:00:00Z,4,13,7_4,3,2025,7
188865,537,169,13577502,-99.5523,30.1127,2025-07-04T14:00:00Z,4,14,7_4,4.875,2025,7
188865,537,169,13577502,-99.5523,30.1127,2025-07-04T15:00:00Z,4,15,7_4,11.25,2025,7
188865,537,169,13577502,-99.5523,30.1127,2025-07-04T16:00:00Z,4,16,7_4,16.875,2025,7
188865,537,169,13577502,-99.5523,30.1127,2025-07-04T17:00:00Z,4,17,7_4,5.875,2025,7
188865,537,169,13577502,-99.5523,30.1127,2025-07-04T18:00:00Z,4,18,7_4,0.75,2025,7
188865,537,169,13577502,-99.5523,30.1127,2025-07-04T19:00:00Z,4,19,7_4,0.25,2025,7
188865,537,169,13577502,-99.5523,30.1127,2025-07-04T20:00:00Z,4,20,7_4,0,2025,7
188865,537,169,13577502,-99.5523,30.1127,2025-07-04T21:00:00Z,4,21,7_4,0,2025,7
188865,537,169,13577502,-99.5523,30.1127,2025-07-04T22:00:00Z,4,22,7_4,0,2025,7
188865,537,169,13577502,-99.5523,30.1127,2025-07-04T23:00:00Z,4,23,7_4,0,2025,7
188866,538,169,14671212,-99.5127,30.1094,2025-07-01T00:00:00Z,1,0,7_1,3.875,2025,7
188866,538,169,14671212,-99.5127,30.1094,2025-07-01T01:00:00Z,1,1,7_1,0.5,2025,7
188866,538,169,14671212,-99.5127,30.1094,2025-07-01T02:00:00Z,1,2,7_1,0,2025,7
188866,538,169,14671212,-99.5127,30.1094,2025-07-01T03:00:00Z,1,3,7_1,0,2025,7
188866,538,169,14671212,-99.5127,30.1094,2025-07-01T04:00:00Z,1,4,7_1,0,2025,7
188866,538,169,14671212,-99.5127,30.1094,2025-07-01T05:00:00Z,1,5,7_1,0,2025,7
188866,538,169,14671212,-99.5127,30.1094,2025-07-01T06:00:00Z,1,6,7_1,0,2025,7
188866,538,169,14671212,-99.5127,30.1094,2025-07-01T07:00:00Z,1,7,7_1,0,2025,7
188866,538,169,14671212,-99.5127,30.1094,2025-07-01T08:00:00Z,1,8,7_1,1.375,2025,7
188866,538,169,14671212,-99.5127,30.1094,2025-07-01T09:00:00Z,1,9,7_1,0.5,2025,7
188866,538,169,14671212,-99.5127,30.1094,2025-07-01T10:00:00Z,1,10,7_1,1.125,2025,7
188866,538,169,14671212,-99.5127,30.1094,2025-07-01T11:00:00Z,1,11,7_1,0,2025,7
188866,538,169,14671212,-99.5127,30.1094,2025-07-01T12:00:00Z,1,12,7_1,0,2025,7
188866,538,169,14671212,-99.5127,30.1094,2025-07-01T13:00:00Z,1,13,7_1,0,2025,7
188866,538,169,14671212,-99.5127,30.1094,2025-07-01T14:00:00Z,1,14,7_1,0,2025,7
188866,538,169,14671212,-99.5127,30.1094,2025-07-01T15:00:00Z,1,15,7_1,0,2025,7
188866,538,169,14671212,-99.5127,30.1094,2025-07-01T16:00:00Z,1,16,7_1,0,2025,7
188866,538,169,14671212,-99.5127,30.1094,2025-07-01T17:00:00Z,1,17,7_1,0.625,2025,7
188866,538,169,14671212,-99.5127,30.1094,2025-07-01T18:00:00Z,1,18,7_1,0.5,2025,7
188866,538,169,14671212,-99.5127,30.1094,2025-07-01T19:00:00Z,1,19,7_1,0,2025,7
188866,538,169,14671212,-99.5127,30.1094,2025-07-01T20:00:00Z,1,20,7_1,0,2025,7
188866,538,169,14671212,-99.5127,30.1094,2025-07-01T21:00:00Z,1,21,7_1,0,2025,7
188866,538,169,14671212,-99.5127,30.1094,2025-07-01T22:00:00Z,1,22,7_1,0,2025,7
188866,538,169,14671212,-99.5127,30.1094,2025-07-01T23:00:00Z,1,23,7_1,0,2025,7
188866,538,169,14671212,-99.5127,30.1094,2025-07-02T00:00:00Z,2,0,7_2,0,2025,7
188866,538,169,14671212,-99.5127,30.1094,2025-07-02T01:00:00Z,2,1,7_2,0,2025,7
188866,538,169,14671212,-99.5127,30.1094,2025-07-02T02:00:00Z,2,2,7_2,0,2025,7
188866,538,169,14671212,-99.5127,30.1094,2025-07-02T03:00:00Z,2,3,7_2,0.5,2025,7
188866,538,169,14671212,-99.5127,30.1094,2025-07-02T04:00:00Z,2,4,7_2,0.875,2025,7
188866,538,169,14671212,-99.5127,30.1094,2025-07-02T05:00:00Z,2,5,7_2,0,2025,7
188866,538,169,14671212,-99.5127,30.1094,2025-07-02T06:00:00Z,2,6,7_2,0,2025,7
188866,538,169,14671212,-99.5127,30.1094,2025-07-02T07:00:00Z,2,7,7_2,0,2025,7
188866,538,169,14671212,-99.5127,30.1094,2025-07-02T08:00:00Z,2,8,7_2,0,2025,7
188866,538,169,14671212,-99.5127,30.1094,2025-07-02T09:00:00Z,2,9,7_2,0,2025,7
188866,538,169,14671212,-99.5127,30.1094,2025-07-02T10:00:00Z,2,10,7_2,0,2025,7
188866,538,169,14671212,-99.5127,30.1094,2025-07-02T11:00:00Z,2,11,7_2,0,2025,7
188866,538,169,14671212,-99.5127,30.1094,2025-07-02T12:00:00Z,2,12,7_2,0,2025,7
188866,538,169,14671212,-99.5127,30.1094,2025-07-02T13:00:00Z,2,13,7_2,0.5,2025,7
188866,538,169,14671212,-99.5127,30.1094,2025-07-02T14:00:00Z,2,14,7_2,0.375,2025,7
188866,538,169,14671212,-99.5127,30.1094,2025-07-02T15:00:00Z,2,15,7_2,0.25,2025,7
188866,538,169,14671212,-99.5127,30.1094,2025-07-02T16:00:00Z,2,16,7_2,0,2025,7
188866,538,169,14671212,-99.5127,30.1094,2025-07-02T17:00:00Z,2,17,7_2,0.125,2025,7
188866,538,169,14671212,-99.5127,30.1094,2025-07-02T18:00:00Z,2,18,7_2,3.75,2025,7
188866,538,169,14671212,-99.5127,30.1094,2025-07-02T19:00:00Z,2,19,7_2,0.5,2025,7
188866,538,169,14671212,-99.5127,30.1094,2025-07-02T20:00:00Z,2,20,7_2,3,2025,7
188866,538,169,14671212,-99.5127,30.1094,2025-07-02T21:00:00Z,2,21,7_2,3,2025,7
188866,538,169,14671212,-99.5127,30.1094,2025-07-02T22:00:00Z,2,22,7_2,1.375,2025,7
188866,538,169,14671212,-99.5127,30.1094,2025-07-02T23:00:00Z,2,23,7_2,0.125,2025,7
188866,538,169,14671212,-99.5127,30.1094,2025-07-03T00:00:00Z,3,0,7_3,0.875,2025,7
188866,538,169,14671212,-99.5127,30.1094,2025-07-03T01:00:00Z,3,1,7_3,0,2025,7
188866,538,169,14671212,-99.5127,30.1094,2025-07-03T02:00:00Z,3,2,7_3,0,2025,7
188866,538,169,14671212,-99.5127,30.1094,2025-07-03T03:00:00Z,3,3,7_3,0,2025,7
188866,538,169,14671212,-99.5127,30.1094,2025-07-03T04:00:00Z,3,4,7_3,0,2025,7
188866,538,169,14671212,-99.5127,30.1094,2025-07-03T05:00:00Z,3,5,7_3,0,2025,7
188866,538,169,14671212,-99.5127,30.1094,2025-07-03T06:00:00Z,3,6,7_3,0,2025,7
188866,538,169,14671212,-99.5127,30.1094,2025-07-03T07:00:00Z,3,7,7_3,0,2025,7
188866,538,169,14671212,-99.5127,30.1094,2025-07-03T08:00:00Z,3,8,7_3,0,2025,7
188866,538,169,14671212,-99.5127,30.1094,2025-07-03T09:00:00Z,3,9,7_3,0,2025,7
188866,538,169,14671212,-99.5127,30.1094,2025-07-03T10:00:00Z,3,10,7_3,0.625,2025,7
188866,538,169,14671212,-99.5127,30.1094,2025-07-03T11:00:00Z,3,11,7_3,0,2025,7
188866,538,169,14671212,-99.5127,30.1094,2025-07-03T12:00:00Z,3,12,7_3,0,2025,7
188866,538,169,14671212,-99.5127,30.1094,2025-07-03T13:00:00Z,3,13,7_3,0,2025,7
188866,538,169,14671212,-99.5127,30.1094,2025-07-03T14:00:00Z,3,14,7_3,0,2025,7
188866,538,169,14671212,-99.5127,30.1094,2025-07-03T15:00:00Z,3,15,7_3,0,2025,7
188866,538,169,14671212,-99.5127,30.1094,2025-07-03T16:00:00Z,3,16,7_3,0.5,2025,7
188866,538,169,14671212,-99.5127,30.1094,2025-07-03T17:00:00Z,3,17,7_3,0,2025,7
188866,538,169,14671212,-99.5127,30.1094,2025-07-03T18:00:00Z,3,18,7_3,0,2025,7
188866,538,169,14671212,-99.5127,30.1094,2025-07-03T19:00:00Z,3,19,7_3,0,2025,7
188866,538,169,14671212,-99.5127,30.1094,2025-07-03T20:00:00Z,3,20,7_3,0,2025,7
188866,538,169,14671212,-99.5127,30.1094,2025-07-03T21:00:00Z,3,21,7_3,0,2025,7
188866,538,169,14671212,-99.5127,30.1094,2025-07-03T22:00:00Z,3,22,7_3,0,2025,7
188866,538,169,14671212,-99.5127,30.1094,2025-07-03T23:00:00Z,3,23,7_3,0,2025,7
188866,538,169,14671212,-99.5127,30.1094,2025-07-04T00:00:00Z,4,0,7_4,0,2025,7
188866,538,169,14671212,-99.5127,30.1094,2025-07-04T01:00:00Z,4,1,7_4,0,2025,7
188866,538,169,14671212,-99.5127,30.1094,2025-07-04T02:00:00Z,4,2,7_4,0,2025,7
188866,538,169,14671212,-99.5127,30.1094,2025-07-04T03:00:00Z,4,3,7_4,0,2025,7
188866,538,169,14671212,-99.5127,30.1094,2025-07-04T04:00:00Z,4,4,7_4,0,2025,7
188866,538,169,14671212,-99.5127,30.1094,2025-07-04T05:00:00Z,4,5,7_4,0.375,2025,7
188866,538,169,14671212,-99.5127,30.1094,2025-07-04T06:00:00Z,4,6,7_4,1,2025,7
188866,538,169,14671212,-99.5127,30.1094,2025-07-04T07:00:00Z,4,7,7_4,7.75,2025,7
188866,538,169,14671212,-99.5127,30.1094,2025-07-04T08:00:00Z,4,8,7_4,13.375,2025,7
188866,538,169,14671212,-99.5127,30.1094,2025-07-04T09:00:00Z,4,9,7_4,34.5,2025,7
188866,538,169,14671212,-99.5127,30.1094,2025-07-04T10:00:00Z,4,10,7_4,8.5,2025,7
188866,538,169,14671212,-99.5127,30.1094,2025-07-04T11:00:00Z,4,11,7_4,8.25,2025,7
188866,538,169,14671212,-99.5127,30.1094,2025-07-04T12:00:00Z,4,12,7_4,8.625,2025,7
188866,538,169,14671212,-99.5127,30.1094,2025-07-04T13:00:00Z,4,13,7_4,3,2025,7
188866,538,169,14671212,-99.5127,30.1094,2025-07-04T14:00:00Z,4,14,7_4,4.25,2025,7
188866,538,169,14671212,-99.5127,30.1094,2025-07-04T15:00:00Z,4,15,7_4,14.25,2025,7
188866,538,169,14671212,-99.5127,30.1094,2025-07-04T16:00:00Z,4,16,7_4,16.125,2025,7
188866,538,169,14671212,-99.5127,30.1094,2025-07-04T17:00:00Z,4,17,7_4,6.5,2025,7
188866,538,169,14671212,-99.5127,30.1094,2025-07-04T18:00:00Z,4,18,7_4,0.875,2025,7
188866,538,169,14671212,-99.5127,30.1094,2025-07-04T19:00:00Z,4,19,7_4,0.25,2025,7
188866,538,169,14671212,-99.5127,30.1094,2025-07-04T20:00:00Z,4,20,7_4,0,2025,7
188866,538,169,14671212,-99.5127,30.1094,2025-07-04T21:00:00Z,4,21,7_4,0.125,2025,7
188866,538,169,14671212,-99.5127,30.1094,2025-07-04T22:00:00Z,4,22,7_4,0.125,2025,7
188866,538,169,14671212,-99.5127,30.1094,2025-07-04T23:00:00Z,4,23,7_4,0,2025,7
188867,539,169,14670227,-99.473,30.1061,2025-07-01T00:00:00Z,1,0,7_1,3.375,2025,7
188867,539,169,14670227,-99.473,30.1061,2025-07-01T01:00:00Z,1,1,7_1,0.25,2025,7
188867,539,169,14670227,-99.473,30.1061,2025-07-01T02:00:00Z,1,2,7_1,0,2025,7
188867,539,169,14670227,-99.473,30.1061,2025-07-01T03:00:00Z,1,3,7_1,0,2025,7
188867,539,169,14670227,-99.473,30.1061,2025-07-01T04:00:00Z,1,4,7_1,0,2025,7
188867,539,169,14670227,-99.473,30.1061,2025-07-01T05:00:00Z,1,5,7_1,0,2025,7
188867,539,169,14670227,-99.473,30.1061,2025-07-01T06:00:00Z,1,6,7_1,0,2025,7
188867,539,169,14670227,-99.473,30.1061,2025-07-01T07:00:00Z,1,7,7_1,0,2025,7
188867,539,169,14670227,-99.473,30.1061,2025-07-01T08:00:00Z,1,8,7_1,1.5,2025,7
188867,539,169,14670227,-99.473,30.1061,2025-07-01T09:00:00Z,1,9,7_1,0.625,2025,7
188867,539,169,14670227,-99.473,30.1061,2025-07-01T10:00:00Z,1,10,7_1,0.75,2025,7
188867,539,169,14670227,-99.473,30.1061,2025-07-01T11:00:00Z,1,11,7_1,0,2025,7
188867,539,169,14670227,-99.473,30.1061,2025-07-01T12:00:00Z,1,12,7_1,0,2025,7
188867,539,169,14670227,-99.473,30.1061,2025-07-01T13:00:00Z,1,13,7_1,0,2025,7
188867,539,169,14670227,-99.473,30.1061,2025-07-01T14:00:00Z,1,14,7_1,0,2025,7
188867,539,169,14670227,-99.473,30.1061,2025-07-01T15:00:00Z,1,15,7_1,0,2025,7
188867,539,169,14670227,-99.473,30.1061,2025-07-01T16:00:00Z,1,16,7_1,0,2025,7
188867,539,169,14670227,-99.473,30.1061,2025-07-01T17:00:00Z,1,17,7_1,0,2025,7
188867,539,169,14670227,-99.473,30.1061,2025-07-01T18:00:00Z,1,18,7_1,0.375,2025,7
188867,539,169,14670227,-99.473,30.1061,2025-07-01T19:00:00Z,1,19,7_1,0,2025,7
188867,539,169,14670227,-99.473,30.1061,2025-07-01T20:00:00Z,1,20,7_1,0,2025,7
188867,539,169,14670227,-99.473,30.1061,2025-07-01T21:00:00Z,1,21,7_1,0,2025,7
188867,539,169,14670227,-99.473,30.1061,2025-07-01T22:00:00Z,1,22,7_1,0,2025,7
188867,539,169,14670227,-99.473,30.1061,2025-07-01T23:00:00Z,1,23,7_1,0,2025,7
188867,539,169,14670227,-99.473,30.1061,2025-07-02T00:00:00Z,2,0,7_2,0,2025,7
188867,539,169,14670227,-99.473,30.1061,2025-07-02T01:00:00Z,2,1,7_2,0,2025,7
188867,539,169,14670227,-99.473,30.1061,2025-07-02T02:00:00Z,2,2,7_2,0,2025,7
188867,539,169,14670227,-99.473,30.1061,2025-07-02T03:00:00Z,2,3,7_2,0.5,2025,7
188867,539,169,14670227,-99.473,30.1061,2025-07-02T04:00:00Z,2,4,7_2,0.25,2025,7
188867,539,169,14670227,-99.473,30.1061,2025-07-02T05:00:00Z,2,5,7_2,0,2025,7
188867,539,169,14670227,-99.473,30.1061,2025-07-02T06:00:00Z,2,6,7_2,0,2025,7
188867,539,169,14670227,-99.473,30.1061,2025-07-02T07:00:00Z,2,7,7_2,0,2025,7
188867,539,169,14670227,-99.473,30.1061,2025-07-02T08:00:00Z,2,8,7_2,0,2025,7
188867,539,169,14670227,-99.473,30.1061,2025-07-02T09:00:00Z,2,9,7_2,0,2025,7
188867,539,169,14670227,-99.473,30.1061,2025-07-02T10:00:00Z,2,10,7_2,0,2025,7
188867,539,169,14670227,-99.473,30.1061,2025-07-02T11:00:00Z,2,11,7_2,0,2025,7
188867,539,169,14670227,-99.473,30.1061,2025-07-02T12:00:00Z,2,12,7_2,0,2025,7
188867,539,169,14670227,-99.473,30.1061,2025-07-02T13:00:00Z,2,13,7_2,0.375,2025,7
188867,539,169,14670227,-99.473,30.1061,2025-07-02T14:00:00Z,2,14,7_2,0.5,2025,7
188867,539,169,14670227,-99.473,30.1061,2025-07-02T15:00:00Z,2,15,7_2,0.375,2025,7
188867,539,169,14670227,-99.473,30.1061,2025-07-02T16:00:00Z,2,16,7_2,0,2025,7
188867,539,169,14670227,-99.473,30.1061,2025-07-02T17:00:00Z,2,17,7_2,0,2025,7
188867,539,169,14670227,-99.473,30.1061,2025-07-02T18:00:00Z,2,18,7_2,5,2025,7
188867,539,169,14670227,-99.473,30.1061,2025-07-02T19:00:00Z,2,19,7_2,0.625,2025,7
188867,539,169,14670227,-99.473,30.1061,2025-07-02T20:00:00Z,2,20,7_2,1.25,2025,7
188867,539,169,14670227,-99.473,30.1061,2025-07-02T21:00:00Z,2,21,7_2,3.875,2025,7
188867,539,169,14670227,-99.473,30.1061,2025-07-02T22:00:00Z,2,22,7_2,1.25,2025,7
188867,539,169,14670227,-99.473,30.1061,2025-07-02T23:00:00Z,2,23,7_2,0,2025,7
188867,539,169,14670227,-99.473,30.1061,2025-07-03T00:00:00Z,3,0,7_3,1.375,2025,7
188867,539,169,14670227,-99.473,30.1061,2025-07-03T01:00:00Z,3,1,7_3,0,2025,7
188867,539,169,14670227,-99.473,30.1061,2025-07-03T02:00:00Z,3,2,7_3,0,2025,7
188867,539,169,14670227,-99.473,30.1061,2025-07-03T03:00:00Z,3,3,7_3,0,2025,7
188867,539,169,14670227,-99.473,30.1061,2025-07-03T04:00:00Z,3,4,7_3,0,2025,7
188867,539,169,14670227,-99.473,30.1061,2025-07-03T05:00:00Z,3,5,7_3,0,2025,7
188867,539,169,14670227,-99.473,30.1061,2025-07-03T06:00:00Z,3,6,7_3,0,2025,7
188867,539,169,14670227,-99.473,30.1061,2025-07-03T07:00:00Z,3,7,7_3,0,2025,7
188867,539,169,14670227,-99.473,30.1061,2025-07-03T08:00:00Z,3,8,7_3,0,2025,7
188867,539,169,14670227,-99.473,30.1061,2025-07-03T09:00:00Z,3,9,7_3,0,2025,7
188867,539,169,14670227,-99.473,30.1061,2025-07-03T10:00:00Z,3,10,7_3,0.75,2025,7
188867,539,169,14670227,-99.473,30.1061,2025-07-03T11:00:00Z,3,11,7_3,0,2025,7
188867,539,169,14670227,-99.473,30.1061,2025-07-03T12:00:00Z,3,12,7_3,0,2025,7
188867,539,169,14670227,-99.473,30.1061,2025-07-03T13:00:00Z,3,13,7_3,0,2025,7
188867,539,169,14670227,-99.473,30.1061,2025-07-03T14:00:00Z,3,14,7_3,0,2025,7
188867,539,169,14670227,-99.473,30.1061,2025-07-03T15:00:00Z,3,15,7_3,0,2025,7
188867,539,169,14670227,-99.473,30.1061,2025-07-03T16:00:00Z,3,16,7_3,0.125,2025,7
188867,539,169,14670227,-99.473,30.1061,2025-07-03T17:00:00Z,3,17,7_3,0,2025,7
188867,539,169,14670227,-99.473,30.1061,2025-07-03T18:00:00Z,3,18,7_3,0,2025,7
188867,539,169,14670227,-99.473,30.1061,2025-07-03T19:00:00Z,3,19,7_3,0,2025,7
188867,539,169,14670227,-99.473,30.1061,2025-07-03T20:00:00Z,3,20,7_3,0.125,2025,7
188867,539,169,14670227,-99.473,30.1061,2025-07-03T21:00:00Z,3,21,7_3,0,2025,7
188867,539,169,14670227,-99.473,30.1061,2025-07-03T22:00:00Z,3,22,7_3,0,2025,7
188867,539,169,14670227,-99.473,30.1061,2025-07-03T23:00:00Z,3,23,7_3,0,2025,7
188867,539,169,14670227,-99.473,30.1061,2025-07-04T00:00:00Z,4,0,7_4,0,2025,7
188867,539,169,14670227,-99.473,30.1061,2025-07-04T01:00:00Z,4,1,7_4,0,2025,7
188867,539,169,14670227,-99.473,30.1061,2025-07-04T02:00:00Z,4,2,7_4,0,2025,7
188867,539,169,14670227,-99.473,30.1061,2025-07-04T03:00:00Z,4,3,7_4,0,2025,7
188867,539,169,14670227,-99.473,30.1061,2025-07-04T04:00:00Z,4,4,7_4,0,2025,7
188867,539,169,14670227,-99.473,30.1061,2025-07-04T05:00:00Z,4,5,7_4,0.375,2025,7
188867,539,169,14670227,-99.473,30.1061,2025-07-04T06:00:00Z,4,6,7_4,4.25,2025,7
188867,539,169,14670227,-99.473,30.1061,2025-07-04T07:00:00Z,4,7,7_4,11.5,2025,7
188867,539,169,14670227,-99.473,30.1061,2025-07-04T08:00:00Z,4,8,7_4,18.25,2025,7
188867,539,169,14670227,-99.473,30.1061,2025-07-04T09:00:00Z,4,9,7_4,44,2025,7
188867,539,169,14670227,-99.473,30.1061,2025-07-04T10:00:00Z,4,10,7_4,21.625,2025,7
188867,539,169,14670227,-99.473,30.1061,2025-07-04T11:00:00Z,4,11,7_4,7.25,2025,7
188867,539,169,14670227,-99.473,30.1061,2025-07-04T12:00:00Z,4,12,7_4,5,2025,7
188867,539,169,14670227,-99.473,30.1061,2025-07-04T13:00:00Z,4,13,7_4,3.125,2025,7
188867,539,169,14670227,-99.473,30.1061,2025-07-04T14:00:00Z,4,14,7_4,3.25,2025,7
188867,539,169,14670227,-99.473,30.1061,2025-07-04T15:00:00Z,4,15,7_4,20,2025,7
188867,539,169,14670227,-99.473,30.1061,2025-07-04T16:00:00Z,4,16,7_4,17.25,2025,7
188867,539,169,14670227,-99.473,30.1061,2025-07-04T17:00:00Z,4,17,7_4,7.125,2025,7
188867,539,169,14670227,-99.473,30.1061,2025-07-04T18:00:00Z,4,18,7_4,1,2025,7
188867,539,169,14670227,-99.473,30.1061,2025-07-04T19:00:00Z,4,19,7_4,0.375,2025,7
188867,539,169,14670227,-99.473,30.1061,2025-07-04T20:00:00Z,4,20,7_4,0.125,2025,7
188867,539,169,14670227,-99.473,30.1061,2025-07-04T21:00:00Z,4,21,7_4,0.125,2025,7
188867,539,169,14670227,-99.473,30.1061,2025-07-04T22:00:00Z,4,22,7_4,0.125,2025,7
188867,539,169,14670227,-99.473,30.1061,2025-07-04T23:00:00Z,4,23,7_4,0,2025,7
188868,540,169,14669234,-99.4334,30.1027,2025-07-01T00:00:00Z,1,0,7_1,2.125,2025,7
188868,540,169,14669234,-99.4334,30.1027,2025-07-01T01:00:00Z,1,1,7_1,0.375,2025,7
188868,540,169,14669234,-99.4334,30.1027,2025-07-01T02:00:00Z,1,2,7_1,0.125,2025,7
188868,540,169,14669234,-99.4334,30.1027,2025-07-01T03:00:00Z,1,3,7_1,0,2025,7
188868,540,169,14669234,-99.4334,30.1027,2025-07-01T04:00:00Z,1,4,7_1,0,2025,7
188868,540,169,14669234,-99.4334,30.1027,2025-07-01T05:00:00Z,1,5,7_1,0,2025,7
188868,540,169,14669234,-99.4334,30.1027,2025-07-01T06:00:00Z,1,6,7_1,0,2025,7
188868,540,169,14669234,-99.4334,30.1027,2025-07-01T07:00:00Z,1,7,7_1,0,2025,7
188868,540,169,14669234,-99.4334,30.1027,2025-07-01T08:00:00Z,1,8,7_1,1.375,2025,7
188868,540,169,14669234,-99.4334,30.1027,2025-07-01T09:00:00Z,1,9,7_1,0.75,2025,7
188868,540,169,14669234,-99.4334,30.1027,2025-07-01T10:00:00Z,1,10,7_1,0.75,2025,7
188868,540,169,14669234,-99.4334,30.1027,2025-07-01T11:00:00Z,1,11,7_1,0,2025,7
188868,540,169,14669234,-99.4334,30.1027,2025-07-01T12:00:00Z,1,12,7_1,0,2025,7
188868,540,169,14669234,-99.4334,30.1027,2025-07-01T13:00:00Z,1,13,7_1,0,2025,7
188868,540,169,14669234,-99.4334,30.1027,2025-07-01T14:00:00Z,1,14,7_1,0,2025,7
188868,540,169,14669234,-99.4334,30.1027,2025-07-01T15:00:00Z,1,15,7_1,0,2025,7
188868,540,169,14669234,-99.4334,30.1027,2025-07-01T16:00:00Z,1,16,7_1,0,2025,7
188868,540,169,14669234,-99.4334,30.1027,2025-07-01T17:00:00Z,1,17,7_1,0,2025,7
188868,540,169,14669234,-99.4334,30.1027,2025-07-01T18:00:00Z,1,18,7_1,0,2025,7
188868,540,169,14669234,-99.4334,30.1027,2025-07-01T19:00:00Z,1,19,7_1,0,2025,7
188868,540,169,14669234,-99.4334,30.1027,2025-07-01T20:00:00Z,1,20,7_1,0,2025,7
188868,540,169,14669234,-99.4334,30.1027,2025-07-01T21:00:00Z,1,21,7_1,0,2025,7
188868,540,169,14669234,-99.4334,30.1027,2025-07-01T22:00:00Z,1,22,7_1,0,2025,7
188868,540,169,14669234,-99.4334,30.1027,2025-07-01T23:00:00Z,1,23,7_1,0,2025,7
188868,540,169,14669234,-99.4334,30.1027,2025-07-02T00:00:00Z,2,0,7_2,0,2025,7
188868,540,169,14669234,-99.4334,30.1027,2025-07-02T01:00:00Z,2,1,7_2,0,2025,7
188868,540,169,14669234,-99.4334,30.1027,2025-07-02T02:00:00Z,2,2,7_2,0,2025,7
188868,540,169,14669234,-99.4334,30.1027,2025-07-02T03:00:00Z,2,3,7_2,0.25,2025,7
188868,540,169,14669234,-99.4334,30.1027,2025-07-02T04:00:00Z,2,4,7_2,0,2025,7
188868,540,169,14669234,-99.4334,30.1027,2025-07-02T05:00:00Z,2,5,7_2,0,2025,7
188868,540,169,14669234,-99.4334,30.1027,2025-07-02T06:00:00Z,2,6,7_2,0,2025,7
188868,540,169,14669234,-99.4334,30.1027,2025-07-02T07:00:00Z,2,7,7_2,0,2025,7
188868,540,169,14669234,-99.4334,30.1027,2025-07-02T08:00:00Z,2,8,7_2,0,2025,7
188868,540,169,14669234,-99.4334,30.1027,2025-07-02T09:00:00Z,2,9,7_2,0,2025,7
188868,540,169,14669234,-99.4334,30.1027,2025-07-02T10:00:00Z,2,10,7_2,0,2025,7
188868,540,169,14669234,-99.4334,30.1027,2025-07-02T11:00:00Z,2,11,7_2,0,2025,7
188868,540,169,14669234,-99.4334,30.1027,2025-07-02T12:00:00Z,2,12,7_2,0,2025,7
188868,540,169,14669234,-99.4334,30.1027,2025-07-02T13:00:00Z,2,13,7_2,0.5,2025,7
188868,540,169,14669234,-99.4334,30.1027,2025-07-02T14:00:00Z,2,14,7_2,0.25,2025,7
188868,540,169,14669234,-99.4334,30.1027,2025-07-02T15:00:00Z,2,15,7_2,0.625,2025,7
188868,540,169,14669234,-99.4334,30.1027,2025-07-02T16:00:00Z,2,16,7_2,0,2025,7
188868,540,169,14669234,-99.4334,30.1027,2025-07-02T17:00:00Z,2,17,7_2,0,2025,7
188868,540,169,14669234,-99.4334,30.1027,2025-07-02T18:00:00Z,2,18,7_2,5,2025,7
188868,540,169,14669234,-99.4334,30.1027,2025-07-02T19:00:00Z,2,19,7_2,0.75,2025,7
188868,540,169,14669234,-99.4334,30.1027,2025-07-02T20:00:00Z,2,20,7_2,0.25,2025,7
188868,540,169,14669234,-99.4334,30.1027,2025-07-02T21:00:00Z,2,21,7_2,3,2025,7
188868,540,169,14669234,-99.4334,30.1027,2025-07-02T22:00:00Z,2,22,7_2,1,2025,7
188868,540,169,14669234,-99.4334,30.1027,2025-07-02T23:00:00Z,2,23,7_2,0,2025,7
188868,540,169,14669234,-99.4334,30.1027,2025-07-03T00:00:00Z,3,0,7_3,1.625,2025,7
188868,540,169,14669234,-99.4334,30.1027,2025-07-03T01:00:00Z,3,1,7_3,0.125,2025,7
188868,540,169,14669234,-99.4334,30.1027,2025-07-03T02:00:00Z,3,2,7_3,0,2025,7
188868,540,169,14669234,-99.4334,30.1027,2025-07-03T03:00:00Z,3,3,7_3,0,2025,7
188868,540,169,14669234,-99.4334,30.1027,2025-07-03T04:00:00Z,3,4,7_3,0,2025,7
188868,540,169,14669234,-99.4334,30.1027,2025-07-03T05:00:00Z,3,5,7_3,0,2025,7
188868,540,169,14669234,-99.4334,30.1027,2025-07-03T06:00:00Z,3,6,7_3,0,2025,7
188868,540,169,14669234,-99.4334,30.1027,2025-07-03T07:00:00Z,3,7,7_3,0,2025,7
188868,540,169,14669234,-99.4334,30.1027,2025-07-03T08:00:00Z,3,8,7_3,0,2025,7
188868,540,169,14669234,-99.4334,30.1027,2025-07-03T09:00:00Z,3,9,7_3,0,2025,7
188868,540,169,14669234,-99.4334,30.1027,2025-07-03T10:00:00Z,3,10,7_3,0.375,2025,7
188868,540,169,14669234,-99.4334,30.1027,2025-07-03T11:00:00Z,3,11,7_3,0,2025,7
188868,540,169,14669234,-99.4334,30.1027,2025-07-03T12:00:00Z,3,12,7_3,0,2025,7
188868,540,169,14669234,-99.4334,30.1027,2025-07-03T13:00:00Z,3,13,7_3,0,2025,7
188868,540,169,14669234,-99.4334,30.1027,2025-07-03T14:00:00Z,3,14,7_3,0,2025,7
188868,540,169,14669234,-99.4334,30.1027,2025-07-03T15:00:00Z,3,15,7_3,0,2025,7
188868,540,169,14669234,-99.4334,30.1027,2025-07-03T16:00:00Z,3,16,7_3,0.25,2025,7
188868,540,169,14669234,-99.4334,30.1027,2025-07-03T17:00:00Z,3,17,7_3,0,2025,7
188868,540,169,14669234,-99.4334,30.1027,2025-07-03T18:00:00Z,3,18,7_3,0,2025,7
188868,540,169,14669234,-99.4334,30.1027,2025-07-03T19:00:00Z,3,19,7_3,0,2025,7
188868,540,169,14669234,-99.4334,30.1027,2025-07-03T20:00:00Z,3,20,7_3,0.125,2025,7
188868,540,169,14669234,-99.4334,30.1027,2025-07-03T21:00:00Z,3,21,7_3,0,2025,7
188868,540,169,14669234,-99.4334,30.1027,2025-07-03T22:00:00Z,3,22,7_3,0,2025,7
188868,540,169,14669234,-99.4334,30.1027,2025-07-03T23:00:00Z,3,23,7_3,0,2025,7
188868,540,169,14669234,-99.4334,30.1027,2025-07-04T00:00:00Z,4,0,7_4,0,2025,7
188868,540,169,14669234,-99.4334,30.1027,2025-07-04T01:00:00Z,4,1,7_4,0,2025,7
188868,540,169,14669234,-99.4334,30.1027,2025-07-04T02:00:00Z,4,2,7_4,0,2025,7
188868,540,169,14669234,-99.4334,30.1027,2025-07-04T03:00:00Z,4,3,7_4,0,2025,7
188868,540,169,14669234,-99.4334,30.1027,2025-07-04T04:00:00Z,4,4,7_4,0,2025,7
188868,540,169,14669234,-99.4334,30.1027,2025-07-04T05:00:00Z,4,5,7_4,0.375,2025,7
188868,540,169,14669234,-99.4334,30.1027,2025-07-04T06:00:00Z,4,6,7_4,5.25,2025,7
188868,540,169,14669234,-99.4334,30.1027,2025-07-04T07:00:00Z,4,7,7_4,18.875,2025,7
188868,540,169,14669234,-99.4334,30.1027,2025-07-04T08:00:00Z,4,8,7_4,27.375,2025,7
188868,540,169,14669234,-99.4334,30.1027,2025-07-04T09:00:00Z,4,9,7_4,47.625,2025,7
188868,540,169,14669234,-99.4334,30.1027,2025-07-04T10:00:00Z,4,10,7_4,36.875,2025,7
188868,540,169,14669234,-99.4334,30.1027,2025-07-04T11:00:00Z,4,11,7_4,5.625,2025,7
188868,540,169,14669234,-99.4334,30.1027,2025-07-04T12:00:00Z,4,12,7_4,4.5,2025,7
188868,540,169,14669234,-99.4334,30.1027,2025-07-04T13:00:00Z,4,13,7_4,3,2025,7
188868,540,169,14669234,-99.4334,30.1027,2025-07-04T14:00:00Z,4,14,7_4,2.75,2025,7
188868,540,169,14669234,-99.4334,30.1027,2025-07-04T15:00:00Z,4,15,7_4,22.625,2025,7
188868,540,169,14669234,-99.4334,30.1027,2025-07-04T16:00:00Z,4,16,7_4,20,2025,7
188868,540,169,14669234,-99.4334,30.1027,2025-07-04T17:00:00Z,4,17,7_4,7.25,2025,7
188868,540,169,14669234,-99.4334,30.1027,2025-07-04T18:00:00Z,4,18,7_4,1,2025,7
188868,540,169,14669234,-99.4334,30.1027,2025-07-04T19:00:00Z,4,19,7_4,0.375,2025,7
188868,540,169,14669234,-99.4334,30.1027,2025-07-04T20:00:00Z,4,20,7_4,0.25,2025,7
188868,540,169,14669234,-99.4334,30.1027,2025-07-04T21:00:00Z,4,21,7_4,0.25,2025,7
188868,540,169,14669234,-99.4334,30.1027,2025-07-04T22:00:00Z,4,22,7_4,0.25,2025,7
188868,540,169,14669234,-99.4334,30.1027,2025-07-04T23:00:00Z,4,23,7_4,0,2025,7
188869,541,169,14668234,-99.3937,30.0994,2025-07-01T00:00:00Z,1,0,7_1,1.125,2025,7
188869,541,169,14668234,-99.3937,30.0994,2025-07-01T01:00:00Z,1,1,7_1,0.375,2025,7
188869,541,169,14668234,-99.3937,30.0994,2025-07-01T02:00:00Z,1,2,7_1,0.25,2025,7
188869,541,169,14668234,-99.3937,30.0994,2025-07-01T03:00:00Z,1,3,7_1,0,2025,7
188869,541,169,14668234,-99.3937,30.0994,2025-07-01T04:00:00Z,1,4,7_1,0,2025,7
188869,541,169,14668234,-99.3937,30.0994,2025-07-01T05:00:00Z,1,5,7_1,0,2025,7
188869,541,169,14668234,-99.3937,30.0994,2025-07-01T06:00:00Z,1,6,7_1,0,2025,7
188869,541,169,14668234,-99.3937,30.0994,2025-07-01T07:00:00Z,1,7,7_1,0,2025,7
188869,541,169,14668234,-99.3937,30.0994,2025-07-01T08:00:00Z,1,8,7_1,1.125,2025,7
188869,541,169,14668234,-99.3937,30.0994,2025-07-01T09:00:00Z,1,9,7_1,0.625,2025,7
188869,541,169,14668234,-99.3937,30.0994,2025-07-01T10:00:00Z,1,10,7_1,0.25,2025,7
188869,541,169,14668234,-99.3937,30.0994,2025-07-01T11:00:00Z,1,11,7_1,0,2025,7
188869,541,169,14668234,-99.3937,30.0994,2025-07-01T12:00:00Z,1,12,7_1,0,2025,7
188869,541,169,14668234,-99.3937,30.0994,2025-07-01T13:00:00Z,1,13,7_1,0,2025,7
188869,541,169,14668234,-99.3937,30.0994,2025-07-01T14:00:00Z,1,14,7_1,0,2025,7
188869,541,169,14668234,-99.3937,30.0994,2025-07-01T15:00:00Z,1,15,7_1,0,2025,7
188869,541,169,14668234,-99.3937,30.0994,2025-07-01T16:00:00Z,1,16,7_1,0,2025,7
188869,541,169,14668234,-99.3937,30.0994,2025-07-01T17:00:00Z,1,17,7_1,0,2025,7
188869,541,169,14668234,-99.3937,30.0994,2025-07-01T18:00:00Z,1,18,7_1,0,2025,7
188869,541,169,14668234,-99.3937,30.0994,2025-07-01T19:00:00Z,1,19,7_1,0,2025,7
188869,541,169,14668234,-99.3937,30.0994,2025-07-01T20:00:00Z,1,20,7_1,0,2025,7
188869,541,169,14668234,-99.3937,30.0994,2025-07-01T21:00:00Z,1,21,7_1,0,2025,7
188869,541,169,14668234,-99.3937,30.0994,2025-07-01T22:00:00Z,1,22,7_1,0,2025,7
188869,541,169,14668234,-99.3937,30.0994,2025-07-01T23:00:00Z,1,23,7_1,0,2025,7
188869,541,169,14668234,-99.3937,30.0994,2025-07-02T00:00:00Z,2,0,7_2,0,2025,7
188869,541,169,14668234,-99.3937,30.0994,2025-07-02T01:00:00Z,2,1,7_2,0,2025,7
188869,541,169,14668234,-99.3937,30.0994,2025-07-02T02:00:00Z,2,2,7_2,0,2025,7
188869,541,169,14668234,-99.3937,30.0994,2025-07-02T03:00:00Z,2,3,7_2,0.375,2025,7
188869,541,169,14668234,-99.3937,30.0994,2025-07-02T04:00:00Z,2,4,7_2,0,2025,7
188869,541,169,14668234,-99.3937,30.0994,2025-07-02T05:00:00Z,2,5,7_2,0,2025,7
188869,541,169,14668234,-99.3937,30.0994,2025-07-02T06:00:00Z,2,6,7_2,0,2025,7
188869,541,169,14668234,-99.3937,30.0994,2025-07-02T07:00:00Z,2,7,7_2,0,2025,7
188869,541,169,14668234,-99.3937,30.0994,2025-07-02T08:00:00Z,2,8,7_2,0,2025,7
188869,541,169,14668234,-99.3937,30.0994,2025-07-02T09:00:00Z,2,9,7_2,0,2025,7
188869,541,169,14668234,-99.3937,30.0994,2025-07-02T10:00:00Z,2,10,7_2,0,2025,7
188869,541,169,14668234,-99.3937,30.0994,2025-07-02T11:00:00Z,2,11,7_2,0,2025,7
188869,541,169,14668234,-99.3937,30.0994,2025-07-02T12:00:00Z,2,12,7_2,0,2025,7
188869,541,169,14668234,-99.3937,30.0994,2025-07-02T13:00:00Z,2,13,7_2,0.25,2025,7
188869,541,169,14668234,-99.3937,30.0994,2025-07-02T14:00:00Z,2,14,7_2,0.25,2025,7
188869,541,169,14668234,-99.3937,30.0994,2025-07-02T15:00:00Z,2,15,7_2,0.5,2025,7
188869,541,169,14668234,-99.3937,30.0994,2025-07-02T16:00:00Z,2,16,7_2,0,2025,7
188869,541,169,14668234,-99.3937,30.0994,2025-07-02T17:00:00Z,2,17,7_2,0,2025,7
188869,541,169,14668234,-99.3937,30.0994,2025-07-02T18:00:00Z,2,18,7_2,3.625,2025,7
188869,541,169,14668234,-99.3937,30.0994,2025-07-02T19:00:00Z,2,19,7_2,0.75,2025,7
188869,541,169,14668234,-99.3937,30.0994,2025-07-02T20:00:00Z,2,20,7_2,0.5,2025,7
188869,541,169,14668234,-99.3937,30.0994,2025-07-02T21:00:00Z,2,21,7_2,1.875,2025,7
188869,541,169,14668234,-99.3937,30.0994,2025-07-02T22:00:00Z,2,22,7_2,0.125,2025,7
188869,541,169,14668234,-99.3937,30.0994,2025-07-02T23:00:00Z,2,23,7_2,0,2025,7
188869,541,169,14668234,-99.3937,30.0994,2025-07-03T00:00:00Z,3,0,7_3,1.25,2025,7
188869,541,169,14668234,-99.3937,30.0994,2025-07-03T01:00:00Z,3,1,7_3,0.5,2025,7
188869,541,169,14668234,-99.3937,30.0994,2025-07-03T02:00:00Z,3,2,7_3,0,2025,7
188869,541,169,14668234,-99.3937,30.0994,2025-07-03T03:00:00Z,3,3,7_3,0,2025,7
188869,541,169,14668234,-99.3937,30.0994,2025-07-03T04:00:00Z,3,4,7_3,0,2025,7
188869,541,169,14668234,-99.3937,30.0994,2025-07-03T05:00:00Z,3,5,7_3,0,2025,7
188869,541,169,14668234,-99.3937,30.0994,2025-07-03T06:00:00Z,3,6,7_3,0,2025,7
188869,541,169,14668234,-99.3937,30.0994,2025-07-03T07:00:00Z,3,7,7_3,0,2025,7
188869,541,169,14668234,-99.3937,30.0994,2025-07-03T08:00:00Z,3,8,7_3,0,2025,7
188869,541,169,14668234,-99.3937,30.0994,2025-07-03T09:00:00Z,3,9,7_3,0,2025,7
188869,541,169,14668234,-99.3937,30.0994,2025-07-03T10:00:00Z,3,10,7_3,0.375,2025,7
188869,541,169,14668234,-99.3937,30.0994,2025-07-03T11:00:00Z,3,11,7_3,0,2025,7
188869,541,169,14668234,-99.3937,30.0994,2025-07-03T12:00:00Z,3,12,7_3,0,2025,7
188869,541,169,14668234,-99.3937,30.0994,2025-07-03T13:00:00Z,3,13,7_3,0,2025,7
188869,541,169,14668234,-99.3937,30.0994,2025-07-03T14:00:00Z,3,14,7_3,0,2025,7
188869,541,169,14668234,-99.3937,30.0994,2025-07-03T15:00:00Z,3,15,7_3,0,2025,7
188869,541,169,14668234,-99.3937,30.0994,2025-07-03T16:00:00Z,3,16,7_3,0.125,2025,7
188869,541,169,14668234,-99.3937,30.0994,2025-07-03T17:00:00Z,3,17,7_3,0,2025,7
188869,541,169,14668234,-99.3937,30.0994,2025-07-03T18:00:00Z,3,18,7_3,0,2025,7
188869,541,169,14668234,-99.3937,30.0994,2025-07-03T19:00:00Z,3,19,7_3,0,2025,7
188869,541,169,14668234,-99.3937,30.0994,2025-07-03T20:00:00Z,3,20,7_3,0.125,2025,7
188869,541,169,14668234,-99.3937,30.0994,2025-07-03T21:00:00Z,3,21,7_3,0,2025,7
188869,541,169,14668234,-99.3937,30.0994,2025-07-03T22:00:00Z,3,22,7_3,0,2025,7
188869,541,169,14668234,-99.3937,30.0994,2025-07-03T23:00:00Z,3,23,7_3,0,2025,7
188869,541,169,14668234,-99.3937,30.0994,2025-07-04T00:00:00Z,4,0,7_4,0,2025,7
188869,541,169,14668234,-99.3937,30.0994,2025-07-04T01:00:00Z,4,1,7_4,0,2025,7
188869,541,169,14668234,-99.3937,30.0994,2025-07-04T02:00:00Z,4,2,7_4,0,2025,7
188869,541,169,14668234,-99.3937,30.0994,2025-07-04T03:00:00Z,4,3,7_4,0,2025,7
188869,541,169,14668234,-99.3937,30.0994,2025-07-04T04:00:00Z,4,4,7_4,0,2025,7
188869,541,169,14668234,-99.3937,30.0994,2025-07-04T05:00:00Z,4,5,7_4,0.5,2025,7
188869,541,169,14668234,-99.3937,30.0994,2025-07-04T06:00:00Z,4,6,7_4,6.5,2025,7
188869,541,169,14668234,-99.3937,30.0994,2025-07-04T07:00:00Z,4,7,7_4,31.875,2025,7
188869,541,169,14668234,-99.3937,30.0994,2025-07-04T08:00:00Z,4,8,7_4,42.375,2025,7
188869,541,169,14668234,-99.3937,30.0994,2025-07-04T09:00:00Z,4,9,7_4,51,2025,7
188869,541,169,14668234,-99.3937,30.0994,2025-07-04T10:00:00Z,4,10,7_4,49.75,2025,7
188869,541,169,14668234,-99.3937,30.0994,2025-07-04T11:00:00Z,4,11,7_4,3.75,2025,7
188869,541,169,14668234,-99.3937,30.0994,2025-07-04T12:00:00Z,4,12,7_4,4,2025,7
188869,541,169,14668234,-99.3937,30.0994,2025-07-04T13:00:00Z,4,13,7_4,3.125,2025,7
188869,541,169,14668234,-99.3937,30.0994,2025-07-04T14:00:00Z,4,14,7_4,2.375,2025,7
188869,541,169,14668234,-99.3937,30.0994,2025-07-04T15:00:00Z,4,15,7_4,22.125,2025,7
188869,541,169,14668234,-99.3937,30.0994,2025-07-04T16:00:00Z,4,16,7_4,26.375,2025,7
188869,541,169,14668234,-99.3937,30.0994,2025-07-04T17:00:00Z,4,17,7_4,8.125,2025,7
188869,541,169,14668234,-99.3937,30.0994,2025-07-04T18:00:00Z,4,18,7_4,1,2025,7
188869,541,169,14668234,-99.3937,30.0994,2025-07-04T19:00:00Z,4,19,7_4,0.375,2025,7
188869,541,169,14668234,-99.3937,30.0994,2025-07-04T20:00:00Z,4,20,7_4,0.25,2025,7
188869,541,169,14668234,-99.3937,30.0994,2025-07-04T21:00:00Z,4,21,7_4,0.5,2025,7
188869,541,169,14668234,-99.3937,30.0994,2025-07-04T22:00:00Z,4,22,7_4,0.75,2025,7
188869,541,169,14668234,-99.3937,30.0994,2025-07-04T23:00:00Z,4,23,7_4,0,2025,7
188870,542,169,14115394,-99.3541,30.096,2025-07-01T00:00:00Z,1,0,7_1,0.75,2025,7
188870,542,169,14115394,-99.3541,30.096,2025-07-01T01:00:00Z,1,1,7_1,0.5,2025,7
188870,542,169,14115394,-99.3541,30.096,2025-07-01T02:00:00Z,1,2,7_1,0.125,2025,7
188870,542,169,14115394,-99.3541,30.096,2025-07-01T03:00:00Z,1,3,7_1,0,2025,7
188870,542,169,14115394,-99.3541,30.096,2025-07-01T04:00:00Z,1,4,7_1,0,2025,7
188870,542,169,14115394,-99.3541,30.096,2025-07-01T05:00:00Z,1,5,7_1,0,2025,7
188870,542,169,14115394,-99.3541,30.096,2025-07-01T06:00:00Z,1,6,7_1,0,2025,7
188870,542,169,14115394,-99.3541,30.096,2025-07-01T07:00:00Z,1,7,7_1,0,2025,7
188870,542,169,14115394,-99.3541,30.096,2025-07-01T08:00:00Z,1,8,7_1,0.75,2025,7
188870,542,169,14115394,-99.3541,30.096,2025-07-01T09:00:00Z,1,9,7_1,0.5,2025,7
188870,542,169,14115394,-99.3541,30.096,2025-07-01T10:00:00Z,1,10,7_1,0,2025,7
188870,542,169,14115394,-99.3541,30.096,2025-07-01T11:00:00Z,1,11,7_1,0,2025,7
188870,542,169,14115394,-99.3541,30.096,2025-07-01T12:00:00Z,1,12,7_1,0,2025,7
188870,542,169,14115394,-99.3541,30.096,2025-07-01T13:00:00Z,1,13,7_1,0,2025,7
188870,542,169,14115394,-99.3541,30.096,2025-07-01T14:00:00Z,1,14,7_1,0,2025,7
188870,542,169,14115394,-99.3541,30.096,2025-07-01T15:00:00Z,1,15,7_1,0,2025,7
188870,542,169,14115394,-99.3541,30.096,2025-07-01T16:00:00Z,1,16,7_1,0,2025,7
188870,542,169,14115394,-99.3541,30.096,2025-07-01T17:00:00Z,1,17,7_1,0,2025,7
188870,542,169,14115394,-99.3541,30.096,2025-07-01T18:00:00Z,1,18,7_1,0,2025,7
188870,542,169,14115394,-99.3541,30.096,2025-07-01T19:00:00Z,1,19,7_1,0,2025,7
188870,542,169,14115394,-99.3541,30.096,2025-07-01T20:00:00Z,1,20,7_1,0,2025,7
188870,542,169,14115394,-99.3541,30.096,2025-07-01T21:00:00Z,1,21,7_1,0,2025,7
188870,542,169,14115394,-99.3541,30.096,2025-07-01T22:00:00Z,1,22,7_1,0,2025,7
188870,542,169,14115394,-99.3541,30.096,2025-07-01T23:00:00Z,1,23,7_1,0,2025,7
188870,542,169,14115394,-99.3541,30.096,2025-07-02T00:00:00Z,2,0,7_2,0,2025,7
188870,542,169,14115394,-99.3541,30.096,2025-07-02T01:00:00Z,2,1,7_2,0,2025,7
188870,542,169,14115394,-99.3541,30.096,2025-07-02T02:00:00Z,2,2,7_2,0,2025,7
188870,542,169,14115394,-99.3541,30.096,2025-07-02T03:00:00Z,2,3,7_2,0.375,2025,7
188870,542,169,14115394,-99.3541,30.096,2025-07-02T04:00:00Z,2,4,7_2,0,2025,7
188870,542,169,14115394,-99.3541,30.096,2025-07-02T05:00:00Z,2,5,7_2,0,2025,7
188870,542,169,14115394,-99.3541,30.096,2025-07-02T06:00:00Z,2,6,7_2,0,2025,7
188870,542,169,14115394,-99.3541,30.096,2025-07-02T07:00:00Z,2,7,7_2,0,2025,7
188870,542,169,14115394,-99.3541,30.096,2025-07-02T08:00:00Z,2,8,7_2,0,2025,7
188870,542,169,14115394,-99.3541,30.096,2025-07-02T09:00:00Z,2,9,7_2,0,2025,7
188870,542,169,14115394,-99.3541,30.096,2025-07-02T10:00:00Z,2,10,7_2,0,2025,7
188870,542,169,14115394,-99.3541,30.096,2025-07-02T11:00:00Z,2,11,7_2,0,2025,7
188870,542,169,14115394,-99.3541,30.096,2025-07-02T12:00:00Z,2,12,7_2,0,2025,7
188870,542,169,14115394,-99.3541,30.096,2025-07-02T13:00:00Z,2,13,7_2,0.125,2025,7
188870,542,169,14115394,-99.3541,30.096,2025-07-02T14:00:00Z,2,14,7_2,0,2025,7
188870,542,169,14115394,-99.3541,30.096,2025-07-02T15:00:00Z,2,15,7_2,0.25,2025,7
188870,542,169,14115394,-99.3541,30.096,2025-07-02T16:00:00Z,2,16,7_2,0,2025,7
188870,542,169,14115394,-99.3541,30.096,2025-07-02T17:00:00Z,2,17,7_2,0,2025,7
188870,542,169,14115394,-99.3541,30.096,2025-07-02T18:00:00Z,2,18,7_2,3.25,2025,7
188870,542,169,14115394,-99.3541,30.096,2025-07-02T19:00:00Z,2,19,7_2,0.625,2025,7
188870,542,169,14115394,-99.3541,30.096,2025-07-02T20:00:00Z,2,20,7_2,1,2025,7
188870,542,169,14115394,-99.3541,30.096,2025-07-02T21:00:00Z,2,21,7_2,1.625,2025,7
188870,542,169,14115394,-99.3541,30.096,2025-07-02T22:00:00Z,2,22,7_2,0.625,2025,7
188870,542,169,14115394,-99.3541,30.096,2025-07-02T23:00:00Z,2,23,7_2,0.125,2025,7
188870,542,169,14115394,-99.3541,30.096,2025-07-03T00:00:00Z,3,0,7_3,0.25,2025,7
188870,542,169,14115394,-99.3541,30.096,2025-07-03T01:00:00Z,3,1,7_3,0,2025,7
188870,542,169,14115394,-99.3541,30.096,2025-07-03T02:00:00Z,3,2,7_3,0,2025,7
188870,542,169,14115394,-99.3541,30.096,2025-07-03T03:00:00Z,3,3,7_3,0,2025,7
188870,542,169,14115394,-99.3541,30.096,2025-07-03T04:00:00Z,3,4,7_3,0,2025,7
188870,542,169,14115394,-99.3541,30.096,2025-07-03T05:00:00Z,3,5,7_3,0,2025,7
188870,542,169,14115394,-99.3541,30.096,2025-07-03T06:00:00Z,3,6,7_3,0,2025,7
188870,542,169,14115394,-99.3541,30.096,2025-07-03T07:00:00Z,3,7,7_3,0,2025,7
188870,542,169,14115394,-99.3541,30.096,2025-07-03T08:00:00Z,3,8,7_3,0,2025,7
188870,542,169,14115394,-99.3541,30.096,2025-07-03T09:00:00Z,3,9,7_3,0,2025,7
188870,542,169,14115394,-99.3541,30.096,2025-07-03T10:00:00Z,3,10,7_3,0.5,2025,7
188870,542,169,14115394,-99.3541,30.096,2025-07-03T11:00:00Z,3,11,7_3,0,2025,7
188870,542,169,14115394,-99.3541,30.096,2025-07-03T12:00:00Z,3,12,7_3,0,2025,7
188870,542,169,14115394,-99.3541,30.096,2025-07-03T13:00:00Z,3,13,7_3,0,2025,7
188870,542,169,14115394,-99.3541,30.096,2025-07-03T14:00:00Z,3,14,7_3,0,2025,7
188870,542,169,14115394,-99.3541,30.096,2025-07-03T15:00:00Z,3,15,7_3,0,2025,7
188870,542,169,14115394,-99.3541,30.096,2025-07-03T16:00:00Z,3,16,7_3,0.25,2025,7
188870,542,169,14115394,-99.3541,30.096,2025-07-03T17:00:00Z,3,17,7_3,0,2025,7
188870,542,169,14115394,-99.3541,30.096,2025-07-03T18:00:00Z,3,18,7_3,0,2025,7
188870,542,169,14115394,-99.3541,30.096,2025-07-03T19:00:00Z,3,19,7_3,0.125,2025,7
188870,542,169,14115394,-99.3541,30.096,2025-07-03T20:00:00Z,3,20,7_3,0.125,2025,7
188870,542,169,14115394,-99.3541,30.096,2025-07-03T21:00:00Z,3,21,7_3,0,2025,7
188870,542,169,14115394,-99.3541,30.096,2025-07-03T22:00:00Z,3,22,7_3,0,2025,7
188870,542,169,14115394,-99.3541,30.096,2025-07-03T23:00:00Z,3,23,7_3,0,2025,7
188870,542,169,14115394,-99.3541,30.096,2025-07-04T00:00:00Z,4,0,7_4,0,2025,7
188870,542,169,14115394,-99.3541,30.096,2025-07-04T01:00:00Z,4,1,7_4,0,2025,7
188870,542,169,14115394,-99.3541,30.096,2025-07-04T02:00:00Z,4,2,7_4,0,2025,7
188870,542,169,14115394,-99.3541,30.096,2025-07-04T03:00:00Z,4,3,7_4,0,2025,7
188870,542,169,14115394,-99.3541,30.096,2025-07-04T04:00:00Z,4,4,7_4,0.125,2025,7
188870,542,169,14115394,-99.3541,30.096,2025-07-04T05:00:00Z,4,5,7_4,0.75,2025,7
188870,542,169,14115394,-99.3541,30.096,2025-07-04T06:00:00Z,4,6,7_4,10.625,2025,7
188870,542,169,14115394,-99.3541,30.096,2025-07-04T07:00:00Z,4,7,7_4,32.25,2025,7
188870,542,169,14115394,-99.3541,30.096,2025-07-04T08:00:00Z,4,8,7_4,48.75,2025,7
188870,542,169,14115394,-99.3541,30.096,2025-07-04T09:00:00Z,4,9,7_4,40.875,2025,7
188870,542,169,14115394,-99.3541,30.096,2025-07-04T10:00:00Z,4,10,7_4,54.375,2025,7
188870,542,169,14115394,-99.3541,30.096,2025-07-04T11:00:00Z,4,11,7_4,3,2025,7
188870,542,169,14115394,-99.3541,30.096,2025-07-04T12:00:00Z,4,12,7_4,4.375,2025,7
188870,542,169,14115394,-99.3541,30.096,2025-07-04T13:00:00Z,4,13,7_4,2.625,2025,7
188870,542,169,14115394,-99.3541,30.096,2025-07-04T14:00:00Z,4,14,7_4,2.125,2025,7
188870,542,169,14115394,-99.3541,30.096,2025-07-04T15:00:00Z,4,15,7_4,19.25,2025,7
188870,542,169,14115394,-99.3541,30.096,2025-07-04T16:00:00Z,4,16,7_4,28.375,2025,7
188870,542,169,14115394,-99.3541,30.096,2025-07-04T17:00:00Z,4,17,7_4,8.25,2025,7
188870,542,169,14115394,-99.3541,30.096,2025-07-04T18:00:00Z,4,18,7_4,1.25,2025,7
188870,542,169,14115394,-99.3541,30.096,2025-07-04T19:00:00Z,4,19,7_4,0.5,2025,7
188870,542,169,14115394,-99.3541,30.096,2025-07-04T20:00:00Z,4,20,7_4,0.375,2025,7
188870,542,169,14115394,-99.3541,30.096,2025-07-04T21:00:00Z,4,21,7_4,1,2025,7
188870,542,169,14115394,-99.3541,30.096,2025-07-04T22:00:00Z,4,22,7_4,1.125,2025,7
188870,542,169,14115394,-99.3541,30.096,2025-07-04T23:00:00Z,4,23,7_4,0,2025,7
188871,543,169,1379203,-99.3144,30.0926,2025-07-01T00:00:00Z,1,0,7_1,0.875,2025,7
188871,543,169,1379203,-99.3144,30.0926,2025-07-01T01:00:00Z,1,1,7_1,0.5,2025,7
188871,543,169,1379203,-99.3144,30.0926,2025-07-01T02:00:00Z,1,2,7_1,0,2025,7
188871,543,169,1379203,-99.3144,30.0926,2025-07-01T03:00:00Z,1,3,7_1,0,2025,7
188871,543,169,1379203,-99.3144,30.0926,2025-07-01T04:00:00Z,1,4,7_1,0,2025,7
188871,543,169,1379203,-99.3144,30.0926,2025-07-01T05:00:00Z,1,5,7_1,0,2025,7
188871,543,169,1379203,-99.3144,30.0926,2025-07-01T06:00:00Z,1,6,7_1,0,2025,7
188871,543,169,1379203,-99.3144,30.0926,2025-07-01T07:00:00Z,1,7,7_1,0,2025,7
188871,543,169,1379203,-99.3144,30.0926,2025-07-01T08:00:00Z,1,8,7_1,0.625,2025,7
188871,543,169,1379203,-99.3144,30.0926,2025-07-01T09:00:00Z,1,9,7_1,0.375,2025,7
188871,543,169,1379203,-99.3144,30.0926,2025-07-01T10:00:00Z,1,10,7_1,0,2025,7
188871,543,169,1379203,-99.3144,30.0926,2025-07-01T11:00:00Z,1,11,7_1,0,2025,7
188871,543,169,1379203,-99.3144,30.0926,2025-07-01T12:00:00Z,1,12,7_1,0,2025,7
188871,543,169,1379203,-99.3144,30.0926,2025-07-01T13:00:00Z,1,13,7_1,0,2025,7
188871,543,169,1379203,-99.3144,30.0926,2025-07-01T14:00:00Z,1,14,7_1,0,2025,7
188871,543,169,1379203,-99.3144,30.0926,2025-07-01T15:00:00Z,1,15,7_1,0,2025,7
188871,543,169,1379203,-99.3144,30.0926,2025-07-01T16:00:00Z,1,16,7_1,0,2025,7
188871,543,169,1379203,-99.3144,30.0926,2025-07-01T17:00:00Z,1,17,7_1,0,2025,7
188871,543,169,1379203,-99.3144,30.0926,2025-07-01T18:00:00Z,1,18,7_1,0,2025,7
188871,543,169,1379203,-99.3144,30.0926,2025-07-01T19:00:00Z,1,19,7_1,0.125,2025,7
188871,543,169,1379203,-99.3144,30.0926,2025-07-01T20:00:00Z,1,20,7_1,0,2025,7
188871,543,169,1379203,-99.3144,30.0926,2025-07-01T21:00:00Z,1,21,7_1,0,2025,7
188871,543,169,1379203,-99.3144,30.0926,2025-07-01T22:00:00Z,1,22,7_1,0,2025,7
188871,543,169,1379203,-99.3144,30.0926,2025-07-01T23:00:00Z,1,23,7_1,0,2025,7
188871,543,169,1379203,-99.3144,30.0926,2025-07-02T00:00:00Z,2,0,7_2,0,2025,7
188871,543,169,1379203,-99.3144,30.0926,2025-07-02T01:00:00Z,2,1,7_2,0,2025,7
188871,543,169,1379203,-99.3144,30.0926,2025-07-02T02:00:00Z,2,2,7_2,0,2025,7
188871,543,169,1379203,-99.3144,30.0926,2025-07-02T03:00:00Z,2,3,7_2,0.375,2025,7
188871,543,169,1379203,-99.3144,30.0926,2025-07-02T04:00:00Z,2,4,7_2,0.125,2025,7
188871,543,169,1379203,-99.3144,30.0926,2025-07-02T05:00:00Z,2,5,7_2,0,2025,7
188871,543,169,1379203,-99.3144,30.0926,2025-07-02T06:00:00Z,2,6,7_2,0,2025,7
188871,543,169,1379203,-99.3144,30.0926,2025-07-02T07:00:00Z,2,7,7_2,0,2025,7
188871,543,169,1379203,-99.3144,30.0926,2025-07-02T08:00:00Z,2,8,7_2,0,2025,7
188871,543,169,1379203,-99.3144,30.0926,2025-07-02T09:00:00Z,2,9,7_2,0,2025,7
188871,543,169,1379203,-99.3144,30.0926,2025-07-02T10:00:00Z,2,10,7_2,0,2025,7
188871,543,169,1379203,-99.3144,30.0926,2025-07-02T11:00:00Z,2,11,7_2,0,2025,7
188871,543,169,1379203,-99.3144,30.0926,2025-07-02T12:00:00Z,2,12,7_2,0,2025,7
188871,543,169,1379203,-99.3144,30.0926,2025-07-02T13:00:00Z,2,13,7_2,0.25,2025,7
188871,543,169,1379203,-99.3144,30.0926,2025-07-02T14:00:00Z,2,14,7_2,0,2025,7
188871,543,169,1379203,-99.3144,30.0926,2025-07-02T15:00:00Z,2,15,7_2,0.125,2025,7
188871,543,169,1379203,-99.3144,30.0926,2025-07-02T16:00:00Z,2,16,7_2,0,2025,7
188871,543,169,1379203,-99.3144,30.0926,2025-07-02T17:00:00Z,2,17,7_2,0,2025,7
188871,543,169,1379203,-99.3144,30.0926,2025-07-02T18:00:00Z,2,18,7_2,2.25,2025,7
188871,543,169,1379203,-99.3144,30.0926,2025-07-02T19:00:00Z,2,19,7_2,0.25,2025,7
188871,543,169,1379203,-99.3144,30.0926,2025-07-02T20:00:00Z,2,20,7_2,1,2025,7
188871,543,169,1379203,-99.3144,30.0926,2025-07-02T21:00:00Z,2,21,7_2,1.375,2025,7
188871,543,169,1379203,-99.3144,30.0926,2025-07-02T22:00:00Z,2,22,7_2,0.625,2025,7
188871,543,169,1379203,-99.3144,30.0926,2025-07-02T23:00:00Z,2,23,7_2,0.25,2025,7
188871,543,169,1379203,-99.3144,30.0926,2025-07-03T00:00:00Z,3,0,7_3,0,2025,7
188871,543,169,1379203,-99.3144,30.0926,2025-07-03T01:00:00Z,3,1,7_3,0,2025,7
188871,543,169,1379203,-99.3144,30.0926,2025-07-03T02:00:00Z,3,2,7_3,0,2025,7
188871,543,169,1379203,-99.3144,30.0926,2025-07-03T03:00:00Z,3,3,7_3,0,2025,7
188871,543,169,1379203,-99.3144,30.0926,2025-07-03T04:00:00Z,3,4,7_3,0,2025,7
188871,543,169,1379203,-99.3144,30.0926,2025-07-03T05:00:00Z,3,5,7_3,0,2025,7
188871,543,169,1379203,-99.3144,30.0926,2025-07-03T06:00:00Z,3,6,7_3,0,2025,7
188871,543,169,1379203,-99.3144,30.0926,2025-07-03T07:00:00Z,3,7,7_3,0,2025,7
188871,543,169,1379203,-99.3144,30.0926,2025-07-03T08:00:00Z,3,8,7_3,0,2025,7
188871,543,169,1379203,-99.3144,30.0926,2025-07-03T09:00:00Z,3,9,7_3,0,2025,7
188871,543,169,1379203,-99.3144,30.0926,2025-07-03T10:00:00Z,3,10,7_3,0.625,2025,7
188871,543,169,1379203,-99.3144,30.0926,2025-07-03T11:00:00Z,3,11,7_3,0,2025,7
188871,543,169,1379203,-99.3144,30.0926,2025-07-03T12:00:00Z,3,12,7_3,0,2025,7
188871,543,169,1379203,-99.3144,30.0926,2025-07-03T13:00:00Z,3,13,7_3,0,2025,7
188871,543,169,1379203,-99.3144,30.0926,2025-07-03T14:00:00Z,3,14,7_3,0,2025,7
188871,543,169,1379203,-99.3144,30.0926,2025-07-03T15:00:00Z,3,15,7_3,0,2025,7
188871,543,169,1379203,-99.3144,30.0926,2025-07-03T16:00:00Z,3,16,7_3,0.25,2025,7
188871,543,169,1379203,-99.3144,30.0926,2025-07-03T17:00:00Z,3,17,7_3,0,2025,7
188871,543,169,1379203,-99.3144,30.0926,2025-07-03T18:00:00Z,3,18,7_3,0,2025,7
188871,543,169,1379203,-99.3144,30.0926,2025-07-03T19:00:00Z,3,19,7_3,0.25,2025,7
188871,543,169,1379203,-99.3144,30.0926,2025-07-03T20:00:00Z,3,20,7_3,0.25,2025,7
188871,543,169,1379203,-99.3144,30.0926,2025-07-03T21:00:00Z,3,21,7_3,0,2025,7
188871,543,169,1379203,-99.3144,30.0926,2025-07-03T22:00:00Z,3,22,7_3,0,2025,7
188871,543,169,1379203,-99.3144,30.0926,2025-07-03T23:00:00Z,3,23,7_3,0,2025,7
188871,543,169,1379203,-99.3144,30.0926,2025-07-04T00:00:00Z,4,0,7_4,0,2025,7
188871,543,169,1379203,-99.3144,30.0926,2025-07-04T01:00:00Z,4,1,7_4,0,2025,7
188871,543,169,1379203,-99.3144,30.0926,2025-07-04T02:00:00Z,4,2,7_4,0,2025,7
188871,543,169,1379203,-99.3144,30.0926,2025-07-04T03:00:00Z,4,3,7_4,0,2025,7
188871,543,169,1379203,-99.3144,30.0926,2025-07-04T04:00:00Z,4,4,7_4,0.125,2025,7
188871,543,169,1379203,-99.3144,30.0926,2025-07-04T05:00:00Z,4,5,7_4,1.25,2025,7
188871,543,169,1379203,-99.3144,30.0926,2025-07-04T06:00:00Z,4,6,7_4,16.125,2025,7
188871,543,169,1379203,-99.3144,30.0926,2025-07-04T07:00:00Z,4,7,7_4,27.5,2025,7
188871,543,169,1379203,-99.3144,30.0926,2025-07-04T08:00:00Z,4,8,7_4,44.75,2025,7
188871,543,169,1379203,-99.3144,30.0926,2025-07-04T09:00:00Z,4,9,7_4,35,2025,7
188871,543,169,1379203,-99.3144,30.0926,2025-07-04T10:00:00Z,4,10,7_4,50.625,2025,7
188871,543,169,1379203,-99.3144,30.0926,2025-07-04T11:00:00Z,4,11,7_4,2.5,2025,7
188871,543,169,1379203,-99.3144,30.0926,2025-07-04T12:00:00Z,4,12,7_4,5,2025,7
188871,543,169,1379203,-99.3144,30.0926,2025-07-04T13:00:00Z,4,13,7_4,2.25,2025,7
188871,543,169,1379203,-99.3144,30.0926,2025-07-04T14:00:00Z,4,14,7_4,1.75,2025,7
188871,543,169,1379203,-99.3144,30.0926,2025-07-04T15:00:00Z,4,15,7_4,16.625,2025,7
188871,543,169,1379203,-99.3144,30.0926,2025-07-04T16:00:00Z,4,16,7_4,29.75,2025,7
188871,543,169,1379203,-99.3144,30.0926,2025-07-04T17:00:00Z,4,17,7_4,7.625,2025,7
188871,543,169,1379203,-99.3144,30.0926,2025-07-04T18:00:00Z,4,18,7_4,1.5,2025,7
188871,543,169,1379203,-99.3144,30.0926,2025-07-04T19:00:00Z,4,19,7_4,0.75,2025,7
188871,543,169,1379203,-99.3144,30.0926,2025-07-04T20:00:00Z,4,20,7_4,0.375,2025,7
188871,543,169,1379203,-99.3144,30.0926,2025-07-04T21:00:00Z,4,21,7_4,1.375,2025,7
188871,543,169,1379203,-99.3144,30.0926,2025-07-04T22:00:00Z,4,22,7_4,1.25,2025,7
188871,543,169,1379203,-99.3144,30.0926,2025-07-04T23:00:00Z,4,23,7_4,0,2025,7
189986,537,170,5255765,-99.5485,30.147,2025-07-01T00:00:00Z,1,0,7_1,3.625,2025,7
189986,537,170,5255765,-99.5485,30.147,2025-07-01T01:00:00Z,1,1,7_1,0.875,2025,7
189986,537,170,5255765,-99.5485,30.147,2025-07-01T02:00:00Z,1,2,7_1,0,2025,7
189986,537,170,5255765,-99.5485,30.147,2025-07-01T03:00:00Z,1,3,7_1,0,2025,7
189986,537,170,5255765,-99.5485,30.147,2025-07-01T04:00:00Z,1,4,7_1,0,2025,7
189986,537,170,5255765,-99.5485,30.147,2025-07-01T05:00:00Z,1,5,7_1,0,2025,7
189986,537,170,5255765,-99.5485,30.147,2025-07-01T06:00:00Z,1,6,7_1,0,2025,7
189986,537,170,5255765,-99.5485,30.147,2025-07-01T07:00:00Z,1,7,7_1,0,2025,7
189986,537,170,5255765,-99.5485,30.147,2025-07-01T08:00:00Z,1,8,7_1,1.25,2025,7
189986,537,170,5255765,-99.5485,30.147,2025-07-01T09:00:00Z,1,9,7_1,0.5,2025,7
189986,537,170,5255765,-99.5485,30.147,2025-07-01T10:00:00Z,1,10,7_1,1.5,2025,7
189986,537,170,5255765,-99.5485,30.147,2025-07-01T11:00:00Z,1,11,7_1,0.5,2025,7
189986,537,170,5255765,-99.5485,30.147,2025-07-01T12:00:00Z,1,12,7_1,0,2025,7
189986,537,170,5255765,-99.5485,30.147,2025-07-01T13:00:00Z,1,13,7_1,0,2025,7
189986,537,170,5255765,-99.5485,30.147,2025-07-01T14:00:00Z,1,14,7_1,0,2025,7
189986,537,170,5255765,-99.5485,30.147,2025-07-01T15:00:00Z,1,15,7_1,0,2025,7
189986,537,170,5255765,-99.5485,30.147,2025-07-01T16:00:00Z,1,16,7_1,0,2025,7
189986,537,170,5255765,-99.5485,30.147,2025-07-01T17:00:00Z,1,17,7_1,1.25,2025,7
189986,537,170,5255765,-99.5485,30.147,2025-07-01T18:00:00Z,1,18,7_1,0.75,2025,7
189986,537,170,5255765,-99.5485,30.147,2025-07-01T19:00:00Z,1,19,7_1,0,2025,7
189986,537,170,5255765,-99.5485,30.147,2025-07-01T20:00:00Z,1,20,7_1,0,2025,7
189986,537,170,5255765,-99.5485,30.147,2025-07-01T21:00:00Z,1,21,7_1,0,2025,7
189986,537,170,5255765,-99.5485,30.147,2025-07-01T22:00:00Z,1,22,7_1,0,2025,7
189986,537,170,5255765,-99.5485,30.147,2025-07-01T23:00:00Z,1,23,7_1,0,2025,7
189986,537,170,5255765,-99.5485,30.147,2025-07-02T00:00:00Z,2,0,7_2,0,2025,7
189986,537,170,5255765,-99.5485,30.147,2025-07-02T01:00:00Z,2,1,7_2,0,2025,7
189986,537,170,5255765,-99.5485,30.147,2025-07-02T02:00:00Z,2,2,7_2,0,2025,7
189986,537,170,5255765,-99.5485,30.147,2025-07-02T03:00:00Z,2,3,7_2,0.25,2025,7
189986,537,170,5255765,-99.5485,30.147,2025-07-02T04:00:00Z,2,4,7_2,0.875,2025,7
189986,537,170,5255765,-99.5485,30.147,2025-07-02T05:00:00Z,2,5,7_2,0,2025,7
189986,537,170,5255765,-99.5485,30.147,2025-07-02T06:00:00Z,2,6,7_2,0,2025,7
189986,537,170,5255765,-99.5485,30.147,2025-07-02T07:00:00Z,2,7,7_2,0,2025,7
189986,537,170,5255765,-99.5485,30.147,2025-07-02T08:00:00Z,2,8,7_2,0,2025,7
189986,537,170,5255765,-99.5485,30.147,2025-07-02T09:00:00Z,2,9,7_2,0,2025,7
189986,537,170,5255765,-99.5485,30.147,2025-07-02T10:00:00Z,2,10,7_2,0,2025,7
189986,537,170,5255765,-99.5485,30.147,2025-07-02T11:00:00Z,2,11,7_2,0,2025,7
189986,537,170,5255765,-99.5485,30.147,2025-07-02T12:00:00Z,2,12,7_2,0,2025,7
189986,537,170,5255765,-99.5485,30.147,2025-07-02T13:00:00Z,2,13,7_2,0.25,2025,7
189986,537,170,5255765,-99.5485,30.147,2025-07-02T14:00:00Z,2,14,7_2,0,2025,7
189986,537,170,5255765,-99.5485,30.147,2025-07-02T15:00:00Z,2,15,7_2,0.125,2025,7
189986,537,170,5255765,-99.5485,30.147,2025-07-02T16:00:00Z,2,16,7_2,0,2025,7
189986,537,170,5255765,-99.5485,30.147,2025-07-02T17:00:00Z,2,17,7_2,0,2025,7
189986,537,170,5255765,-99.5485,30.147,2025-07-02T18:00:00Z,2,18,7_2,3.125,2025,7
189986,537,170,5255765,-99.5485,30.147,2025-07-02T19:00:00Z,2,19,7_2,0.75,2025,7
189986,537,170,5255765,-99.5485,30.147,2025-07-02T20:00:00Z,2,20,7_2,4.875,2025,7
189986,537,170,5255765,-99.5485,30.147,2025-07-02T21:00:00Z,2,21,7_2,2.375,2025,7
189986,537,170,5255765,-99.5485,30.147,2025-07-02T22:00:00Z,2,22,7_2,0.875,2025,7
189986,537,170,5255765,-99.5485,30.147,2025-07-02T23:00:00Z,2,23,7_2,0.5,2025,7
189986,537,170,5255765,-99.5485,30.147,2025-07-03T00:00:00Z,3,0,7_3,0.5,2025,7
189986,537,170,5255765,-99.5485,30.147,2025-07-03T01:00:00Z,3,1,7_3,0,2025,7
189986,537,170,5255765,-99.5485,30.147,2025-07-03T02:00:00Z,3,2,7_3,0,2025,7
189986,537,170,5255765,-99.5485,30.147,2025-07-03T03:00:00Z,3,3,7_3,0,2025,7
189986,537,170,5255765,-99.5485,30.147,2025-07-03T04:00:00Z,3,4,7_3,0,2025,7
189986,537,170,5255765,-99.5485,30.147,2025-07-03T05:00:00Z,3,5,7_3,0,2025,7
189986,537,170,5255765,-99.5485,30.147,2025-07-03T06:00:00Z,3,6,7_3,0,2025,7
189986,537,170,5255765,-99.5485,30.147,2025-07-03T07:00:00Z,3,7,7_3,0,2025,7
189986,537,170,5255765,-99.5485,30.147,2025-07-03T08:00:00Z,3,8,7_3,0,2025,7
189986,537,170,5255765,-99.5485,30.147,2025-07-03T09:00:00Z,3,9,7_3,0,2025,7
189986,537,170,5255765,-99.5485,30.147,2025-07-03T10:00:00Z,3,10,7_3,0,2025,7
189986,537,170,5255765,-99.5485,30.147,2025-07-03T11:00:00Z,3,11,7_3,0,2025,7
189986,537,170,5255765,-99.5485,30.147,2025-07-03T12:00:00Z,3,12,7_3,0,2025,7
189986,537,170,5255765,-99.5485,30.147,2025-07-03T13:00:00Z,3,13,7_3,0,2025,7
189986,537,170,5255765,-99.5485,30.147,2025-07-03T14:00:00Z,3,14,7_3,0,2025,7
189986,537,170,5255765,-99.5485,30.147,2025-07-03T15:00:00Z,3,15,7_3,0,2025,7
189986,537,170,5255765,-99.5485,30.147,2025-07-03T16:00:00Z,3,16,7_3,0.625,2025,7
189986,537,170,5255765,-99.5485,30.147,2025-07-03T17:00:00Z,3,17,7_3,0,2025,7
189986,537,170,5255765,-99.5485,30.147,2025-07-03T18:00:00Z,3,18,7_3,0,2025,7
189986,537,170,5255765,-99.5485,30.147,2025-07-03T19:00:00Z,3,19,7_3,0.125,2025,7
189986,537,170,5255765,-99.5485,30.147,2025-07-03T20:00:00Z,3,20,7_3,0,2025,7
189986,537,170,5255765,-99.5485,30.147,2025-07-03T21:00:00Z,3,21,7_3,0,2025,7
189986,537,170,5255765,-99.5485,30.147,2025-07-03T22:00:00Z,3,22,7_3,0,2025,7
189986,537,170,5255765,-99.5485,30.147,2025-07-03T23:00:00Z,3,23,7_3,0,2025,7
189986,537,170,5255765,-99.5485,30.147,2025-07-04T00:00:00Z,4,0,7_4,0,2025,7
189986,537,170,5255765,-99.5485,30.147,2025-07-04T01:00:00Z,4,1,7_4,0,2025,7
189986,537,170,5255765,-99.5485,30.147,2025-07-04T02:00:00Z,4,2,7_4,0,2025,7
189986,537,170,5255765,-99.5485,30.147,2025-07-04T03:00:00Z,4,3,7_4,0,2025,7
189986,537,170,5255765,-99.5485,30.147,2025-07-04T04:00:00Z,4,4,7_4,0,2025,7
189986,537,170,5255765,-99.5485,30.147,2025-07-04T05:00:00Z,4,5,7_4,0.25,2025,7
189986,537,170,5255765,-99.5485,30.147,2025-07-04T06:00:00Z,4,6,7_4,0,2025,7
189986,537,170,5255765,-99.5485,30.147,2025-07-04T07:00:00Z,4,7,7_4,4.625,2025,7
189986,537,170,5255765,-99.5485,30.147,2025-07-04T08:00:00Z,4,8,7_4,9.5,2025,7
189986,537,170,5255765,-99.5485,30.147,2025-07-04T09:00:00Z,4,9,7_4,19.625,2025,7
189986,537,170,5255765,-99.5485,30.147,2025-07-04T10:00:00Z,4,10,7_4,2.375,2025,7
189986,537,170,5255765,-99.5485,30.147,2025-07-04T11:00:00Z,4,11,7_4,12.125,2025,7
189986,537,170,5255765,-99.5485,30.147,2025-07-04T12:00:00Z,4,12,7_4,23.75,2025,7
189986,537,170,5255765,-99.5485,30.147,2025-07-04T13:00:00Z,4,13,7_4,3.875,2025,7
189986,537,170,5255765,-99.5485,30.147,2025-07-04T14:00:00Z,4,14,7_4,5.125,2025,7
189986,537,170,5255765,-99.5485,30.147,2025-07-04T15:00:00Z,4,15,7_4,16.375,2025,7
189986,537,170,5255765,-99.5485,30.147,2025-07-04T16:00:00Z,4,16,7_4,14,2025,7
189986,537,170,5255765,-99.5485,30.147,2025-07-04T17:00:00Z,4,17,7_4,6.25,2025,7
189986,537,170,5255765,-99.5485,30.147,2025-07-04T18:00:00Z,4,18,7_4,0.75,2025,7
189986,537,170,5255765,-99.5485,30.147,2025-07-04T19:00:00Z,4,19,7_4,0.25,2025,7
189986,537,170,5255765,-99.5485,30.147,2025-07-04T20:00:00Z,4,20,7_4,0,2025,7
189986,537,170,5255765,-99.5485,30.147,2025-07-04T21:00:00Z,4,21,7_4,0,2025,7
189986,537,170,5255765,-99.5485,30.147,2025-07-04T22:00:00Z,4,22,7_4,0,2025,7
189986,537,170,5255765,-99.5485,30.147,2025-07-04T23:00:00Z,4,23,7_4,0,2025,7
189987,538,170,13076080,-99.5088,30.1437,2025-07-01T00:00:00Z,1,0,7_1,3.625,2025,7
189987,538,170,13076080,-99.5088,30.1437,2025-07-01T01:00:00Z,1,1,7_1,0.5,2025,7
189987,538,170,13076080,-99.5088,30.1437,2025-07-01T02:00:00Z,1,2,7_1,0,2025,7
189987,538,170,13076080,-99.5088,30.1437,2025-07-01T03:00:00Z,1,3,7_1,0,2025,7
189987,538,170,13076080,-99.5088,30.1437,2025-07-01T04:00:00Z,1,4,7_1,0,2025,7
189987,538,170,13076080,-99.5088,30.1437,2025-07-01T05:00:00Z,1,5,7_1,0,2025,7
189987,538,170,13076080,-99.5088,30.1437,2025-07-01T06:00:00Z,1,6,7_1,0,2025,7
189987,538,170,13076080,-99.5088,30.1437,2025-07-01T07:00:00Z,1,7,7_1,0,2025,7
189987,538,170,13076080,-99.5088,30.1437,2025-07-01T08:00:00Z,1,8,7_1,1.5,2025,7
189987,538,170,13076080,-99.5088,30.1437,2025-07-01T09:00:00Z,1,9,7_1,0.5,2025,7
189987,538,170,13076080,-99.5088,30.1437,2025-07-01T10:00:00Z,1,10,7_1,1,2025,7
189987,538,170,13076080,-99.5088,30.1437,2025-07-01T11:00:00Z,1,11,7_1,0,2025,7
189987,538,170,13076080,-99.5088,30.1437,2025-07-01T12:00:00Z,1,12,7_1,0,2025,7
189987,538,170,13076080,-99.5088,30.1437,2025-07-01T13:00:00Z,1,13,7_1,0,2025,7
189987,538,170,13076080,-99.5088,30.1437,2025-07-01T14:00:00Z,1,14,7_1,0,2025,7
189987,538,170,13076080,-99.5088,30.1437,2025-07-01T15:00:00Z,1,15,7_1,0,2025,7
189987,538,170,13076080,-99.5088,30.1437,2025-07-01T16:00:00Z,1,16,7_1,0,2025,7
189987,538,170,13076080,-99.5088,30.1437,2025-07-01T17:00:00Z,1,17,7_1,0.75,2025,7
189987,538,170,13076080,-99.5088,30.1437,2025-07-01T18:00:00Z,1,18,7_1,0.75,2025,7
189987,538,170,13076080,-99.5088,30.1437,2025-07-01T19:00:00Z,1,19,7_1,0,2025,7
189987,538,170,13076080,-99.5088,30.1437,2025-07-01T20:00:00Z,1,20,7_1,0,2025,7
189987,538,170,13076080,-99.5088,30.1437,2025-07-01T21:00:00Z,1,21,7_1,0,2025,7
189987,538,170,13076080,-99.5088,30.1437,2025-07-01T22:00:00Z,1,22,7_1,0,2025,7
189987,538,170,13076080,-99.5088,30.1437,2025-07-01T23:00:00Z,1,23,7_1,0,2025,7
189987,538,170,13076080,-99.5088,30.1437,2025-07-02T00:00:00Z,2,0,7_2,0,2025,7
189987,538,170,13076080,-99.5088,30.1437,2025-07-02T01:00:00Z,2,1,7_2,0,2025,7
189987,538,170,13076080,-99.5088,30.1437,2025-07-02T02:00:00Z,2,2,7_2,0,2025,7
189987,538,170,13076080,-99.5088,30.1437,2025-07-02T03:00:00Z,2,3,7_2,0.25,2025,7
189987,538,170,13076080,-99.5088,30.1437,2025-07-02T04:00:00Z,2,4,7_2,0.625,2025,7
189987,538,170,13076080,-99.5088,30.1437,2025-07-02T05:00:00Z,2,5,7_2,0,2025,7
189987,538,170,13076080,-99.5088,30.1437,2025-07-02T06:00:00Z,2,6,7_2,0,2025,7
189987,538,170,13076080,-99.5088,30.1437,2025-07-02T07:00:00Z,2,7,7_2,0,2025,7
189987,538,170,13076080,-99.5088,30.1437,2025-07-02T08:00:00Z,2,8,7_2,0,2025,7
189987,538,170,13076080,-99.5088,30.1437,2025-07-02T09:00:00Z,2,9,7_2,0,2025,7
189987,538,170,13076080,-99.5088,30.1437,2025-07-02T10:00:00Z,2,10,7_2,0,2025,7
189987,538,170,13076080,-99.5088,30.1437,2025-07-02T11:00:00Z,2,11,7_2,0,2025,7
189987,538,170,13076080,-99.5088,30.1437,2025-07-02T12:00:00Z,2,12,7_2,0,2025,7
189987,538,170,13076080,-99.5088,30.1437,2025-07-02T13:00:00Z,2,13,7_2,0.375,2025,7
189987,538,170,13076080,-99.5088,30.1437,2025-07-02T14:00:00Z,2,14,7_2,0.25,2025,7
189987,538,170,13076080,-99.5088,30.1437,2025-07-02T15:00:00Z,2,15,7_2,0.375,2025,7
189987,538,170,13076080,-99.5088,30.1437,2025-07-02T16:00:00Z,2,16,7_2,0,2025,7
189987,538,170,13076080,-99.5088,30.1437,2025-07-02T17:00:00Z,2,17,7_2,0,2025,7
189987,538,170,13076080,-99.5088,30.1437,2025-07-02T18:00:00Z,2,18,7_2,3.625,2025,7
189987,538,170,13076080,-99.5088,30.1437,2025-07-02T19:00:00Z,2,19,7_2,0.75,2025,7
189987,538,170,13076080,-99.5088,30.1437,2025-07-02T20:00:00Z,2,20,7_2,2.375,2025,7
189987,538,170,13076080,-99.5088,30.1437,2025-07-02T21:00:00Z,2,21,7_2,2.625,2025,7
189987,538,170,13076080,-99.5088,30.1437,2025-07-02T22:00:00Z,2,22,7_2,0.875,2025,7
189987,538,170,13076080,-99.5088,30.1437,2025-07-02T23:00:00Z,2,23,7_2,0.125,2025,7
189987,538,170,13076080,-99.5088,30.1437,2025-07-03T00:00:00Z,3,0,7_3,0.875,2025,7
189987,538,170,13076080,-99.5088,30.1437,2025-07-03T01:00:00Z,3,1,7_3,0,2025,7
189987,538,170,13076080,-99.5088,30.1437,2025-07-03T02:00:00Z,3,2,7_3,0,2025,7
189987,538,170,13076080,-99.5088,30.1437,2025-07-03T03:00:00Z,3,3,7_3,0,2025,7
189987,538,170,13076080,-99.5088,30.1437,2025-07-03T04:00:00Z,3,4,7_3,0,2025,7
189987,538,170,13076080,-99.5088,30.1437,2025-07-03T05:00:00Z,3,5,7_3,0,2025,7
189987,538,170,13076080,-99.5088,30.1437,2025-07-03T06:00:00Z,3,6,7_3,0,2025,7
189987,538,170,13076080,-99.5088,30.1437,2025-07-03T07:00:00Z,3,7,7_3,0,2025,7
189987,538,170,13076080,-99.5088,30.1437,2025-07-03T08:00:00Z,3,8,7_3,0,2025,7
189987,538,170,13076080,-99.5088,30.1437,2025-07-03T09:00:00Z,3,9,7_3,0,2025,7
189987,538,170,13076080,-99.5088,30.1437,2025-07-03T10:00:00Z,3,10,7_3,0.375,2025,7
189987,538,170,13076080,-99.5088,30.1437,2025-07-03T11:00:00Z,3,11,7_3,0,2025,7
189987,538,170,13076080,-99.5088,30.1437,2025-07-03T12:00:00Z,3,12,7_3,0,2025,7
189987,538,170,13076080,-99.5088,30.1437,2025-07-03T13:00:00Z,3,13,7_3,0,2025,7
189987,538,170,13076080,-99.5088,30.1437,2025-07-03T14:00:00Z,3,14,7_3,0,2025,7
189987,538,170,13076080,-99.5088,30.1437,2025-07-03T15:00:00Z,3,15,7_3,0,2025,7
189987,538,170,13076080,-99.5088,30.1437,2025-07-03T16:00:00Z,3,16,7_3,0.75,2025,7
189987,538,170,13076080,-99.5088,30.1437,2025-07-03T17:00:00Z,3,17,7_3,0,2025,7
189987,538,170,13076080,-99.5088,30.1437,2025-07-03T18:00:00Z,3,18,7_3,0,2025,7
189987,538,170,13076080,-99.5088,30.1437,2025-07-03T19:00:00Z,3,19,7_3,0,2025,7
189987,538,170,13076080,-99.5088,30.1437,2025-07-03T20:00:00Z,3,20,7_3,0,2025,7
189987,538,170,13076080,-99.5088,30.1437,2025-07-03T21:00:00Z,3,21,7_3,0,2025,7
189987,538,170,13076080,-99.5088,30.1437,2025-07-03T22:00:00Z,3,22,7_3,0,2025,7
189987,538,170,13076080,-99.5088,30.1437,2025-07-03T23:00:00Z,3,23,7_3,0,2025,7
189987,538,170,13076080,-99.5088,30.1437,2025-07-04T00:00:00Z,4,0,7_4,0,2025,7
189987,538,170,13076080,-99.5088,30.1437,2025-07-04T01:00:00Z,4,1,7_4,0,2025,7
189987,538,170,13076080,-99.5088,30.1437,2025-07-04T02:00:00Z,4,2,7_4,0,2025,7
189987,538,170,13076080,-99.5088,30.1437,2025-07-04T03:00:00Z,4,3,7_4,0,2025,7
189987,538,170,13076080,-99.5088,30.1437,2025-07-04T04:00:00Z,4,4,7_4,0,2025,7
189987,538,170,13076080,-99.5088,30.1437,2025-07-04T05:00:00Z,4,5,7_4,0.375,2025,7
189987,538,170,13076080,-99.5088,30.1437,2025-07-04T06:00:00Z,4,6,7_4,0,2025,7
189987,538,170,13076080,-99.5088,30.1437,2025-07-04T07:00:00Z,4,7,7_4,6.625,2025,7
189987,538,170,13076080,-99.5088,30.1437,2025-07-04T08:00:00Z,4,8,7_4,10.375,2025,7
189987,538,170,13076080,-99.5088,30.1437,2025-07-04T09:00:00Z,4,9,7_4,30.375,2025,7
189987,538,170,13076080,-99.5088,30.1437,2025-07-04T10:00:00Z,4,10,7_4,9.625,2025,7
189987,538,170,13076080,-99.5088,30.1437,2025-07-04T11:00:00Z,4,11,7_4,10.75,2025,7
189987,538,170,13076080,-99.5088,30.1437,2025-07-04T12:00:00Z,4,12,7_4,16,2025,7
189987,538,170,13076080,-99.5088,30.1437,2025-07-04T13:00:00Z,4,13,7_4,3.75,2025,7
189987,538,170,13076080,-99.5088,30.1437,2025-07-04T14:00:00Z,4,14,7_4,4.75,2025,7
189987,538,170,13076080,-99.5088,30.1437,2025-07-04T15:00:00Z,4,15,7_4,15.25,2025,7
189987,538,170,13076080,-99.5088,30.1437,2025-07-04T16:00:00Z,4,16,7_4,13.625,2025,7
189987,538,170,13076080,-99.5088,30.1437,2025-07-04T17:00:00Z,4,17,7_4,7.625,2025,7
189987,538,170,13076080,-99.5088,30.1437,2025-07-04T18:00:00Z,4,18,7_4,0.75,2025,7
189987,538,170,13076080,-99.5088,30.1437,2025-07-04T19:00:00Z,4,19,7_4,0.25,2025,7
189987,538,170,13076080,-99.5088,30.1437,2025-07-04T20:00:00Z,4,20,7_4,0,2025,7
189987,538,170,13076080,-99.5088,30.1437,2025-07-04T21:00:00Z,4,21,7_4,0.125,2025,7
189987,538,170,13076080,-99.5088,30.1437,2025-07-04T22:00:00Z,4,22,7_4,0,2025,7
189987,538,170,13076080,-99.5088,30.1437,2025-07-04T23:00:00Z,4,23,7_4,0,2025,7
189988,539,170,8207680,-99.4692,30.1404,2025-07-01T00:00:00Z,1,0,7_1,3.25,2025,7
189988,539,170,8207680,-99.4692,30.1404,2025-07-01T01:00:00Z,1,1,7_1,0.25,2025,7
189988,539,170,8207680,-99.4692,30.1404,2025-07-01T02:00:00Z,1,2,7_1,0.125,2025,7
189988,539,170,8207680,-99.4692,30.1404,2025-07-01T03:00:00Z,1,3,7_1,0,2025,7
189988,539,170,8207680,-99.4692,30.1404,2025-07-01T04:00:00Z,1,4,7_1,0,2025,7
189988,539,170,8207680,-99.4692,30.1404,2025-07-01T05:00:00Z,1,5,7_1,0,2025,7
189988,539,170,8207680,-99.4692,30.1404,2025-07-01T06:00:00Z,1,6,7_1,0,2025,7
189988,539,170,8207680,-99.4692,30.1404,2025-07-01T07:00:00Z,1,7,7_1,0,2025,7
189988,539,170,8207680,-99.4692,30.1404,2025-07-01T08:00:00Z,1,8,7_1,1.625,2025,7
189988,539,170,8207680,-99.4692,30.1404,2025-07-01T09:00:00Z,1,9,7_1,0.625,2025,7
189988,539,170,8207680,-99.4692,30.1404,2025-07-01T10:00:00Z,1,10,7_1,0.75,2025,7
189988,539,170,8207680,-99.4692,30.1404,2025-07-01T11:00:00Z,1,11,7_1,0,2025,7
189988,539,170,8207680,-99.4692,30.1404,2025-07-01T12:00:00Z,1,12,7_1,0,2025,7
189988,539,170,8207680,-99.4692,30.1404,2025-07-01T13:00:00Z,1,13,7_1,0,2025,7
189988,539,170,8207680,-99.4692,30.1404,2025-07-01T14:00:00Z,1,14,7_1,0,2025,7
189988,539,170,8207680,-99.4692,30.1404,2025-07-01T15:00:00Z,1,15,7_1,0,2025,7
189988,539,170,8207680,-99.4692,30.1404,2025-07-01T16:00:00Z,1,16,7_1,0,2025,7
189988,539,170,8207680,-99.4692,30.1404,2025-07-01T17:00:00Z,1,17,7_1,0.125,2025,7
189988,539,170,8207680,-99.4692,30.1404,2025-07-01T18:00:00Z,1,18,7_1,0.375,2025,7
189988,539,170,8207680,-99.4692,30.1404,2025-07-01T19:00:00Z,1,19,7_1,0,2025,7
189988,539,170,8207680,-99.4692,30.1404,2025-07-01T20:00:00Z,1,20,7_1,0,2025,7
189988,539,170,8207680,-99.4692,30.1404,2025-07-01T21:00:00Z,1,21,7_1,0,2025,7
189988,539,170,8207680,-99.4692,30.1404,2025-07-01T22:00:00Z,1,22,7_1,0,2025,7
189988,539,170,8207680,-99.4692,30.1404,2025-07-01T23:00:00Z,1,23,7_1,0,2025,7
189988,539,170,8207680,-99.4692,30.1404,2025-07-02T00:00:00Z,2,0,7_2,0,2025,7
189988,539,170,8207680,-99.4692,30.1404,2025-07-02T01:00:00Z,2,1,7_2,0,2025,7
189988,539,170,8207680,-99.4692,30.1404,2025-07-02T02:00:00Z,2,2,7_2,0,2025,7
189988,539,170,8207680,-99.4692,30.1404,2025-07-02T03:00:00Z,2,3,7_2,0.25,2025,7
189988,539,170,8207680,-99.4692,30.1404,2025-07-02T04:00:00Z,2,4,7_2,0.125,2025,7
189988,539,170,8207680,-99.4692,30.1404,2025-07-02T05:00:00Z,2,5,7_2,0,2025,7
189988,539,170,8207680,-99.4692,30.1404,2025-07-02T06:00:00Z,2,6,7_2,0,2025,7
189988,539,170,8207680,-99.4692,30.1404,2025-07-02T07:00:00Z,2,7,7_2,0,2025,7
189988,539,170,8207680,-99.4692,30.1404,2025-07-02T08:00:00Z,2,8,7_2,0,2025,7
189988,539,170,8207680,-99.4692,30.1404,2025-07-02T09:00:00Z,2,9,7_2,0,2025,7
189988,539,170,8207680,-99.4692,30.1404,2025-07-02T10:00:00Z,2,10,7_2,0,2025,7
189988,539,170,8207680,-99.4692,30.1404,2025-07-02T11:00:00Z,2,11,7_2,0,2025,7
189988,539,170,8207680,-99.4692,30.1404,2025-07-02T12:00:00Z,2,12,7_2,0,2025,7
189988,539,170,8207680,-99.4692,30.1404,2025-07-02T13:00:00Z,2,13,7_2,0.375,2025,7
189988,539,170,8207680,-99.4692,30.1404,2025-07-02T14:00:00Z,2,14,7_2,0.125,2025,7
189988,539,170,8207680,-99.4692,30.1404,2025-07-02T15:00:00Z,2,15,7_2,0.75,2025,7
189988,539,170,8207680,-99.4692,30.1404,2025-07-02T16:00:00Z,2,16,7_2,0,2025,7
189988,539,170,8207680,-99.4692,30.1404,2025-07-02T17:00:00Z,2,17,7_2,0,2025,7
189988,539,170,8207680,-99.4692,30.1404,2025-07-02T18:00:00Z,2,18,7_2,4.25,2025,7
189988,539,170,8207680,-99.4692,30.1404,2025-07-02T19:00:00Z,2,19,7_2,0.875,2025,7
189988,539,170,8207680,-99.4692,30.1404,2025-07-02T20:00:00Z,2,20,7_2,0.875,2025,7
189988,539,170,8207680,-99.4692,30.1404,2025-07-02T21:00:00Z,2,21,7_2,2.875,2025,7
189988,539,170,8207680,-99.4692,30.1404,2025-07-02T22:00:00Z,2,22,7_2,1,2025,7
189988,539,170,8207680,-99.4692,30.1404,2025-07-02T23:00:00Z,2,23,7_2,0,2025,7
189988,539,170,8207680,-99.4692,30.1404,2025-07-03T00:00:00Z,3,0,7_3,1,2025,7
189988,539,170,8207680,-99.4692,30.1404,2025-07-03T01:00:00Z,3,1,7_3,0,2025,7
189988,539,170,8207680,-99.4692,30.1404,2025-07-03T02:00:00Z,3,2,7_3,0,2025,7
189988,539,170,8207680,-99.4692,30.1404,2025-07-03T03:00:00Z,3,3,7_3,0,2025,7
189988,539,170,8207680,-99.4692,30.1404,2025-07-03T04:00:00Z,3,4,7_3,0,2025,7
189988,539,170,8207680,-99.4692,30.1404,2025-07-03T05:00:00Z,3,5,7_3,0,2025,7
189988,539,170,8207680,-99.4692,30.1404,2025-07-03T06:00:00Z,3,6,7_3,0,2025,7
189988,539,170,8207680,-99.4692,30.1404,2025-07-03T07:00:00Z,3,7,7_3,0,2025,7
189988,539,170,8207680,-99.4692,30.1404,2025-07-03T08:00:00Z,3,8,7_3,0,2025,7
189988,539,170,8207680,-99.4692,30.1404,2025-07-03T09:00:00Z,3,9,7_3,0,2025,7
189988,539,170,8207680,-99.4692,30.1404,2025-07-03T10:00:00Z,3,10,7_3,1,2025,7
189988,539,170,8207680,-99.4692,30.1404,2025-07-03T11:00:00Z,3,11,7_3,0,2025,7
189988,539,170,8207680,-99.4692,30.1404,2025-07-03T12:00:00Z,3,12,7_3,0,2025,7
189988,539,170,8207680,-99.4692,30.1404,2025-07-03T13:00:00Z,3,13,7_3,0,2025,7
189988,539,170,8207680,-99.4692,30.1404,2025-07-03T14:00:00Z,3,14,7_3,0,2025,7
189988,539,170,8207680,-99.4692,30.1404,2025-07-03T15:00:00Z,3,15,7_3,0,2025,7
189988,539,170,8207680,-99.4692,30.1404,2025-07-03T16:00:00Z,3,16,7_3,0.5,2025,7
189988,539,170,8207680,-99.4692,30.1404,2025-07-03T17:00:00Z,3,17,7_3,0,2025,7
189988,539,170,8207680,-99.4692,30.1404,2025-07-03T18:00:00Z,3,18,7_3,0,2025,7
189988,539,170,8207680,-99.4692,30.1404,2025-07-03T19:00:00Z,3,19,7_3,0,2025,7
189988,539,170,8207680,-99.4692,30.1404,2025-07-03T20:00:00Z,3,20,7_3,0,2025,7
189988,539,170,8207680,-99.4692,30.1404,2025-07-03T21:00:00Z,3,21,7_3,0,2025,7
189988,539,170,8207680,-99.4692,30.1404,2025-07-03T22:00:00Z,3,22,7_3,0,2025,7
189988,539,170,8207680,-99.4692,30.1404,2025-07-03T23:00:00Z,3,23,7_3,0,2025,7
189988,539,170,8207680,-99.4692,30.1404,2025-07-04T00:00:00Z,4,0,7_4,0,2025,7
189988,539,170,8207680,-99.4692,30.1404,2025-07-04T01:00:00Z,4,1,7_4,0,2025,7
189988,539,170,8207680,-99.4692,30.1404,2025-07-04T02:00:00Z,4,2,7_4,0,2025,7
189988,539,170,8207680,-99.4692,30.1404,2025-07-04T03:00:00Z,4,3,7_4,0,2025,7
189988,539,170,8207680,-99.4692,30.1404,2025-07-04T04:00:00Z,4,4,7_4,0,2025,7
189988,539,170,8207680,-99.4692,30.1404,2025-07-04T05:00:00Z,4,5,7_4,0.25,2025,7
189988,539,170,8207680,-99.4692,30.1404,2025-07-04T06:00:00Z,4,6,7_4,0.125,2025,7
189988,539,170,8207680,-99.4692,30.1404,2025-07-04T07:00:00Z,4,7,7_4,9.5,2025,7
189988,539,170,8207680,-99.4692,30.1404,2025-07-04T08:00:00Z,4,8,7_4,14.625,2025,7
189988,539,170,8207680,-99.4692,30.1404,2025-07-04T09:00:00Z,4,9,7_4,35.5,2025,7
189988,539,170,8207680,-99.4692,30.1404,2025-07-04T10:00:00Z,4,10,7_4,17.375,2025,7
189988,539,170,8207680,-99.4692,30.1404,2025-07-04T11:00:00Z,4,11,7_4,9.125,2025,7
189988,539,170,8207680,-99.4692,30.1404,2025-07-04T12:00:00Z,4,12,7_4,8.75,2025,7
189988,539,170,8207680,-99.4692,30.1404,2025-07-04T13:00:00Z,4,13,7_4,3.625,2025,7
189988,539,170,8207680,-99.4692,30.1404,2025-07-04T14:00:00Z,4,14,7_4,5.125,2025,7
189988,539,170,8207680,-99.4692,30.1404,2025-07-04T15:00:00Z,4,15,7_4,16.125,2025,7
189988,539,170,8207680,-99.4692,30.1404,2025-07-04T16:00:00Z,4,16,7_4,12.125,2025,7
189988,539,170,8207680,-99.4692,30.1404,2025-07-04T17:00:00Z,4,17,7_4,8.625,2025,7
189988,539,170,8207680,-99.4692,30.1404,2025-07-04T18:00:00Z,4,18,7_4,1.125,2025,7
189988,539,170,8207680,-99.4692,30.1404,2025-07-04T19:00:00Z,4,19,7_4,0.375,2025,7
189988,539,170,8207680,-99.4692,30.1404,2025-07-04T20:00:00Z,4,20,7_4,0.125,2025,7
189988,539,170,8207680,-99.4692,30.1404,2025-07-04T21:00:00Z,4,21,7_4,0.25,2025,7
189988,539,170,8207680,-99.4692,30.1404,2025-07-04T22:00:00Z,4,22,7_4,0.125,2025,7
189988,539,170,8207680,-99.4692,30.1404,2025-07-04T23:00:00Z,4,23,7_4,0,2025,7
189989,540,170,2638378,-99.4295,30.1371,2025-07-01T00:00:00Z,1,0,7_1,2,2025,7
189989,540,170,2638378,-99.4295,30.1371,2025-07-01T01:00:00Z,1,1,7_1,0.25,2025,7
189989,540,170,2638378,-99.4295,30.1371,2025-07-01T02:00:00Z,1,2,7_1,0.25,2025,7
189989,540,170,2638378,-99.4295,30.1371,2025-07-01T03:00:00Z,1,3,7_1,0,2025,7
189989,540,170,2638378,-99.4295,30.1371,2025-07-01T04:00:00Z,1,4,7_1,0,2025,7
189989,540,170,2638378,-99.4295,30.1371,2025-07-01T05:00:00Z,1,5,7_1,0,2025,7
189989,540,170,2638378,-99.4295,30.1371,2025-07-01T06:00:00Z,1,6,7_1,0,2025,7
189989,540,170,2638378,-99.4295,30.1371,2025-07-01T07:00:00Z,1,7,7_1,0,2025,7
189989,540,170,2638378,-99.4295,30.1371,2025-07-01T08:00:00Z,1,8,7_1,1.375,2025,7
189989,540,170,2638378,-99.4295,30.1371,2025-07-01T09:00:00Z,1,9,7_1,0.75,2025,7
189989,540,170,2638378,-99.4295,30.1371,2025-07-01T10:00:00Z,1,10,7_1,0.625,2025,7
189989,540,170,2638378,-99.4295,30.1371,2025-07-01T11:00:00Z,1,11,7_1,0,2025,7
189989,540,170,2638378,-99.4295,30.1371,2025-07-01T12:00:00Z,1,12,7_1,0,2025,7
189989,540,170,2638378,-99.4295,30.1371,2025-07-01T13:00:00Z,1,13,7_1,0,2025,7
189989,540,170,2638378,-99.4295,30.1371,2025-07-01T14:00:00Z,1,14,7_1,0,2025,7
189989,540,170,2638378,-99.4295,30.1371,2025-07-01T15:00:00Z,1,15,7_1,0,2025,7
189989,540,170,2638378,-99.4295,30.1371,2025-07-01T16:00:00Z,1,16,7_1,0,2025,7
189989,540,170,2638378,-99.4295,30.1371,2025-07-01T17:00:00Z,1,17,7_1,0,2025,7
189989,540,170,2638378,-99.4295,30.1371,2025-07-01T18:00:00Z,1,18,7_1,0,2025,7
189989,540,170,2638378,-99.4295,30.1371,2025-07-01T19:00:00Z,1,19,7_1,0,2025,7
189989,540,170,2638378,-99.4295,30.1371,2025-07-01T20:00:00Z,1,20,7_1,0,2025,7
189989,540,170,2638378,-99.4295,30.1371,2025-07-01T21:00:00Z,1,21,7_1,0,2025,7
189989,540,170,2638378,-99.4295,30.1371,2025-07-01T22:00:00Z,1,22,7_1,0,2025,7
189989,540,170,2638378,-99.4295,30.1371,2025-07-01T23:00:00Z,1,23,7_1,0,2025,7
189989,540,170,2638378,-99.4295,30.1371,2025-07-02T00:00:00Z,2,0,7_2,0,2025,7
189989,540,170,2638378,-99.4295,30.1371,2025-07-02T01:00:00Z,2,1,7_2,0,2025,7
189989,540,170,2638378,-99.4295,30.1371,2025-07-02T02:00:00Z,2,2,7_2,0,2025,7
189989,540,170,2638378,-99.4295,30.1371,2025-07-02T03:00:00Z,2,3,7_2,0.25,2025,7
189989,540,170,2638378,-99.4295,30.1371,2025-07-02T04:00:00Z,2,4,7_2,0,2025,7
189989,540,170,2638378,-99.4295,30.1371,2025-07-02T05:00:00Z,2,5,7_2,0,2025,7
189989,540,170,2638378,-99.4295,30.1371,2025-07-02T06:00:00Z,2,6,7_2,0,2025,7
189989,540,170,2638378,-99.4295,30.1371,2025-07-02T07:00:00Z,2,7,7_2,0,2025,7
189989,540,170,2638378,-99.4295,30.1371,2025-07-02T08:00:00Z,2,8,7_2,0,2025,7
189989,540,170,2638378,-99.4295,30.1371,2025-07-02T09:00:00Z,2,9,7_2,0,2025,7
189989,540,170,2638378,-99.4295,30.1371,2025-07-02T10:00:00Z,2,10,7_2,0,2025,7
189989,540,170,2638378,-99.4295,30.1371,2025-07-02T11:00:00Z,2,11,7_2,0,2025,7
189989,540,170,2638378,-99.4295,30.1371,2025-07-02T12:00:00Z,2,12,7_2,0,2025,7
189989,540,170,2638378,-99.4295,30.1371,2025-07-02T13:00:00Z,2,13,7_2,0.25,2025,7
189989,540,170,2638378,-99.4295,30.1371,2025-07-02T14:00:00Z,2,14,7_2,0.125,2025,7
189989,540,170,2638378,-99.4295,30.1371,2025-07-02T15:00:00Z,2,15,7_2,0.625,2025,7
189989,540,170,2638378,-99.4295,30.1371,2025-07-02T16:00:00Z,2,16,7_2,0,2025,7
189989,540,170,2638378,-99.4295,30.1371,2025-07-02T17:00:00Z,2,17,7_2,0,2025,7
189989,540,170,2638378,-99.4295,30.1371,2025-07-02T18:00:00Z,2,18,7_2,3.375,2025,7
189989,540,170,2638378,-99.4295,30.1371,2025-07-02T19:00:00Z,2,19,7_2,0.875,2025,7
189989,540,170,2638378,-99.4295,30.1371,2025-07-02T20:00:00Z,2,20,7_2,0,2025,7
189989,540,170,2638378,-99.4295,30.1371,2025-07-02T21:00:00Z,2,21,7_2,2.25,2025,7
189989,540,170,2638378,-99.4295,30.1371,2025-07-02T22:00:00Z,2,22,7_2,0.625,2025,7
189989,540,170,2638378,-99.4295,30.1371,2025-07-02T23:00:00Z,2,23,7_2,0.25,2025,7
189989,540,170,2638378,-99.4295,30.1371,2025-07-03T00:00:00Z,3,0,7_3,1.125,2025,7
189989,540,170,2638378,-99.4295,30.1371,2025-07-03T01:00:00Z,3,1,7_3,0.375,2025,7
189989,540,170,2638378,-99.4295,30.1371,2025-07-03T02:00:00Z,3,2,7_3,0,2025,7
189989,540,170,2638378,-99.4295,30.1371,2025-07-03T03:00:00Z,3,3,7_3,0,2025,7
189989,540,170,2638378,-99.4295,30.1371,2025-07-03T04:00:00Z,3,4,7_3,0,2025,7
189989,540,170,2638378,-99.4295,30.1371,2025-07-03T05:00:00Z,3,5,7_3,0,2025,7
189989,540,170,2638378,-99.4295,30.1371,2025-07-03T06:00:00Z,3,6,7_3,0,2025,7
189989,540,170,2638378,-99.4295,30.1371,2025-07-03T07:00:00Z,3,7,7_3,0,2025,7
189989,540,170,2638378,-99.4295,30.1371,2025-07-03T08:00:00Z,3,8,7_3,0,2025,7
189989,540,170,2638378,-99.4295,30.1371,2025-07-03T09:00:00Z,3,9,7_3,0,2025,7
189989,540,170,2638378,-99.4295,30.1371,2025-07-03T10:00:00Z,3,10,7_3,0.75,2025,7
189989,540,170,2638378,-99.4295,30.1371,2025-07-03T11:00:00Z,3,11,7_3,0,2025,7
189989,540,170,2638378,-99.4295,30.1371,2025-07-03T12:00:00Z,3,12,7_3,0,2025,7
189989,540,170,2638378,-99.4295,30.1371,2025-07-03T13:00:00Z,3,13,7_3,0,2025,7
189989,540,170,2638378,-99.4295,30.1371,2025-07-03T14:00:00Z,3,14,7_3,0,2025,7
189989,540,170,2638378,-99.4295,30.1371,2025-07-03T15:00:00Z,3,15,7_3,0.125,2025,7
189989,540,170,2638378,-99.4295,30.1371,2025-07-03T16:00:00Z,3,16,7_3,0.375,2025,7
189989,540,170,2638378,-99.4295,30.1371,2025-07-03T17:00:00Z,3,17,7_3,0,2025,7
189989,540,170,2638378,-99.4295,30.1371,2025-07-03T18:00:00Z,3,18,7_3,0,2025,7
189989,540,170,2638378,-99.4295,30.1371,2025-07-03T19:00:00Z,3,19,7_3,0,2025,7
189989,540,170,2638378,-99.4295,30.1371,2025-07-03T20:00:00Z,3,20,7_3,0.125,2025,7
189989,540,170,2638378,-99.4295,30.1371,2025-07-03T21:00:00Z,3,21,7_3,0,2025,7
189989,540,170,2638378,-99.4295,30.1371,2025-07-03T22:00:00Z,3,22,7_3,0,2025,7
189989,540,170,2638378,-99.4295,30.1371,2025-07-03T23:00:00Z,3,23,7_3,0,2025,7
189989,540,170,2638378,-99.4295,30.1371,2025-07-04T00:00:00Z,4,0,7_4,0,2025,7
189989,540,170,2638378,-99.4295,30.1371,2025-07-04T01:00:00Z,4,1,7_4,0,2025,7
189989,540,170,2638378,-99.4295,30.1371,2025-07-04T02:00:00Z,4,2,7_4,0,2025,7
189989,540,170,2638378,-99.4295,30.1371,2025-07-04T03:00:00Z,4,3,7_4,0,2025,7
189989,540,170,2638378,-99.4295,30.1371,2025-07-04T04:00:00Z,4,4,7_4,0,2025,7
189989,540,170,2638378,-99.4295,30.1371,2025-07-04T05:00:00Z,4,5,7_4,0.375,2025,7
189989,540,170,2638378,-99.4295,30.1371,2025-07-04T06:00:00Z,4,6,7_4,3,2025,7
189989,540,170,2638378,-99.4295,30.1371,2025-07-04T07:00:00Z,4,7,7_4,14.375,2025,7
189989,540,170,2638378,-99.4295,30.1371,2025-07-04T08:00:00Z,4,8,7_4,22.875,2025,7
189989,540,170,2638378,-99.4295,30.1371,2025-07-04T09:00:00Z,4,9,7_4,35.5,2025,7
189989,540,170,2638378,-99.4295,30.1371,2025-07-04T10:00:00Z,4,10,7_4,32.75,2025,7
189989,540,170,2638378,-99.4295,30.1371,2025-07-04T11:00:00Z,4,11,7_4,5.375,2025,7
189989,540,170,2638378,-99.4295,30.1371,2025-07-04T12:00:00Z,4,12,7_4,6.125,2025,7
189989,540,170,2638378,-99.4295,30.1371,2025-07-04T13:00:00Z,4,13,7_4,3.625,2025,7
189989,540,170,2638378,-99.4295,30.1371,2025-07-04T14:00:00Z,4,14,7_4,3.375,2025,7
189989,540,170,2638378,-99.4295,30.1371,2025-07-04T15:00:00Z,4,15,7_4,21.5,2025,7
189989,540,170,2638378,-99.4295,30.1371,2025-07-04T16:00:00Z,4,16,7_4,15.25,2025,7
189989,540,170,2638378,-99.4295,30.1371,2025-07-04T17:00:00Z,4,17,7_4,8.625,2025,7
189989,540,170,2638378,-99.4295,30.1371,2025-07-04T18:00:00Z,4,18,7_4,1.25,2025,7
189989,540,170,2638378,-99.4295,30.1371,2025-07-04T19:00:00Z,4,19,7_4,0.375,2025,7
189989,540,170,2638378,-99.4295,30.1371,2025-07-04T20:00:00Z,4,20,7_4,0.25,2025,7
189989,540,170,2638378,-99.4295,30.1371,2025-07-04T21:00:00Z,4,21,7_4,0.625,2025,7
189989,540,170,2638378,-99.4295,30.1371,2025-07-04T22:00:00Z,4,22,7_4,0.5,2025,7
189989,540,170,2638378,-99.4295,30.1371,2025-07-04T23:00:00Z,4,23,7_4,0,2025,7
189990,541,170,4185907,-99.3898,30.1337,2025-07-01T00:00:00Z,1,0,7_1,1.25,2025,7
189990,541,170,4185907,-99.3898,30.1337,2025-07-01T01:00:00Z,1,1,7_1,0.25,2025,7
189990,541,170,4185907,-99.3898,30.1337,2025-07-01T02:00:00Z,1,2,7_1,0.5,2025,7
189990,541,170,4185907,-99.3898,30.1337,2025-07-01T03:00:00Z,1,3,7_1,0,2025,7
189990,541,170,4185907,-99.3898,30.1337,2025-07-01T04:00:00Z,1,4,7_1,0,2025,7
189990,541,170,4185907,-99.3898,30.1337,2025-07-01T05:00:00Z,1,5,7_1,0,2025,7
189990,541,170,4185907,-99.3898,30.1337,2025-07-01T06:00:00Z,1,6,7_1,0,2025,7
189990,541,170,4185907,-99.3898,30.1337,2025-07-01T07:00:00Z,1,7,7_1,0,2025,7
189990,541,170,4185907,-99.3898,30.1337,2025-07-01T08:00:00Z,1,8,7_1,1.125,2025,7
189990,541,170,4185907,-99.3898,30.1337,2025-07-01T09:00:00Z,1,9,7_1,0.625,2025,7
189990,541,170,4185907,-99.3898,30.1337,2025-07-01T10:00:00Z,1,10,7_1,0.25,2025,7
189990,541,170,4185907,-99.3898,30.1337,2025-07-01T11:00:00Z,1,11,7_1,0,2025,7
189990,541,170,4185907,-99.3898,30.1337,2025-07-01T12:00:00Z,1,12,7_1,0,2025,7
189990,541,170,4185907,-99.3898,30.1337,2025-07-01T13:00:00Z,1,13,7_1,0,2025,7
189990,541,170,4185907,-99.3898,30.1337,2025-07-01T14:00:00Z,1,14,7_1,0,2025,7
189990,541,170,4185907,-99.3898,30.1337,2025-07-01T15:00:00Z,1,15,7_1,0,2025,7
189990,541,170,4185907,-99.3898,30.1337,2025-07-01T16:00:00Z,1,16,7_1,0,2025,7
189990,541,170,4185907,-99.3898,30.1337,2025-07-01T17:00:00Z,1,17,7_1,0,2025,7
189990,541,170,4185907,-99.3898,30.1337,2025-07-01T18:00:00Z,1,18,7_1,0,2025,7
189990,541,170,4185907,-99.3898,30.1337,2025-07-01T19:00:00Z,1,19,7_1,0,2025,7
189990,541,170,4185907,-99.3898,30.1337,2025-07-01T20:00:00Z,1,20,7_1,0,2025,7
189990,541,170,4185907,-99.3898,30.1337,2025-07-01T21:00:00Z,1,21,7_1,0,2025,7
189990,541,170,4185907,-99.3898,30.1337,2025-07-01T22:00:00Z,1,22,7_1,0,2025,7
189990,541,170,4185907,-99.3898,30.1337,2025-07-01T23:00:00Z,1,23,7_1,0,2025,7
189990,541,170,4185907,-99.3898,30.1337,2025-07-02T00:00:00Z,2,0,7_2,0,2025,7
189990,541,170,4185907,-99.3898,30.1337,2025-07-02T01:00:00Z,2,1,7_2,0,2025,7
189990,541,170,4185907,-99.3898,30.1337,2025-07-02T02:00:00Z,2,2,7_2,0,2025,7
189990,541,170,4185907,-99.3898,30.1337,2025-07-02T03:00:00Z,2,3,7_2,0.25,2025,7
189990,541,170,4185907,-99.3898,30.1337,2025-07-02T04:00:00Z,2,4,7_2,0,2025,7
189990,541,170,4185907,-99.3898,30.1337,2025-07-02T05:00:00Z,2,5,7_2,0,2025,7
189990,541,170,4185907,-99.3898,30.1337,2025-07-02T06:00:00Z,2,6,7_2,0,2025,7
189990,541,170,4185907,-99.3898,30.1337,2025-07-02T07:00:00Z,2,7,7_2,0,2025,7
189990,541,170,4185907,-99.3898,30.1337,2025-07-02T08:00:00Z,2,8,7_2,0,2025,7
189990,541,170,4185907,-99.3898,30.1337,2025-07-02T09:00:00Z,2,9,7_2,0,2025,7
189990,541,170,4185907,-99.3898,30.1337,2025-07-02T10:00:00Z,2,10,7_2,0,2025,7
189990,541,170,4185907,-99.3898,30.1337,2025-07-02T11:00:00Z,2,11,7_2,0,2025,7
189990,541,170,4185907,-99.3898,30.1337,2025-07-02T12:00:00Z,2,12,7_2,0,2025,7
189990,541,170,4185907,-99.3898,30.1337,2025-07-02T13:00:00Z,2,13,7_2,0.125,2025,7
189990,541,170,4185907,-99.3898,30.1337,2025-07-02T14:00:00Z,2,14,7_2,0,2025,7
189990,541,170,4185907,-99.3898,30.1337,2025-07-02T15:00:00Z,2,15,7_2,0.375,2025,7
189990,541,170,4185907,-99.3898,30.1337,2025-07-02T16:00:00Z,2,16,7_2,0,2025,7
189990,541,170,4185907,-99.3898,30.1337,2025-07-02T17:00:00Z,2,17,7_2,0,2025,7
189990,541,170,4185907,-99.3898,30.1337,2025-07-02T18:00:00Z,2,18,7_2,2.625,2025,7
189990,541,170,4185907,-99.3898,30.1337,2025-07-02T19:00:00Z,2,19,7_2,1.25,2025,7
189990,541,170,4185907,-99.3898,30.1337,2025-07-02T20:00:00Z,2,20,7_2,0.125,2025,7
189990,541,170,4185907,-99.3898,30.1337,2025-07-02T21:00:00Z,2,21,7_2,1.875,2025,7
189990,541,170,4185907,-99.3898,30.1337,2025-07-02T22:00:00Z,2,22,7_2,0.625,2025,7
189990,541,170,4185907,-99.3898,30.1337,2025-07-02T23:00:00Z,2,23,7_2,0.375,2025,7
189990,541,170,4185907,-99.3898,30.1337,2025-07-03T00:00:00Z,3,0,7_3,0.75,2025,7
189990,541,170,4185907,-99.3898,30.1337,2025-07-03T01:00:00Z,3,1,7_3,0.375,2025,7
189990,541,170,4185907,-99.3898,30.1337,2025-07-03T02:00:00Z,3,2,7_3,0,2025,7
189990,541,170,4185907,-99.3898,30.1337,2025-07-03T03:00:00Z,3,3,7_3,0,2025,7
189990,541,170,4185907,-99.3898,30.1337,2025-07-03T04:00:00Z,3,4,7_3,0,2025,7
189990,541,170,4185907,-99.3898,30.1337,2025-07-03T05:00:00Z,3,5,7_3,0,2025,7
189990,541,170,4185907,-99.3898,30.1337,2025-07-03T06:00:00Z,3,6,7_3,0,2025,7
189990,541,170,4185907,-99.3898,30.1337,2025-07-03T07:00:00Z,3,7,7_3,0,2025,7
189990,541,170,4185907,-99.3898,30.1337,2025-07-03T08:00:00Z,3,8,7_3,0,2025,7
189990,541,170,4185907,-99.3898,30.1337,2025-07-03T09:00:00Z,3,9,7_3,0,2025,7
189990,541,170,4185907,-99.3898,30.1337,2025-07-03T10:00:00Z,3,10,7_3,0.625,2025,7
189990,541,170,4185907,-99.3898,30.1337,2025-07-03T11:00:00Z,3,11,7_3,0,2025,7
189990,541,170,4185907,-99.3898,30.1337,2025-07-03T12:00:00Z,3,12,7_3,0,2025,7
189990,541,170,4185907,-99.3898,30.1337,2025-07-03T13:00:00Z,3,13,7_3,0,2025,7
189990,541,170,4185907,-99.3898,30.1337,2025-07-03T14:00:00Z,3,14,7_3,0,2025,7
189990,541,170,4185907,-99.3898,30.1337,2025-07-03T15:00:00Z,3,15,7_3,0,2025,7
189990,541,170,4185907,-99.3898,30.1337,2025-07-03T16:00:00Z,3,16,7_3,0.25,2025,7
189990,541,170,4185907,-99.3898,30.1337,2025-07-03T17:00:00Z,3,17,7_3,0,2025,7
189990,541,170,4185907,-99.3898,30.1337,2025-07-03T18:00:00Z,3,18,7_3,0,2025,7
189990,541,170,4185907,-99.3898,30.1337,2025-07-03T19:00:00Z,3,19,7_3,0,2025,7
189990,541,170,4185907,-99.3898,30.1337,2025-07-03T20:00:00Z,3,20,7_3,0.125,2025,7
189990,541,170,4185907,-99.3898,30.1337,2025-07-03T21:00:00Z,3,21,7_3,0,2025,7
189990,541,170,4185907,-99.3898,30.1337,2025-07-03T22:00:00Z,3,22,7_3,0,2025,7
189990,541,170,4185907,-99.3898,30.1337,2025-07-03T23:00:00Z,3,23,7_3,0,2025,7
189990,541,170,4185907,-99.3898,30.1337,2025-07-04T00:00:00Z,4,0,7_4,0,2025,7
189990,541,170,4185907,-99.3898,30.1337,2025-07-04T01:00:00Z,4,1,7_4,0,2025,7
189990,541,170,4185907,-99.3898,30.1337,2025-07-04T02:00:00Z,4,2,7_4,0,2025,7
189990,541,170,4185907,-99.3898,30.1337,2025-07-04T03:00:00Z,4,3,7_4,0,2025,7
189990,541,170,4185907,-99.3898,30.1337,2025-07-04T04:00:00Z,4,4,7_4,0.125,2025,7
189990,541,170,4185907,-99.3898,30.1337,2025-07-04T05:00:00Z,4,5,7_4,0.375,2025,7
189990,541,170,4185907,-99.3898,30.1337,2025-07-04T06:00:00Z,4,6,7_4,4.125,2025,7
189990,541,170,4185907,-99.3898,30.1337,2025-07-04T07:00:00Z,4,7,7_4,19.25,2025,7
189990,541,170,4185907,-99.3898,30.1337,2025-07-04T08:00:00Z,4,8,7_4,31.25,2025,7
189990,541,170,4185907,-99.3898,30.1337,2025-07-04T09:00:00Z,4,9,7_4,32.125,2025,7
189990,541,170,4185907,-99.3898,30.1337,2025-07-04T10:00:00Z,4,10,7_4,43.125,2025,7
189990,541,170,4185907,-99.3898,30.1337,2025-07-04T11:00:00Z,4,11,7_4,3.625,2025,7
189990,541,170,4185907,-99.3898,30.1337,2025-07-04T12:00:00Z,4,12,7_4,4.625,2025,7
189990,541,170,4185907,-99.3898,30.1337,2025-07-04T13:00:00Z,4,13,7_4,3.875,2025,7
189990,541,170,4185907,-99.3898,30.1337,2025-07-04T14:00:00Z,4,14,7_4,2.75,2025,7
189990,541,170,4185907,-99.3898,30.1337,2025-07-04T15:00:00Z,4,15,7_4,25.875,2025,7
189990,541,170,4185907,-99.3898,30.1337,2025-07-04T16:00:00Z,4,16,7_4,21,2025,7
189990,541,170,4185907,-99.3898,30.1337,2025-07-04T17:00:00Z,4,17,7_4,10.125,2025,7
189990,541,170,4185907,-99.3898,30.1337,2025-07-04T18:00:00Z,4,18,7_4,1.375,2025,7
189990,541,170,4185907,-99.3898,30.1337,2025-07-04T19:00:00Z,4,19,7_4,0.625,2025,7
189990,541,170,4185907,-99.3898,30.1337,2025-07-04T20:00:00Z,4,20,7_4,0.375,2025,7
189990,541,170,4185907,-99.3898,30.1337,2025-07-04T21:00:00Z,4,21,7_4,1.25,2025,7
189990,541,170,4185907,-99.3898,30.1337,2025-07-04T22:00:00Z,4,22,7_4,1,2025,7
189990,541,170,4185907,-99.3898,30.1337,2025-07-04T23:00:00Z,4,23,7_4,0,2025,7
189991,542,170,1199313,-99.3501,30.1303,2025-07-01T00:00:00Z,1,0,7_1,0.75,2025,7
189991,542,170,1199313,-99.3501,30.1303,2025-07-01T01:00:00Z,1,1,7_1,0.375,2025,7
189991,542,170,1199313,-99.3501,30.1303,2025-07-01T02:00:00Z,1,2,7_1,0.375,2025,7
189991,542,170,1199313,-99.3501,30.1303,2025-07-01T03:00:00Z,1,3,7_1,0,2025,7
189991,542,170,1199313,-99.3501,30.1303,2025-07-01T04:00:00Z,1,4,7_1,0,2025,7
189991,542,170,1199313,-99.3501,30.1303,2025-07-01T05:00:00Z,1,5,7_1,0,2025,7
189991,542,170,1199313,-99.3501,30.1303,2025-07-01T06:00:00Z,1,6,7_1,0,2025,7
189991,542,170,1199313,-99.3501,30.1303,2025-07-01T07:00:00Z,1,7,7_1,0,2025,7
189991,542,170,1199313,-99.3501,30.1303,2025-07-01T08:00:00Z,1,8,7_1,0.75,2025,7
189991,542,170,1199313,-99.3501,30.1303,2025-07-01T09:00:00Z,1,9,7_1,0.375,2025,7
189991,542,170,1199313,-99.3501,30.1303,2025-07-01T10:00:00Z,1,10,7_1,0,2025,7
189991,542,170,1199313,-99.3501,30.1303,2025-07-01T11:00:00Z,1,11,7_1,0,2025,7
189991,542,170,1199313,-99.3501,30.1303,2025-07-01T12:00:00Z,1,12,7_1,0,2025,7
189991,542,170,1199313,-99.3501,30.1303,2025-07-01T13:00:00Z,1,13,7_1,0,2025,7
189991,542,170,1199313,-99.3501,30.1303,2025-07-01T14:00:00Z,1,14,7_1,0,2025,7
189991,542,170,1199313,-99.3501,30.1303,2025-07-01T15:00:00Z,1,15,7_1,0,2025,7
189991,542,170,1199313,-99.3501,30.1303,2025-07-01T16:00:00Z,1,16,7_1,0,2025,7
189991,542,170,1199313,-99.3501,30.1303,2025-07-01T17:00:00Z,1,17,7_1,0,2025,7
189991,542,170,1199313,-99.3501,30.1303,2025-07-01T18:00:00Z,1,18,7_1,0,2025,7
189991,542,170,1199313,-99.3501,30.1303,2025-07-01T19:00:00Z,1,19,7_1,0,2025,7
189991,542,170,1199313,-99.3501,30.1303,2025-07-01T20:00:00Z,1,20,7_1,0,2025,7
189991,542,170,1199313,-99.3501,30.1303,2025-07-01T21:00:00Z,1,21,7_1,0,2025,7
189991,542,170,1199313,-99.3501,30.1303,2025-07-01T22:00:00Z,1,22,7_1,0,2025,7
189991,542,170,1199313,-99.3501,30.1303,2025-07-01T23:00:00Z,1,23,7_1,0,2025,7
189991,542,170,1199313,-99.3501,30.1303,2025-07-02T00:00:00Z,2,0,7_2,0,2025,7
189991,542,170,1199313,-99.3501,30.1303,2025-07-02T01:00:00Z,2,1,7_2,0,2025,7
189991,542,170,1199313,-99.3501,30.1303,2025-07-02T02:00:00Z,2,2,7_2,0,2025,7
189991,542,170,1199313,-99.3501,30.1303,2025-07-02T03:00:00Z,2,3,7_2,0.125,2025,7
189991,542,170,1199313,-99.3501,30.1303,2025-07-02T04:00:00Z,2,4,7_2,0,2025,7
189991,542,170,1199313,-99.3501,30.1303,2025-07-02T05:00:00Z,2,5,7_2,0,2025,7
189991,542,170,1199313,-99.3501,30.1303,2025-07-02T06:00:00Z,2,6,7_2,0,2025,7
189991,542,170,1199313,-99.3501,30.1303,2025-07-02T07:00:00Z,2,7,7_2,0,2025,7
189991,542,170,1199313,-99.3501,30.1303,2025-07-02T08:00:00Z,2,8,7_2,0,2025,7
189991,542,170,1199313,-99.3501,30.1303,2025-07-02T09:00:00Z,2,9,7_2,0,2025,7
189991,542,170,1199313,-99.3501,30.1303,2025-07-02T10:00:00Z,2,10,7_2,0,2025,7
189991,542,170,1199313,-99.3501,30.1303,2025-07-02T11:00:00Z,2,11,7_2,0,2025,7
189991,542,170,1199313,-99.3501,30.1303,2025-07-02T12:00:00Z,2,12,7_2,0,2025,7
189991,542,170,1199313,-99.3501,30.1303,2025-07-02T13:00:00Z,2,13,7_2,0,2025,7
189991,542,170,1199313,-99.3501,30.1303,2025-07-02T14:00:00Z,2,14,7_2,0,2025,7
189991,542,170,1199313,-99.3501,30.1303,2025-07-02T15:00:00Z,2,15,7_2,0.125,2025,7
189991,542,170,1199313,-99.3501,30.1303,2025-07-02T16:00:00Z,2,16,7_2,0,2025,7
189991,542,170,1199313,-99.3501,30.1303,2025-07-02T17:00:00Z,2,17,7_2,0,2025,7
189991,542,170,1199313,-99.3501,30.1303,2025-07-02T18:00:00Z,2,18,7_2,2.5,2025,7
189991,542,170,1199313,-99.3501,30.1303,2025-07-02T19:00:00Z,2,19,7_2,0.625,2025,7
189991,542,170,1199313,-99.3501,30.1303,2025-07-02T20:00:00Z,2,20,7_2,0.875,2025,7
189991,542,170,1199313,-99.3501,30.1303,2025-07-02T21:00:00Z,2,21,7_2,1.75,2025,7
189991,542,170,1199313,-99.3501,30.1303,2025-07-02T22:00:00Z,2,22,7_2,0.625,2025,7
189991,542,170,1199313,-99.3501,30.1303,2025-07-02T23:00:00Z,2,23,7_2,0.25,2025,7
189991,542,170,1199313,-99.3501,30.1303,2025-07-03T00:00:00Z,3,0,7_3,0,2025,7
189991,542,170,1199313,-99.3501,30.1303,2025-07-03T01:00:00Z,3,1,7_3,0.125,2025,7
189991,542,170,1199313,-99.3501,30.1303,2025-07-03T02:00:00Z,3,2,7_3,0,2025,7
189991,542,170,1199313,-99.3501,30.1303,2025-07-03T03:00:00Z,3,3,7_3,0,2025,7
189991,542,170,1199313,-99.3501,30.1303,2025-07-03T04:00:00Z,3,4,7_3,0,2025,7
189991,542,170,1199313,-99.3501,30.1303,2025-07-03T05:00:00Z,3,5,7_3,0,2025,7
189991,542,170,1199313,-99.3501,30.1303,2025-07-03T06:00:00Z,3,6,7_3,0,2025,7
189991,542,170,1199313,-99.3501,30.1303,2025-07-03T07:00:00Z,3,7,7_3,0,2025,7
189991,542,170,1199313,-99.3501,30.1303,2025-07-03T08:00:00Z,3,8,7_3,0,2025,7
189991,542,170,1199313,-99.3501,30.1303,2025-07-03T09:00:00Z,3,9,7_3,0,2025,7
189991,542,170,1199313,-99.3501,30.1303,2025-07-03T10:00:00Z,3,10,7_3,0.625,2025,7
189991,542,170,1199313,-99.3501,30.1303,2025-07-03T11:00:00Z,3,11,7_3,0,2025,7
189991,542,170,1199313,-99.3501,30.1303,2025-07-03T12:00:00Z,3,12,7_3,0,2025,7
189991,542,170,1199313,-99.3501,30.1303,2025-07-03T13:00:00Z,3,13,7_3,0,2025,7
189991,542,170,1199313,-99.3501,30.1303,2025-07-03T14:00:00Z,3,14,7_3,0,2025,7
189991,542,170,1199313,-99.3501,30.1303,2025-07-03T15:00:00Z,3,15,7_3,0,2025,7
189991,542,170,1199313,-99.3501,30.1303,2025-07-03T16:00:00Z,3,16,7_3,0.125,2025,7
189991,542,170,1199313,-99.3501,30.1303,2025-07-03T17:00:00Z,3,17,7_3,0,2025,7
189991,542,170,1199313,-99.3501,30.1303,2025-07-03T18:00:00Z,3,18,7_3,0,2025,7
189991,542,170,1199313,-99.3501,30.1303,2025-07-03T19:00:00Z,3,19,7_3,0,2025,7
189991,542,170,1199313,-99.3501,30.1303,2025-07-03T20:00:00Z,3,20,7_3,0.125,2025,7
189991,542,170,1199313,-99.3501,30.1303,2025-07-03T21:00:00Z,3,21,7_3,0,2025,7
189991,542,170,1199313,-99.3501,30.1303,2025-07-03T22:00:00Z,3,22,7_3,0,2025,7
189991,542,170,1199313,-99.3501,30.1303,2025-07-03T23:00:00Z,3,23,7_3,0,2025,7
189991,542,170,1199313,-99.3501,30.1303,2025-07-04T00:00:00Z,4,0,7_4,0,2025,7
189991,542,170,1199313,-99.3501,30.1303,2025-07-04T01:00:00Z,4,1,7_4,0,2025,7
189991,542,170,1199313,-99.3501,30.1303,2025-07-04T02:00:00Z,4,2,7_4,0,2025,7
189991,542,170,1199313,-99.3501,30.1303,2025-07-04T03:00:00Z,4,3,7_4,0,2025,7
189991,542,170,1199313,-99.3501,30.1303,2025-07-04T04:00:00Z,4,4,7_4,0.125,2025,7
189991,542,170,1199313,-99.3501,30.1303,2025-07-04T05:00:00Z,4,5,7_4,0.625,2025,7
189991,542,170,1199313,-99.3501,30.1303,2025-07-04T06:00:00Z,4,6,7_4,6,2025,7
189991,542,170,1199313,-99.3501,30.1303,2025-07-04T07:00:00Z,4,7,7_4,21.75,2025,7
189991,542,170,1199313,-99.3501,30.1303,2025-07-04T08:00:00Z,4,8,7_4,35.5,2025,7
189991,542,170,1199313,-99.3501,30.1303,2025-07-04T09:00:00Z,4,9,7_4,25.375,2025,7
189991,542,170,1199313,-99.3501,30.1303,2025-07-04T10:00:00Z,4,10,7_4,53.75,2025,7
189991,542,170,1199313,-99.3501,30.1303,2025-07-04T11:00:00Z,4,11,7_4,3.25,2025,7
189991,542,170,1199313,-99.3501,30.1303,2025-07-04T12:00:00Z,4,12,7_4,4.125,2025,7
189991,542,170,1199313,-99.3501,30.1303,2025-07-04T13:00:00Z,4,13,7_4,3.625,2025,7
189991,542,170,1199313,-99.3501,30.1303,2025-07-04T14:00:00Z,4,14,7_4,2.375,2025,7
189991,542,170,1199313,-99.3501,30.1303,2025-07-04T15:00:00Z,4,15,7_4,25.625,2025,7
189991,542,170,1199313,-99.3501,30.1303,2025-07-04T16:00:00Z,4,16,7_4,28.125,2025,7
189991,542,170,1199313,-99.3501,30.1303,2025-07-04T17:00:00Z,4,17,7_4,10.875,2025,7
189991,542,170,1199313,-99.3501,30.1303,2025-07-04T18:00:00Z,4,18,7_4,1.375,2025,7
189991,542,170,1199313,-99.3501,30.1303,2025-07-04T19:00:00Z,4,19,7_4,0.75,2025,7
189991,542,170,1199313,-99.3501,30.1303,2025-07-04T20:00:00Z,4,20,7_4,0.375,2025,7
189991,542,170,1199313,-99.3501,30.1303,2025-07-04T21:00:00Z,4,21,7_4,1.625,2025,7
189991,542,170,1199313,-99.3501,30.1303,2025-07-04T22:00:00Z,4,22,7_4,1.375,2025,7
189991,542,170,1199313,-99.3501,30.1303,2025-07-04T23:00:00Z,4,23,7_4,0,2025,7
191107,537,171,296300,-99.5447,30.1813,2025-07-01T00:00:00Z,1,0,7_1,3.25,2025,7
191107,537,171,296300,-99.5447,30.1813,2025-07-01T01:00:00Z,1,1,7_1,1,2025,7
191107,537,171,296300,-99.5447,30.1813,2025-07-01T02:00:00Z,1,2,7_1,0,2025,7
191107,537,171,296300,-99.5447,30.1813,2025-07-01T03:00:00Z,1,3,7_1,0,2025,7
191107,537,171,296300,-99.5447,30.1813,2025-07-01T04:00:00Z,1,4,7_1,0,2025,7
191107,537,171,296300,-99.5447,30.1813,2025-07-01T05:00:00Z,1,5,7_1,0,2025,7
191107,537,171,296300,-99.5447,30.1813,2025-07-01T06:00:00Z,1,6,7_1,0.375,2025,7
191107,537,171,296300,-99.5447,30.1813,2025-07-01T07:00:00Z,1,7,7_1,0,2025,7
191107,537,171,296300,-99.5447,30.1813,2025-07-01T08:00:00Z,1,8,7_1,1.375,2025,7
191107,537,171,296300,-99.5447,30.1813,2025-07-01T09:00:00Z,1,9,7_1,0.5,2025,7
191107,537,171,296300,-99.5447,30.1813,2025-07-01T10:00:00Z,1,10,7_1,1.375,2025,7
191107,537,171,296300,-99.5447,30.1813,2025-07-01T11:00:00Z,1,11,7_1,0.5,2025,7
191107,537,171,296300,-99.5447,30.1813,2025-07-01T12:00:00Z,1,12,7_1,0,2025,7
191107,537,171,296300,-99.5447,30.1813,2025-07-01T13:00:00Z,1,13,7_1,0,2025,7
191107,537,171,296300,-99.5447,30.1813,2025-07-01T14:00:00Z,1,14,7_1,0,2025,7
191107,537,171,296300,-99.5447,30.1813,2025-07-01T15:00:00Z,1,15,7_1,0,2025,7
191107,537,171,296300,-99.5447,30.1813,2025-07-01T16:00:00Z,1,16,7_1,0,2025,7
191107,537,171,296300,-99.5447,30.1813,2025-07-01T17:00:00Z,1,17,7_1,1.125,2025,7
191107,537,171,296300,-99.5447,30.1813,2025-07-01T18:00:00Z,1,18,7_1,1,2025,7
191107,537,171,296300,-99.5447,30.1813,2025-07-01T19:00:00Z,1,19,7_1,0.125,2025,7
191107,537,171,296300,-99.5447,30.1813,2025-07-01T20:00:00Z,1,20,7_1,0,2025,7
191107,537,171,296300,-99.5447,30.1813,2025-07-01T21:00:00Z,1,21,7_1,0,2025,7
191107,537,171,296300,-99.5447,30.1813,2025-07-01T22:00:00Z,1,22,7_1,0,2025,7
191107,537,171,296300,-99.5447,30.1813,2025-07-01T23:00:00Z,1,23,7_1,0,2025,7
191107,537,171,296300,-99.5447,30.1813,2025-07-02T00:00:00Z,2,0,7_2,0,2025,7
191107,537,171,296300,-99.5447,30.1813,2025-07-02T01:00:00Z,2,1,7_2,0,2025,7
191107,537,171,296300,-99.5447,30.1813,2025-07-02T02:00:00Z,2,2,7_2,0,2025,7
191107,537,171,296300,-99.5447,30.1813,2025-07-02T03:00:00Z,2,3,7_2,0.125,2025,7
191107,537,171,296300,-99.5447,30.1813,2025-07-02T04:00:00Z,2,4,7_2,1,2025,7
191107,537,171,296300,-99.5447,30.1813,2025-07-02T05:00:00Z,2,5,7_2,0,2025,7
191107,537,171,296300,-99.5447,30.1813,2025-07-02T06:00:00Z,2,6,7_2,0,2025,7
191107,537,171,296300,-99.5447,30.1813,2025-07-02T07:00:00Z,2,7,7_2,0,2025,7
191107,537,171,296300,-99.5447,30.1813,2025-07-02T08:00:00Z,2,8,7_2,0,2025,7
191107,537,171,296300,-99.5447,30.1813,2025-07-02T09:00:00Z,2,9,7_2,0,2025,7
191107,537,171,296300,-99.5447,30.1813,2025-07-02T10:00:00Z,2,10,7_2,0,2025,7
191107,537,171,296300,-99.5447,30.1813,2025-07-02T11:00:00Z,2,11,7_2,0,2025,7
191107,537,171,296300,-99.5447,30.1813,2025-07-02T12:00:00Z,2,12,7_2,0,2025,7
191107,537,171,296300,-99.5447,30.1813,2025-07-02T13:00:00Z,2,13,7_2,0.25,2025,7
191107,537,171,296300,-99.5447,30.1813,2025-07-02T14:00:00Z,2,14,7_2,0.125,2025,7
191107,537,171,296300,-99.5447,30.1813,2025-07-02T15:00:00Z,2,15,7_2,0.625,2025,7
191107,537,171,296300,-99.5447,30.1813,2025-07-02T16:00:00Z,2,16,7_2,0,2025,7
191107,537,171,296300,-99.5447,30.1813,2025-07-02T17:00:00Z,2,17,7_2,0,2025,7
191107,537,171,296300,-99.5447,30.1813,2025-07-02T18:00:00Z,2,18,7_2,2.875,2025,7
191107,537,171,296300,-99.5447,30.1813,2025-07-02T19:00:00Z,2,19,7_2,1.375,2025,7
191107,537,171,296300,-99.5447,30.1813,2025-07-02T20:00:00Z,2,20,7_2,3,2025,7
191107,537,171,296300,-99.5447,30.1813,2025-07-02T21:00:00Z,2,21,7_2,2.25,2025,7
191107,537,171,296300,-99.5447,30.1813,2025-07-02T22:00:00Z,2,22,7_2,0.75,2025,7
191107,537,171,296300,-99.5447,30.1813,2025-07-02T23:00:00Z,2,23,7_2,0.75,2025,7
191107,537,171,296300,-99.5447,30.1813,2025-07-03T00:00:00Z,3,0,7_3,0.625,2025,7
191107,537,171,296300,-99.5447,30.1813,2025-07-03T01:00:00Z,3,1,7_3,0,2025,7
191107,537,171,296300,-99.5447,30.1813,2025-07-03T02:00:00Z,3,2,7_3,0,2025,7
191107,537,171,296300,-99.5447,30.1813,2025-07-03T03:00:00Z,3,3,7_3,0,2025,7
191107,537,171,296300,-99.5447,30.1813,2025-07-03T04:00:00Z,3,4,7_3,0,2025,7
191107,537,171,296300,-99.5447,30.1813,2025-07-03T05:00:00Z,3,5,7_3,0,2025,7
191107,537,171,296300,-99.5447,30.1813,2025-07-03T06:00:00Z,3,6,7_3,0,2025,7
191107,537,171,296300,-99.5447,30.1813,2025-07-03T07:00:00Z,3,7,7_3,0,2025,7
191107,537,171,296300,-99.5447,30.1813,2025-07-03T08:00:00Z,3,8,7_3,0,2025,7
191107,537,171,296300,-99.5447,30.1813,2025-07-03T09:00:00Z,3,9,7_3,0,2025,7
191107,537,171,296300,-99.5447,30.1813,2025-07-03T10:00:00Z,3,10,7_3,0,2025,7
191107,537,171,296300,-99.5447,30.1813,2025-07-03T11:00:00Z,3,11,7_3,0,2025,7
191107,537,171,296300,-99.5447,30.1813,2025-07-03T12:00:00Z,3,12,7_3,0,2025,7
191107,537,171,296300,-99.5447,30.1813,2025-07-03T13:00:00Z,3,13,7_3,0,2025,7
191107,537,171,296300,-99.5447,30.1813,2025-07-03T14:00:00Z,3,14,7_3,0,2025,7
191107,537,171,296300,-99.5447,30.1813,2025-07-03T15:00:00Z,3,15,7_3,0,2025,7
191107,537,171,296300,-99.5447,30.1813,2025-07-03T16:00:00Z,3,16,7_3,0.625,2025,7
191107,537,171,296300,-99.5447,30.1813,2025-07-03T17:00:00Z,3,17,7_3,0,2025,7
191107,537,171,296300,-99.5447,30.1813,2025-07-03T18:00:00Z,3,18,7_3,0,2025,7
191107,537,171,296300,-99.5447,30.1813,2025-07-03T19:00:00Z,3,19,7_3,0.25,2025,7
191107,537,171,296300,-99.5447,30.1813,2025-07-03T20:00:00Z,3,20,7_3,0,2025,7
191107,537,171,296300,-99.5447,30.1813,2025-07-03T21:00:00Z,3,21,7_3,0,2025,7
191107,537,171,296300,-99.5447,30.1813,2025-07-03T22:00:00Z,3,22,7_3,0,2025,7
191107,537,171,296300,-99.5447,30.1813,2025-07-03T23:00:00Z,3,23,7_3,0,2025,7
191107,537,171,296300,-99.5447,30.1813,2025-07-04T00:00:00Z,4,0,7_4,0.125,2025,7
191107,537,171,296300,-99.5447,30.1813,2025-07-04T01:00:00Z,4,1,7_4,0,2025,7
191107,537,171,296300,-99.5447,30.1813,2025-07-04T02:00:00Z,4,2,7_4,0,2025,7
191107,537,171,296300,-99.5447,30.1813,2025-07-04T03:00:00Z,4,3,7_4,0,2025,7
191107,537,171,296300,-99.5447,30.1813,2025-07-04T04:00:00Z,4,4,7_4,0,2025,7
191107,537,171,296300,-99.5447,30.1813,2025-07-04T05:00:00Z,4,5,7_4,0.25,2025,7
191107,537,171,296300,-99.5447,30.1813,2025-07-04T06:00:00Z,4,6,7_4,0.125,2025,7
191107,537,171,296300,-99.5447,30.1813,2025-07-04T07:00:00Z,4,7,7_4,4.375,2025,7
191107,537,171,296300,-99.5447,30.1813,2025-07-04T08:00:00Z,4,8,7_4,8,2025,7
191107,537,171,296300,-99.5447,30.1813,2025-07-04T09:00:00Z,4,9,7_4,13.125,2025,7
191107,537,171,296300,-99.5447,30.1813,2025-07-04T10:00:00Z,4,10,7_4,1.375,2025,7
191107,537,171,296300,-99.5447,30.1813,2025-07-04T11:00:00Z,4,11,7_4,11.25,2025,7
191107,537,171,296300,-99.5447,30.1813,2025-07-04T12:00:00Z,4,12,7_4,25.125,2025,7
191107,537,171,296300,-99.5447,30.1813,2025-07-04T13:00:00Z,4,13,7_4,5,2025,7
191107,537,171,296300,-99.5447,30.1813,2025-07-04T14:00:00Z,4,14,7_4,5.375,2025,7
191107,537,171,296300,-99.5447,30.1813,2025-07-04T15:00:00Z,4,15,7_4,20.25,2025,7
191107,537,171,296300,-99.5447,30.1813,2025-07-04T16:00:00Z,4,16,7_4,12.625,2025,7
191107,537,171,296300,-99.5447,30.1813,2025-07-04T17:00:00Z,4,17,7_4,5.375,2025,7
191107,537,171,296300,-99.5447,30.1813,2025-07-04T18:00:00Z,4,18,7_4,0.375,2025,7
191107,537,171,296300,-99.5447,30.1813,2025-07-04T19:00:00Z,4,19,7_4,0.25,2025,7
191107,537,171,296300,-99.5447,30.1813,2025-07-04T20:00:00Z,4,20,7_4,0,2025,7
191107,537,171,296300,-99.5447,30.1813,2025-07-04T21:00:00Z,4,21,7_4,0,2025,7
191107,537,171,296300,-99.5447,30.1813,2025-07-04T22:00:00Z,4,22,7_4,0,2025,7
191107,537,171,296300,-99.5447,30.1813,2025-07-04T23:00:00Z,4,23,7_4,0,2025,7
191108,538,171,354331,-99.505,30.178,2025-07-01T00:00:00Z,1,0,7_1,2.875,2025,7
191108,538,171,354331,-99.505,30.178,2025-07-01T01:00:00Z,1,1,7_1,0.75,2025,7
191108,538,171,354331,-99.505,30.178,2025-07-01T02:00:00Z,1,2,7_1,0,2025,7
191108,538,171,354331,-99.505,30.178,2025-07-01T03:00:00Z,1,3,7_1,0,2025,7
191108,538,171,354331,-99.505,30.178,2025-07-01T04:00:00Z,1,4,7_1,0,2025,7
191108,538,171,354331,-99.505,30.178,2025-07-01T05:00:00Z,1,5,7_1,0,2025,7
191108,538,171,354331,-99.505,30.178,2025-07-01T06:00:00Z,1,6,7_1,0.125,2025,7
191108,538,171,354331,-99.505,30.178,2025-07-01T07:00:00Z,1,7,7_1,0,2025,7
191108,538,171,354331,-99.505,30.178,2025-07-01T08:00:00Z,1,8,7_1,1.75,2025,7
191108,538,171,354331,-99.505,30.178,2025-07-01T09:00:00Z,1,9,7_1,0.5,2025,7
191108,538,171,354331,-99.505,30.178,2025-07-01T10:00:00Z,1,10,7_1,0.875,2025,7
191108,538,171,354331,-99.505,30.178,2025-07-01T11:00:00Z,1,11,7_1,0.125,2025,7
191108,538,171,354331,-99.505,30.178,2025-07-01T12:00:00Z,1,12,7_1,0,2025,7
191108,538,171,354331,-99.505,30.178,2025-07-01T13:00:00Z,1,13,7_1,0,2025,7
191108,538,171,354331,-99.505,30.178,2025-07-01T14:00:00Z,1,14,7_1,0,2025,7
191108,538,171,354331,-99.505,30.178,2025-07-01T15:00:00Z,1,15,7_1,0,2025,7
191108,538,171,354331,-99.505,30.178,2025-07-01T16:00:00Z,1,16,7_1,0,2025,7
191108,538,171,354331,-99.505,30.178,2025-07-01T17:00:00Z,1,17,7_1,0.625,2025,7
191108,538,171,354331,-99.505,30.178,2025-07-01T18:00:00Z,1,18,7_1,0.875,2025,7
191108,538,171,354331,-99.505,30.178,2025-07-01T19:00:00Z,1,19,7_1,0,2025,7
191108,538,171,354331,-99.505,30.178,2025-07-01T20:00:00Z,1,20,7_1,0,2025,7
191108,538,171,354331,-99.505,30.178,2025-07-01T21:00:00Z,1,21,7_1,0,2025,7
191108,538,171,354331,-99.505,30.178,2025-07-01T22:00:00Z,1,22,7_1,0,2025,7
191108,538,171,354331,-99.505,30.178,2025-07-01T23:00:00Z,1,23,7_1,0,2025,7
191108,538,171,354331,-99.505,30.178,2025-07-02T00:00:00Z,2,0,7_2,0,2025,7
191108,538,171,354331,-99.505,30.178,2025-07-02T01:00:00Z,2,1,7_2,0,2025,7
191108,538,171,354331,-99.505,30.178,2025-07-02T02:00:00Z,2,2,7_2,0,2025,7
191108,538,171,354331,-99.505,30.178,2025-07-02T03:00:00Z,2,3,7_2,0.25,2025,7
191108,538,171,354331,-99.505,30.178,2025-07-02T04:00:00Z,2,4,7_2,0.5,2025,7
191108,538,171,354331,-99.505,30.178,2025-07-02T05:00:00Z,2,5,7_2,0,2025,7
191108,538,171,354331,-99.505,30.178,2025-07-02T06:00:00Z,2,6,7_2,0,2025,7
191108,538,171,354331,-99.505,30.178,2025-07-02T07:00:00Z,2,7,7_2,0,2025,7
191108,538,171,354331,-99.505,30.178,2025-07-02T08:00:00Z,2,8,7_2,0,2025,7
191108,538,171,354331,-99.505,30.178,2025-07-02T09:00:00Z,2,9,7_2,0,2025,7
191108,538,171,354331,-99.505,30.178,2025-07-02T10:00:00Z,2,10,7_2,0,2025,7
191108,538,171,354331,-99.505,30.178,2025-07-02T11:00:00Z,2,11,7_2,0,2025,7
191108,538,171,354331,-99.505,30.178,2025-07-02T12:00:00Z,2,12,7_2,0,2025,7
191108,538,171,354331,-99.505,30.178,2025-07-02T13:00:00Z,2,13,7_2,0.25,2025,7
191108,538,171,354331,-99.505,30.178,2025-07-02T14:00:00Z,2,14,7_2,0,2025,7
191108,538,171,354331,-99.505,30.178,2025-07-02T15:00:00Z,2,15,7_2,1.125,2025,7
191108,538,171,354331,-99.505,30.178,2025-07-02T16:00:00Z,2,16,7_2,0,2025,7
191108,538,171,354331,-99.505,30.178,2025-07-02T17:00:00Z,2,17,7_2,0,2025,7
191108,538,171,354331,-99.505,30.178,2025-07-02T18:00:00Z,2,18,7_2,3.125,2025,7
191108,538,171,354331,-99.505,30.178,2025-07-02T19:00:00Z,2,19,7_2,1.25,2025,7
191108,538,171,354331,-99.505,30.178,2025-07-02T20:00:00Z,2,20,7_2,1.625,2025,7
191108,538,171,354331,-99.505,30.178,2025-07-02T21:00:00Z,2,21,7_2,2.375,2025,7
191108,538,171,354331,-99.505,30.178,2025-07-02T22:00:00Z,2,22,7_2,0.625,2025,7
191108,538,171,354331,-99.505,30.178,2025-07-02T23:00:00Z,2,23,7_2,0.375,2025,7
191108,538,171,354331,-99.505,30.178,2025-07-03T00:00:00Z,3,0,7_3,0.875,2025,7
191108,538,171,354331,-99.505,30.178,2025-07-03T01:00:00Z,3,1,7_3,0,2025,7
191108,538,171,354331,-99.505,30.178,2025-07-03T02:00:00Z,3,2,7_3,0,2025,7
191108,538,171,354331,-99.505,30.178,2025-07-03T03:00:00Z,3,3,7_3,0,2025,7
191108,538,171,354331,-99.505,30.178,2025-07-03T04:00:00Z,3,4,7_3,0,2025,7
191108,538,171,354331,-99.505,30.178,2025-07-03T05:00:00Z,3,5,7_3,0,2025,7
191108,538,171,354331,-99.505,30.178,2025-07-03T06:00:00Z,3,6,7_3,0,2025,7
191108,538,171,354331,-99.505,30.178,2025-07-03T07:00:00Z,3,7,7_3,0,2025,7
191108,538,171,354331,-99.505,30.178,2025-07-03T08:00:00Z,3,8,7_3,0,2025,7
191108,538,171,354331,-99.505,30.178,2025-07-03T09:00:00Z,3,9,7_3,0,2025,7
191108,538,171,354331,-99.505,30.178,2025-07-03T10:00:00Z,3,10,7_3,0,2025,7
191108,538,171,354331,-99.505,30.178,2025-07-03T11:00:00Z,3,11,7_3,0,2025,7
191108,538,171,354331,-99.505,30.178,2025-07-03T12:00:00Z,3,12,7_3,0,2025,7
191108,538,171,354331,-99.505,30.178,2025-07-03T13:00:00Z,3,13,7_3,0,2025,7
191108,538,171,354331,-99.505,30.178,2025-07-03T14:00:00Z,3,14,7_3,0,2025,7
191108,538,171,354331,-99.505,30.178,2025-07-03T15:00:00Z,3,15,7_3,0,2025,7
191108,538,171,354331,-99.505,30.178,2025-07-03T16:00:00Z,3,16,7_3,0.75,2025,7
191108,538,171,354331,-99.505,30.178,2025-07-03T17:00:00Z,3,17,7_3,0,2025,7
191108,538,171,354331,-99.505,30.178,2025-07-03T18:00:00Z,3,18,7_3,0,2025,7
191108,538,171,354331,-99.505,30.178,2025-07-03T19:00:00Z,3,19,7_3,0,2025,7
191108,538,171,354331,-99.505,30.178,2025-07-03T20:00:00Z,3,20,7_3,0,2025,7
191108,538,171,354331,-99.505,30.178,2025-07-03T21:00:00Z,3,21,7_3,0,2025,7
191108,538,171,354331,-99.505,30.178,2025-07-03T22:00:00Z,3,22,7_3,0,2025,7
191108,538,171,354331,-99.505,30.178,2025-07-03T23:00:00Z,3,23,7_3,0,2025,7
191108,538,171,354331,-99.505,30.178,2025-07-04T00:00:00Z,4,0,7_4,0.125,2025,7
191108,538,171,354331,-99.505,30.178,2025-07-04T01:00:00Z,4,1,7_4,0,2025,7
191108,538,171,354331,-99.505,30.178,2025-07-04T02:00:00Z,4,2,7_4,0,2025,7
191108,538,171,354331,-99.505,30.178,2025-07-04T03:00:00Z,4,3,7_4,0,2025,7
191108,538,171,354331,-99.505,30.178,2025-07-04T04:00:00Z,4,4,7_4,0,2025,7
191108,538,171,354331,-99.505,30.178,2025-07-04T05:00:00Z,4,5,7_4,0.25,2025,7
191108,538,171,354331,-99.505,30.178,2025-07-04T06:00:00Z,4,6,7_4,0,2025,7
191108,538,171,354331,-99.505,30.178,2025-07-04T07:00:00Z,4,7,7_4,5.75,2025,7
191108,538,171,354331,-99.505,30.178,2025-07-04T08:00:00Z,4,8,7_4,9,2025,7
191108,538,171,354331,-99.505,30.178,2025-07-04T09:00:00Z,4,9,7_4,26.375,2025,7
191108,538,171,354331,-99.505,30.178,2025-07-04T10:00:00Z,4,10,7_4,4.5,2025,7
191108,538,171,354331,-99.505,30.178,2025-07-04T11:00:00Z,4,11,7_4,10,2025,7
191108,538,171,354331,-99.505,30.178,2025-07-04T12:00:00Z,4,12,7_4,22,2025,7
191108,538,171,354331,-99.505,30.178,2025-07-04T13:00:00Z,4,13,7_4,6.5,2025,7
191108,538,171,354331,-99.505,30.178,2025-07-04T14:00:00Z,4,14,7_4,5.75,2025,7
191108,538,171,354331,-99.505,30.178,2025-07-04T15:00:00Z,4,15,7_4,20.5,2025,7
191108,538,171,354331,-99.505,30.178,2025-07-04T16:00:00Z,4,16,7_4,11.25,2025,7
191108,538,171,354331,-99.505,30.178,2025-07-04T17:00:00Z,4,17,7_4,7.25,2025,7
191108,538,171,354331,-99.505,30.178,2025-07-04T18:00:00Z,4,18,7_4,0.375,2025,7
191108,538,171,354331,-99.505,30.178,2025-07-04T19:00:00Z,4,19,7_4,0.25,2025,7
191108,538,171,354331,-99.505,30.178,2025-07-04T20:00:00Z,4,20,7_4,0,2025,7
191108,538,171,354331,-99.505,30.178,2025-07-04T21:00:00Z,4,21,7_4,0,2025,7
191108,538,171,354331,-99.505,30.178,2025-07-04T22:00:00Z,4,22,7_4,0,2025,7
191108,538,171,354331,-99.505,30.178,2025-07-04T23:00:00Z,4,23,7_4,0,2025,7
